repetition,approach,best_alpha,offline_mean_reward,online_mean_reward,offline_data_steps,offline_eval_steps,online_eval_steps,online_valid_steps,delta,sigma,sigma_true,sigma_hat,sigma_ratio,underestimate
0,rejection+true,12.760930781150906,0.2801344705745577,0.04398364732848597,100,30,2000,2000,0.1,1.0,1.0,1.013038001541262,1.013038001541262,0
0,rejection+hat,12.760930781150906,0.2801344705745577,0.04553364732848599,100,30,2000,2000,0.1,1.0,1.0,1.013038001541262,1.013038001541262,0
0,plugin+true,19.952623149688797,0.2450904049814501,0.04568364732848591,100,30,2000,2000,0.1,1.0,1.0,1.013038001541262,1.013038001541262,0
0,plugin+hat,0.22846702651445452,0.22502951301413118,0.09283364732848583,100,30,2000,2000,0.1,1.0,1.0,1.013038001541262,1.013038001541262,0
1,rejection+true,2.135068261712694,-0.1134670833746592,0.04677233835100376,100,30,2000,2000,0.1,1.0,1.0,1.036871477053335,1.036871477053335,0
1,rejection+hat,2.135068261712694,-0.11392152284582453,0.04472233835100374,100,30,2000,2000,0.1,1.0,1.0,1.036871477053335,1.036871477053335,0
1,plugin+true,0.02444754724726473,0.060680750354474434,-0.02727766164899624,100,30,2000,2000,0.1,1.0,1.0,1.036871477053335,1.036871477053335,0
1,plugin+hat,1.3655075874659035,0.049233608723013564,0.04297233835100369,100,30,2000,2000,0.1,1.0,1.0,1.036871477053335,1.036871477053335,0
2,rejection+true,19.952623149688797,-0.11782398180415232,0.030062175000163397,100,30,2000,2000,0.1,1.0,1.0,0.9527821412413934,0.9527821412413934,1
2,rejection+hat,19.952623149688797,-0.11782398180415232,0.030412175000163348,100,30,2000,2000,0.1,1.0,1.0,0.9527821412413934,0.9527821412413934,1
2,plugin+true,5.219718220435647,-0.014290577858733399,0.03741217500016337,100,30,2000,2000,0.1,1.0,1.0,0.9527821412413934,0.9527821412413934,1
2,plugin+hat,0.05976825664072413,-0.013389195486029898,-0.019887824999836635,100,30,2000,2000,0.1,1.0,1.0,0.9527821412413934,0.9527821412413934,1
3,rejection+true,3.338331126107119,0.18530276566743847,0.02493394382965895,100,30,2000,2000,0.1,1.0,1.0,0.9715034373349413,0.9715034373349413,1
3,rejection+hat,3.338331126107119,0.18530276566743847,0.019633943829658943,100,30,2000,2000,0.1,1.0,1.0,0.9715034373349413,0.9715034373349413,1
3,plugin+true,0.09345192145605369,0.45233380496554565,0.065183943829659,100,30,2000,2000,0.1,1.0,1.0,0.9715034373349413,0.9715034373349413,1
3,plugin+hat,0.8733261623828429,0.3809844029665805,0.05833394382965898,100,30,2000,2000,0.1,1.0,1.0,0.9715034373349413,0.9715034373349413,1
4,rejection+true,0.01,-0.0014344306041797002,0.10183469244220548,100,30,2000,2000,0.1,1.0,1.0,1.05958901468708,1.05958901468708,0
4,rejection+hat,8.161400793251818,0.012108712270855906,0.057384692442205266,100,30,2000,2000,0.1,1.0,1.0,1.05958901468708,1.05958901468708,0
4,plugin+true,8.161400793251818,-0.036557061239035946,0.05903469244220529,100,30,2000,2000,0.1,1.0,1.0,1.05958901468708,1.05958901468708,0
4,plugin+hat,0.558545842515421,-0.023837905274699173,0.07258469244220545,100,30,2000,2000,0.1,1.0,1.0,1.05958901468708,1.05958901468708,0
5,rejection+true,2.135068261712694,0.2960886472215255,0.06118629262798231,100,30,2000,2000,0.1,1.0,1.0,0.8643310049161238,0.8643310049161238,1
5,rejection+hat,2.135068261712694,0.2960886472215255,0.07178629262798228,100,30,2000,2000,0.1,1.0,1.0,0.8643310049161238,0.8643310049161238,1
5,plugin+true,0.1461187278110747,0.3292032963744626,0.09453629262798244,100,30,2000,2000,0.1,1.0,1.0,0.8643310049161238,0.8643310049161238,1
5,plugin+hat,0.558545842515421,0.2909999079021789,0.09448629262798246,100,30,2000,2000,0.1,1.0,1.0,0.8643310049161238,0.8643310049161238,1
6,rejection+true,1.3655075874659035,0.039654773473739614,0.07236302617357725,100,30,2000,2000,0.1,1.0,1.0,0.942236779489693,0.942236779489693,1
6,rejection+hat,1.3655075874659035,0.039654773473739614,0.07826302617357729,100,30,2000,2000,0.1,1.0,1.0,0.942236779489693,0.942236779489693,1
6,plugin+true,0.02444754724726473,0.1298778490587126,0.09756302617357729,100,30,2000,2000,0.1,1.0,1.0,0.942236779489693,0.942236779489693,1
6,plugin+hat,0.1461187278110747,0.09874439512311114,0.09746302617357729,100,30,2000,2000,0.1,1.0,1.0,0.942236779489693,0.942236779489693,1
7,rejection+true,3.338331126107119,0.21240449659526348,0.03472889517551998,100,30,2000,2000,0.1,1.0,1.0,0.9665007910924451,0.9665007910924451,1
7,rejection+hat,3.338331126107119,0.21240449659526348,0.03637889517551993,100,30,2000,2000,0.1,1.0,1.0,0.9665007910924451,0.9665007910924451,1
7,plugin+true,0.03822547943598284,0.08782272249669751,-0.029721104824480173,100,30,2000,2000,0.1,1.0,1.0,0.9665007910924451,0.9665007910924451,1
7,plugin+hat,0.8733261623828429,0.09958328822091897,0.0655288951755199,100,30,2000,2000,0.1,1.0,1.0,0.9665007910924451,0.9665007910924451,1
8,rejection+true,1.3655075874659035,0.36091760334869233,0.04519736917856689,100,30,2000,2000,0.1,1.0,1.0,1.1038210672019362,1.1038210672019362,0
8,rejection+hat,19.952623149688797,0.352452423547705,0.016697369178566908,100,30,2000,2000,0.1,1.0,1.0,1.1038210672019362,1.1038210672019362,0
8,plugin+true,0.35722445018714644,0.2630450798570393,0.0557973691785669,100,30,2000,2000,0.1,1.0,1.0,1.1038210672019362,1.1038210672019362,0
8,plugin+hat,0.02444754724726473,0.20430504334082955,-0.035952630821433164,100,30,2000,2000,0.1,1.0,1.0,1.1038210672019362,1.1038210672019362,0
9,rejection+true,0.1461187278110747,0.2869614437222481,0.010570435323452452,100,30,2000,2000,0.1,1.0,1.0,1.0519382871552267,1.0519382871552267,0
9,rejection+hat,0.558545842515421,0.23538004904985424,0.04907043532345246,100,30,2000,2000,0.1,1.0,1.0,1.0519382871552267,1.0519382871552267,0
9,plugin+true,0.35722445018714644,0.39552589104520164,0.09987043532345255,100,30,2000,2000,0.1,1.0,1.0,1.0519382871552267,1.0519382871552267,0
9,plugin+hat,1.3655075874659035,0.3331628907082755,0.09312043532345254,100,30,2000,2000,0.1,1.0,1.0,1.0519382871552267,1.0519382871552267,0
10,rejection+true,3.338331126107119,0.17150725039343043,0.07816543534724313,100,30,2000,2000,0.1,1.0,1.0,0.913491137321977,0.913491137321977,1
10,rejection+hat,12.760930781150906,0.15035538611312707,0.07141543534724308,100,30,2000,2000,0.1,1.0,1.0,0.913491137321977,0.913491137321977,1
10,plugin+true,0.558545842515421,0.1637036892446601,0.11286543534724329,100,30,2000,2000,0.1,1.0,1.0,0.913491137321977,0.913491137321977,1
10,plugin+hat,0.22846702651445452,0.16876972650481062,0.01646543534724305,100,30,2000,2000,0.1,1.0,1.0,0.913491137321977,0.913491137321977,1
11,rejection+true,1.3655075874659035,0.33684400254860514,0.08899880349219122,100,30,2000,2000,0.1,1.0,1.0,0.9369861301322638,0.9369861301322638,1
11,rejection+hat,1.3655075874659035,0.33684400254860514,0.10119880349219136,100,30,2000,2000,0.1,1.0,1.0,0.9369861301322638,0.9369861301322638,1
11,plugin+true,0.01,0.17380164718604726,0.11674880349219137,100,30,2000,2000,0.1,1.0,1.0,0.9369861301322638,0.9369861301322638,1
11,plugin+hat,0.22846702651445452,0.21397840496190712,0.11674880349219137,100,30,2000,2000,0.1,1.0,1.0,0.9369861301322638,0.9369861301322638,1
12,rejection+true,3.338331126107119,0.09214063001175724,0.06230485518939392,100,30,2000,2000,0.1,1.0,1.0,1.0303156269976872,1.0303156269976872,0
12,rejection+hat,0.8733261623828429,0.15736197096606092,0.10400485518939392,100,30,2000,2000,0.1,1.0,1.0,1.0303156269976872,1.0303156269976872,0
12,plugin+true,12.760930781150906,0.04600738241113371,0.0588548551893939,100,30,2000,2000,0.1,1.0,1.0,1.0303156269976872,1.0303156269976872,0
12,plugin+hat,0.1461187278110747,0.026718301450490783,0.10655485518939388,100,30,2000,2000,0.1,1.0,1.0,1.0303156269976872,1.0303156269976872,0
13,rejection+true,3.338331126107119,0.20334124827447037,0.0573496049362197,100,30,2000,2000,0.1,1.0,1.0,1.023992714719053,1.023992714719053,0
13,rejection+hat,3.338331126107119,0.2587445603217929,0.055949604936219706,100,30,2000,2000,0.1,1.0,1.0,1.023992714719053,1.023992714719053,0
13,plugin+true,19.952623149688797,0.25785946648723695,0.05259960493621976,100,30,2000,2000,0.1,1.0,1.0,1.023992714719053,1.023992714719053,0
13,plugin+hat,2.135068261712694,0.1962535133475301,0.08109960493621973,100,30,2000,2000,0.1,1.0,1.0,1.023992714719053,1.023992714719053,0
14,rejection+true,12.760930781150906,0.4086499916389584,0.042277000559515096,100,30,2000,2000,0.1,1.0,1.0,0.9999647697006306,0.9999647697006306,1
14,rejection+hat,12.760930781150906,0.4086499916389584,0.04272700055951512,100,30,2000,2000,0.1,1.0,1.0,0.9999647697006306,0.9999647697006306,1
14,plugin+true,0.05976825664072413,0.17811947699216682,-0.013472999440484952,100,30,2000,2000,0.1,1.0,1.0,0.9999647697006306,0.9999647697006306,1
14,plugin+hat,0.35722445018714644,0.1799306327175753,-0.013272999440484944,100,30,2000,2000,0.1,1.0,1.0,0.9999647697006306,0.9999647697006306,1
15,rejection+true,3.338331126107119,0.26588199536005663,0.05401322537452017,100,30,2000,2000,0.1,1.0,1.0,1.0716469318807174,1.0716469318807174,0
15,rejection+hat,3.338331126107119,0.26588199536005663,0.04486322537452008,100,30,2000,2000,0.1,1.0,1.0,1.0716469318807174,1.0716469318807174,0
15,plugin+true,0.02444754724726473,0.29403899105607356,-0.019536774625479845,100,30,2000,2000,0.1,1.0,1.0,1.0716469318807174,1.0716469318807174,0
15,plugin+hat,3.338331126107119,0.31667754959455763,0.04486322537452008,100,30,2000,2000,0.1,1.0,1.0,1.0716469318807174,1.0716469318807174,0
16,rejection+true,3.338331126107119,0.20328301464517912,0.06783921701174184,100,30,2000,2000,0.1,1.0,1.0,1.0005538026424179,1.0005538026424179,0
16,rejection+hat,3.338331126107119,0.20328301464517912,0.05758921701174191,100,30,2000,2000,0.1,1.0,1.0,1.0005538026424179,1.0005538026424179,0
16,plugin+true,12.760930781150906,0.1489015321922323,0.04958921701174191,100,30,2000,2000,0.1,1.0,1.0,1.0005538026424179,1.0005538026424179,0
16,plugin+hat,0.09345192145605369,0.11320631160227383,-0.0034607829882581658,100,30,2000,2000,0.1,1.0,1.0,1.0005538026424179,1.0005538026424179,0
17,rejection+true,2.135068261712694,0.20544474696119627,0.05714532972826674,100,30,2000,2000,0.1,1.0,1.0,1.011874710324674,1.011874710324674,0
17,rejection+hat,2.135068261712694,0.20544474696119627,0.055095329728266695,100,30,2000,2000,0.1,1.0,1.0,1.011874710324674,1.011874710324674,0
17,plugin+true,5.219718220435647,0.10826141275466368,0.052695329728266606,100,30,2000,2000,0.1,1.0,1.0,1.011874710324674,1.011874710324674,0
17,plugin+hat,12.760930781150906,0.10982838514362903,0.043395329728266575,100,30,2000,2000,0.1,1.0,1.0,1.011874710324674,1.011874710324674,0
18,rejection+true,0.35722445018714644,0.4744987589617569,0.04686963489602669,100,30,2000,2000,0.1,1.0,1.0,0.9374739422717682,0.9374739422717682,1
18,rejection+hat,0.35722445018714644,0.3938912036518255,0.04306963489602673,100,30,2000,2000,0.1,1.0,1.0,0.9374739422717682,0.9374739422717682,1
18,plugin+true,5.219718220435647,0.24045711284671212,0.10046963489602696,100,30,2000,2000,0.1,1.0,1.0,0.9374739422717682,0.9374739422717682,1
18,plugin+hat,0.09345192145605369,0.23065495416431597,0.1428696348960272,100,30,2000,2000,0.1,1.0,1.0,0.9374739422717682,0.9374739422717682,1
19,rejection+true,1.3655075874659035,-0.052547466848045586,0.0874889241342164,100,30,2000,2000,0.1,1.0,1.0,1.0324588117384415,1.0324588117384415,0
19,rejection+hat,1.3655075874659035,0.004747072762499252,0.08383892413421644,100,30,2000,2000,0.1,1.0,1.0,1.0324588117384415,1.0324588117384415,0
19,plugin+true,0.8733261623828429,0.02205292311210507,0.08538892413421648,100,30,2000,2000,0.1,1.0,1.0,1.0324588117384415,1.0324588117384415,0
19,plugin+hat,0.558545842515421,0.046909062801191705,0.10398892413421652,100,30,2000,2000,0.1,1.0,1.0,1.0324588117384415,1.0324588117384415,0
20,rejection+true,2.135068261712694,0.37283639647066585,0.09017870439781468,100,30,2000,2000,0.1,1.0,1.0,1.0215777824315562,1.0215777824315562,0
20,rejection+hat,2.135068261712694,0.37283639647066585,0.09137870439781469,100,30,2000,2000,0.1,1.0,1.0,1.0215777824315562,1.0215777824315562,0
20,plugin+true,0.02444754724726473,0.17068889761805708,0.12382870439781474,100,30,2000,2000,0.1,1.0,1.0,1.0215777824315562,1.0215777824315562,0
20,plugin+hat,0.35722445018714644,0.16335142756288476,0.11857870439781472,100,30,2000,2000,0.1,1.0,1.0,1.0215777824315562,1.0215777824315562,0
21,rejection+true,0.01,0.08457975263396897,-0.030275010858591186,100,30,2000,2000,0.1,1.0,1.0,0.9933281832832478,0.9933281832832478,1
21,rejection+hat,0.01,0.08457975263396897,-0.030275010858591186,100,30,2000,2000,0.1,1.0,1.0,0.9933281832832478,0.9933281832832478,1
21,plugin+true,8.161400793251818,-0.004668660943151407,0.02562498914140884,100,30,2000,2000,0.1,1.0,1.0,0.9933281832832478,0.9933281832832478,1
21,plugin+hat,8.161400793251818,-0.01913545592151913,0.02472498914140888,100,30,2000,2000,0.1,1.0,1.0,0.9933281832832478,0.9933281832832478,1
22,rejection+true,0.01,0.15418985212842623,0.14840034004018032,100,30,2000,2000,0.1,1.0,1.0,1.0795067363522193,1.0795067363522193,0
22,rejection+hat,0.558545842515421,0.32412159716089567,0.13785034004018026,100,30,2000,2000,0.1,1.0,1.0,1.0795067363522193,1.0795067363522193,0
22,plugin+true,0.8733261623828429,0.17439891681438158,0.13080034004018018,100,30,2000,2000,0.1,1.0,1.0,1.0795067363522193,1.0795067363522193,0
22,plugin+hat,0.03822547943598284,0.2034660537021414,0.14840034004018032,100,30,2000,2000,0.1,1.0,1.0,1.0795067363522193,1.0795067363522193,0
23,rejection+true,0.35722445018714644,0.1852360902975003,0.12923827063944687,100,30,2000,2000,0.1,1.0,1.0,0.9816464592314721,0.9816464592314721,1
23,rejection+hat,0.35722445018714644,0.1852360902975003,0.12888827063944688,100,30,2000,2000,0.1,1.0,1.0,0.9816464592314721,0.9816464592314721,1
23,plugin+true,0.09345192145605369,0.12145947339709873,0.0336382706394471,100,30,2000,2000,0.1,1.0,1.0,0.9816464592314721,0.9816464592314721,1
23,plugin+hat,0.35722445018714644,0.09175991418433706,0.12888827063944688,100,30,2000,2000,0.1,1.0,1.0,0.9816464592314721,0.9816464592314721,1
24,rejection+true,0.05976825664072413,0.16102679676065842,0.1089106805534981,100,30,2000,2000,0.1,1.0,1.0,0.8536936631723887,0.8536936631723887,1
24,rejection+hat,0.09345192145605369,0.16102679676065842,0.00966068055349799,100,30,2000,2000,0.1,1.0,1.0,0.8536936631723887,0.8536936631723887,1
24,plugin+true,0.01,0.1723125518063416,0.1089106805534981,100,30,2000,2000,0.1,1.0,1.0,0.8536936631723887,0.8536936631723887,1
24,plugin+hat,0.22846702651445452,0.12472853029423181,0.00996068055349799,100,30,2000,2000,0.1,1.0,1.0,0.8536936631723887,0.8536936631723887,1
25,rejection+true,12.760930781150906,0.2185366234121223,0.07873051967556707,100,30,2000,2000,0.1,1.0,1.0,1.0103875842154435,1.0103875842154435,0
25,rejection+hat,12.760930781150906,0.2185366234121223,0.07618051967556715,100,30,2000,2000,0.1,1.0,1.0,1.0103875842154435,1.0103875842154435,0
25,plugin+true,0.09345192145605369,0.3205800074879119,0.12498051967556728,100,30,2000,2000,0.1,1.0,1.0,1.0103875842154435,1.0103875842154435,0
25,plugin+hat,0.015635711447601203,0.3896341721631099,0.12498051967556728,100,30,2000,2000,0.1,1.0,1.0,1.0103875842154435,1.0103875842154435,0
26,rejection+true,12.760930781150906,0.13757056122024858,0.05046005805002207,100,30,2000,2000,0.1,1.0,1.0,0.8927015523852979,0.8927015523852979,1
26,rejection+hat,12.760930781150906,0.13757056122024858,0.05301005805002205,100,30,2000,2000,0.1,1.0,1.0,0.8927015523852979,0.8927015523852979,1
26,plugin+true,19.952623149688797,-0.125312963839393,0.04921005805002211,100,30,2000,2000,0.1,1.0,1.0,0.8927015523852979,0.8927015523852979,1
26,plugin+hat,0.35722445018714644,-0.11919266088517977,-0.0031399419499779447,100,30,2000,2000,0.1,1.0,1.0,0.8927015523852979,0.8927015523852979,1
27,rejection+true,0.8733261623828429,0.5313754441216589,0.060485085463560295,100,30,2000,2000,0.1,1.0,1.0,1.0928059260825012,1.0928059260825012,0
27,rejection+hat,12.760930781150906,0.5714607452663284,0.04803508546356025,100,30,2000,2000,0.1,1.0,1.0,1.0928059260825012,1.0928059260825012,0
27,plugin+true,0.22846702651445452,0.1152492601939831,-0.005564914536439674,100,30,2000,2000,0.1,1.0,1.0,1.0928059260825012,1.0928059260825012,0
27,plugin+hat,12.760930781150906,0.11891537352662498,0.04803508546356025,100,30,2000,2000,0.1,1.0,1.0,1.0928059260825012,1.0928059260825012,0
28,rejection+true,3.338331126107119,0.08883670407036942,0.01799561079476684,100,30,2000,2000,0.1,1.0,1.0,1.0888213867094416,1.0888213867094416,0
28,rejection+hat,3.338331126107119,0.08883670407036942,0.011345610794766803,100,30,2000,2000,0.1,1.0,1.0,1.0888213867094416,1.0888213867094416,0
28,plugin+true,0.02444754724726473,0.282477600002307,0.06274561079476677,100,30,2000,2000,0.1,1.0,1.0,1.0888213867094416,1.0888213867094416,0
28,plugin+hat,0.22846702651445452,0.3196947117774075,0.06274561079476677,100,30,2000,2000,0.1,1.0,1.0,1.0888213867094416,1.0888213867094416,0
29,rejection+true,0.01,0.226356628537178,-0.04071704994138131,100,30,2000,2000,0.1,1.0,1.0,0.9510969769510834,0.9510969769510834,1
29,rejection+hat,0.558545842515421,0.23739147484302517,-0.03511704994138133,100,30,2000,2000,0.1,1.0,1.0,0.9510969769510834,0.9510969769510834,1
29,plugin+true,0.22846702651445452,0.2722505102261169,-0.04071704994138131,100,30,2000,2000,0.1,1.0,1.0,0.9510969769510834,0.9510969769510834,1
29,plugin+hat,0.05976825664072413,0.27809331511027346,-0.04071704994138131,100,30,2000,2000,0.1,1.0,1.0,0.9510969769510834,0.9510969769510834,1
30,rejection+true,12.760930781150906,0.2761878136234978,0.08402107844805033,100,30,2000,2000,0.1,1.0,1.0,1.0356086081704057,1.0356086081704057,0
30,rejection+hat,12.760930781150906,0.2761878136234978,0.08117107844805031,100,30,2000,2000,0.1,1.0,1.0,1.0356086081704057,1.0356086081704057,0
30,plugin+true,5.219718220435647,0.297231026795154,0.08812107844805037,100,30,2000,2000,0.1,1.0,1.0,1.0356086081704057,1.0356086081704057,0
30,plugin+hat,19.952623149688797,0.2895533611958416,0.08227107844805029,100,30,2000,2000,0.1,1.0,1.0,1.0356086081704057,1.0356086081704057,0
31,rejection+true,0.09345192145605369,0.1743717944870392,0.1111682145506847,100,30,2000,2000,0.1,1.0,1.0,0.9361421552785419,0.9361421552785419,1
31,rejection+hat,0.09345192145605369,0.1743717944870392,0.11031821455068468,100,30,2000,2000,0.1,1.0,1.0,0.9361421552785419,0.9361421552785419,1
31,plugin+true,0.35722445018714644,0.091356751997707,0.10746821455068477,100,30,2000,2000,0.1,1.0,1.0,0.9361421552785419,0.9361421552785419,1
31,plugin+hat,0.8733261623828429,0.08157445103028196,0.09636821455068469,100,30,2000,2000,0.1,1.0,1.0,0.9361421552785419,0.9361421552785419,1
32,rejection+true,0.01,0.1847272049014767,0.003072954311791874,100,30,2000,2000,0.1,1.0,1.0,0.8586588671194787,0.8586588671194787,1
32,rejection+hat,0.01,0.1847272049014767,0.003072954311791874,100,30,2000,2000,0.1,1.0,1.0,0.8586588671194787,0.8586588671194787,1
32,plugin+true,19.952623149688797,0.20688367355215576,0.054272954311791924,100,30,2000,2000,0.1,1.0,1.0,0.8586588671194787,0.8586588671194787,1
32,plugin+hat,0.1461187278110747,0.21006602439984853,0.003072954311791874,100,30,2000,2000,0.1,1.0,1.0,0.8586588671194787,0.8586588671194787,1
33,rejection+true,2.135068261712694,0.0798769672246029,0.04003690846728331,100,30,2000,2000,0.1,1.0,1.0,0.943414021961041,0.943414021961041,1
33,rejection+hat,2.135068261712694,0.0798769672246029,0.050436908467283284,100,30,2000,2000,0.1,1.0,1.0,0.943414021961041,0.943414021961041,1
33,plugin+true,0.558545842515421,-0.027377486324894375,0.0791869084672831,100,30,2000,2000,0.1,1.0,1.0,0.943414021961041,0.943414021961041,1
33,plugin+hat,19.952623149688797,-0.045016654868677175,0.03403690846728331,100,30,2000,2000,0.1,1.0,1.0,0.943414021961041,0.943414021961041,1
34,rejection+true,2.135068261712694,0.13522966553767518,0.069240619831077,100,30,2000,2000,0.1,1.0,1.0,1.0432725708312032,1.0432725708312032,0
34,rejection+hat,2.135068261712694,0.13522966553767518,0.07344061983107686,100,30,2000,2000,0.1,1.0,1.0,1.0432725708312032,1.0432725708312032,0
34,plugin+true,5.219718220435647,0.20970365126106588,0.05284061983107708,100,30,2000,2000,0.1,1.0,1.0,1.0432725708312032,1.0432725708312032,0
34,plugin+hat,12.760930781150906,0.25545708453771365,0.049590619831077105,100,30,2000,2000,0.1,1.0,1.0,1.0432725708312032,1.0432725708312032,0
35,rejection+true,8.161400793251818,0.12592838443815704,0.08696007251381585,100,30,2000,2000,0.1,1.0,1.0,0.9777044094381976,0.9777044094381976,1
35,rejection+hat,0.01,0.11751637315998475,0.029810072513815997,100,30,2000,2000,0.1,1.0,1.0,0.9777044094381976,0.9777044094381976,1
35,plugin+true,0.03822547943598284,0.1201969158342047,0.029810072513815997,100,30,2000,2000,0.1,1.0,1.0,0.9777044094381976,0.9777044094381976,1
35,plugin+hat,1.3655075874659035,0.15909606525099332,0.10911007251381585,100,30,2000,2000,0.1,1.0,1.0,0.9777044094381976,0.9777044094381976,1
36,rejection+true,0.8733261623828429,0.23440641552830738,0.12939718958984286,100,30,2000,2000,0.1,1.0,1.0,1.0138052863894336,1.0138052863894336,0
36,rejection+hat,0.22846702651445452,0.25781086624289545,0.14414718958984285,100,30,2000,2000,0.1,1.0,1.0,1.0138052863894336,1.0138052863894336,0
36,plugin+true,0.1461187278110747,0.20786609181359333,0.14414718958984285,100,30,2000,2000,0.1,1.0,1.0,1.0138052863894336,1.0138052863894336,0
36,plugin+hat,0.09345192145605369,0.2554774870709232,0.04484718958984298,100,30,2000,2000,0.1,1.0,1.0,1.0138052863894336,1.0138052863894336,0
37,rejection+true,0.22846702651445452,0.31908642898003253,0.07053467580606658,100,30,2000,2000,0.1,1.0,1.0,0.9255891746100819,0.9255891746100819,1
37,rejection+hat,0.01,0.31843883593877165,0.07053467580606658,100,30,2000,2000,0.1,1.0,1.0,0.9255891746100819,0.9255891746100819,1
37,plugin+true,0.03822547943598284,0.2614538303136224,0.07053467580606658,100,30,2000,2000,0.1,1.0,1.0,0.9255891746100819,0.9255891746100819,1
37,plugin+hat,0.02444754724726473,0.2757960344290523,0.07053467580606658,100,30,2000,2000,0.1,1.0,1.0,0.9255891746100819,0.9255891746100819,1
38,rejection+true,1.3655075874659035,0.05119319843749205,0.07220317160816389,100,30,2000,2000,0.1,1.0,1.0,0.9246320033593395,0.9246320033593395,1
38,rejection+hat,1.3655075874659035,0.05119319843749205,0.043753171608163985,100,30,2000,2000,0.1,1.0,1.0,0.9246320033593395,0.9246320033593395,1
38,plugin+true,0.01,0.05421938727075785,-0.016196828391836098,100,30,2000,2000,0.1,1.0,1.0,0.9246320033593395,0.9246320033593395,1
38,plugin+hat,0.35722445018714644,0.11592490922106746,-0.0032468283918361002,100,30,2000,2000,0.1,1.0,1.0,0.9246320033593395,0.9246320033593395,1
39,rejection+true,3.338331126107119,-0.0211863086403658,0.08344670330613273,100,30,2000,2000,0.1,1.0,1.0,1.1380822632628593,1.1380822632628593,0
39,rejection+hat,3.338331126107119,-0.0211863086403658,0.08144670330613263,100,30,2000,2000,0.1,1.0,1.0,1.1380822632628593,1.1380822632628593,0
39,plugin+true,0.01,-0.014188175266089866,0.018496703306132522,100,30,2000,2000,0.1,1.0,1.0,1.1380822632628593,1.1380822632628593,0
39,plugin+hat,8.161400793251818,-0.07952246157235938,0.07314670330613246,100,30,2000,2000,0.1,1.0,1.0,1.1380822632628593,1.1380822632628593,0
40,rejection+true,0.01,0.4132344322899978,0.10313074031681363,100,30,2000,2000,0.1,1.0,1.0,1.0539987664757788,1.0539987664757788,0
40,rejection+hat,0.01,0.4132344322899978,0.10313074031681363,100,30,2000,2000,0.1,1.0,1.0,1.0539987664757788,1.0539987664757788,0
40,plugin+true,0.1461187278110747,0.5633608855384133,0.10313074031681363,100,30,2000,2000,0.1,1.0,1.0,1.0539987664757788,1.0539987664757788,0
40,plugin+hat,0.05976825664072413,0.5414221769977761,0.10313074031681363,100,30,2000,2000,0.1,1.0,1.0,1.0539987664757788,1.0539987664757788,0
41,rejection+true,1.3655075874659035,0.04867329100767771,0.10106916440531939,100,30,2000,2000,0.1,1.0,1.0,0.9683310525616969,0.9683310525616969,1
41,rejection+hat,1.3655075874659035,0.04867329100767771,0.10631916440531937,100,30,2000,2000,0.1,1.0,1.0,0.9683310525616969,0.9683310525616969,1
41,plugin+true,0.35722445018714644,0.14760018249025758,0.032219164405319294,100,30,2000,2000,0.1,1.0,1.0,0.9683310525616969,0.9683310525616969,1
41,plugin+hat,0.09345192145605369,0.14409225507757448,0.12876916440531938,100,30,2000,2000,0.1,1.0,1.0,0.9683310525616969,0.9683310525616969,1
42,rejection+true,0.01,0.2441397420441111,0.06781152024553519,100,30,2000,2000,0.1,1.0,1.0,0.9949118659184917,0.9949118659184917,1
42,rejection+hat,0.01,0.2441397420441111,0.06781152024553519,100,30,2000,2000,0.1,1.0,1.0,0.9949118659184917,0.9949118659184917,1
42,plugin+true,0.1461187278110747,0.13805300699169598,0.06806152024553518,100,30,2000,2000,0.1,1.0,1.0,0.9949118659184917,0.9949118659184917,1
42,plugin+hat,0.03822547943598284,0.1591212530664327,0.06781152024553519,100,30,2000,2000,0.1,1.0,1.0,0.9949118659184917,0.9949118659184917,1
43,rejection+true,5.219718220435647,-0.02304183933883906,0.05865413205225895,100,30,2000,2000,0.1,1.0,1.0,0.9757764096705873,0.9757764096705873,1
43,rejection+hat,0.01,-0.040433850636084866,-0.003195867947741189,100,30,2000,2000,0.1,1.0,1.0,0.9757764096705873,0.9757764096705873,1
43,plugin+true,0.22846702651445452,0.08653856462865436,-0.003195867947741189,100,30,2000,2000,0.1,1.0,1.0,0.9757764096705873,0.9757764096705873,1
43,plugin+hat,0.015635711447601203,0.09443062957326058,-0.003195867947741189,100,30,2000,2000,0.1,1.0,1.0,0.9757764096705873,0.9757764096705873,1
44,rejection+true,3.338331126107119,-0.12373716632525125,0.05996773437160675,100,30,2000,2000,0.1,1.0,1.0,0.9818676760046235,0.9818676760046235,1
44,rejection+hat,3.338331126107119,-0.12373716632525125,0.060717734371606824,100,30,2000,2000,0.1,1.0,1.0,0.9818676760046235,0.9818676760046235,1
44,plugin+true,0.558545842515421,0.013789198541653665,0.09096773437160682,100,30,2000,2000,0.1,1.0,1.0,0.9818676760046235,0.9818676760046235,1
44,plugin+hat,0.03822547943598284,0.011572667824308481,0.003367734371606833,100,30,2000,2000,0.1,1.0,1.0,0.9818676760046235,0.9818676760046235,1
45,rejection+true,12.760930781150906,0.27602499996622404,0.04912213260908328,100,30,2000,2000,0.1,1.0,1.0,0.9943984547631173,0.9943984547631173,1
45,rejection+hat,12.760930781150906,0.27602499996622404,0.049022132609083204,100,30,2000,2000,0.1,1.0,1.0,0.9943984547631173,0.9943984547631173,1
45,plugin+true,0.02444754724726473,0.22653316054284606,0.09587213260908342,100,30,2000,2000,0.1,1.0,1.0,0.9943984547631173,0.9943984547631173,1
45,plugin+hat,3.338331126107119,0.2681515768796165,0.05847213260908319,100,30,2000,2000,0.1,1.0,1.0,0.9943984547631173,0.9943984547631173,1
46,rejection+true,5.219718220435647,0.33973435287674275,0.07172536530600995,100,30,2000,2000,0.1,1.0,1.0,1.1140029173037782,1.1140029173037782,0
46,rejection+hat,5.219718220435647,0.41141336982448895,0.06982536530601,100,30,2000,2000,0.1,1.0,1.0,1.1140029173037782,1.1140029173037782,0
46,plugin+true,0.1461187278110747,0.1288412561336997,0.010975365306010018,100,30,2000,2000,0.1,1.0,1.0,1.1140029173037782,1.1140029173037782,0
46,plugin+hat,0.1461187278110747,0.12602730843594895,0.010975365306010018,100,30,2000,2000,0.1,1.0,1.0,1.1140029173037782,1.1140029173037782,0
47,rejection+true,12.760930781150906,0.1486871687074502,0.04440390738470909,100,30,2000,2000,0.1,1.0,1.0,1.0793972996644594,1.0793972996644594,0
47,rejection+hat,5.219718220435647,0.17123876785238584,0.05100390738470928,100,30,2000,2000,0.1,1.0,1.0,1.0793972996644594,1.0793972996644594,0
47,plugin+true,0.05976825664072413,0.0833554438028586,-0.007846092615290847,100,30,2000,2000,0.1,1.0,1.0,1.0793972996644594,1.0793972996644594,0
47,plugin+hat,0.8733261623828429,0.14640069459584484,0.08535390738470928,100,30,2000,2000,0.1,1.0,1.0,1.0793972996644594,1.0793972996644594,0
48,rejection+true,3.338331126107119,0.14167576817174748,0.0776574911400502,100,30,2000,2000,0.1,1.0,1.0,1.0511307030298536,1.0511307030298536,0
48,rejection+hat,0.8733261623828429,0.09361828528344633,0.09785749114005038,100,30,2000,2000,0.1,1.0,1.0,1.0511307030298536,1.0511307030298536,0
48,plugin+true,0.015635711447601203,0.1320768809993787,0.09835749114005035,100,30,2000,2000,0.1,1.0,1.0,1.0511307030298536,1.0511307030298536,0
48,plugin+hat,8.161400793251818,0.1434865484039372,0.05460749114005019,100,30,2000,2000,0.1,1.0,1.0,1.0511307030298536,1.0511307030298536,0
49,rejection+true,1.3655075874659035,0.06378477662801744,0.07583391111541647,100,30,2000,2000,0.1,1.0,1.0,0.8856183770647993,0.8856183770647993,1
49,rejection+hat,12.760930781150906,0.028896978497505183,0.05698391111541629,100,30,2000,2000,0.1,1.0,1.0,0.8856183770647993,0.8856183770647993,1
49,plugin+true,5.219718220435647,0.0018055283564638984,0.054983911115416347,100,30,2000,2000,0.1,1.0,1.0,0.8856183770647993,0.8856183770647993,1
49,plugin+hat,5.219718220435647,-0.01401085726934589,0.06308391111541636,100,30,2000,2000,0.1,1.0,1.0,0.8856183770647993,0.8856183770647993,1
50,rejection+true,8.161400793251818,0.13566251912464694,0.07457073932732335,100,30,2000,2000,0.1,1.0,1.0,0.9732617848035225,0.9732617848035225,1
50,rejection+hat,8.161400793251818,0.1357565573727091,0.0763207393273233,100,30,2000,2000,0.1,1.0,1.0,0.9732617848035225,0.9732617848035225,1
50,plugin+true,0.09345192145605369,0.14629315850051294,0.022020739327323294,100,30,2000,2000,0.1,1.0,1.0,0.9732617848035225,0.9732617848035225,1
50,plugin+hat,0.558545842515421,0.11347660793923524,0.12147073932732337,100,30,2000,2000,0.1,1.0,1.0,0.9732617848035225,0.9732617848035225,1
51,rejection+true,12.760930781150906,-0.13786562643945213,0.05929157834759575,100,30,2000,2000,0.1,1.0,1.0,0.9072204150911374,0.9072204150911374,1
51,rejection+hat,12.760930781150906,-0.13786562643945213,0.061041578347595694,100,30,2000,2000,0.1,1.0,1.0,0.9072204150911374,0.9072204150911374,1
51,plugin+true,0.09345192145605369,0.023226982535893146,0.1051915783475957,100,30,2000,2000,0.1,1.0,1.0,0.9072204150911374,0.9072204150911374,1
51,plugin+hat,12.760930781150906,-0.009528374275624833,0.061041578347595694,100,30,2000,2000,0.1,1.0,1.0,0.9072204150911374,0.9072204150911374,1
52,rejection+true,3.338331126107119,0.3723523347483326,0.07336366581549882,100,30,2000,2000,0.1,1.0,1.0,0.9978849449169661,0.9978849449169661,1
52,rejection+hat,3.338331126107119,0.3723523347483326,0.07361366581549882,100,30,2000,2000,0.1,1.0,1.0,0.9978849449169661,0.9978849449169661,1
52,plugin+true,0.8733261623828429,0.09378462074229829,0.10216366581549895,100,30,2000,2000,0.1,1.0,1.0,0.9978849449169661,0.9978849449169661,1
52,plugin+hat,8.161400793251818,0.09983910524791437,0.06091366581549873,100,30,2000,2000,0.1,1.0,1.0,0.9978849449169661,0.9978849449169661,1
53,rejection+true,3.338331126107119,0.09502662618954978,0.05764704498075244,100,30,2000,2000,0.1,1.0,1.0,1.073465295160206,1.073465295160206,0
53,rejection+hat,1.3655075874659035,0.04269876529773076,0.07874704498075251,100,30,2000,2000,0.1,1.0,1.0,1.073465295160206,1.073465295160206,0
53,plugin+true,0.35722445018714644,0.13807723574050276,0.1012470449807523,100,30,2000,2000,0.1,1.0,1.0,1.073465295160206,1.073465295160206,0
53,plugin+hat,3.338331126107119,0.17051008827159964,0.06279704498075238,100,30,2000,2000,0.1,1.0,1.0,1.073465295160206,1.073465295160206,0
54,rejection+true,1.3655075874659035,-0.05591881399353345,0.09969740779451033,100,30,2000,2000,0.1,1.0,1.0,0.9161703556638455,0.9161703556638455,1
54,rejection+hat,1.3655075874659035,-0.05591881399353345,0.07964740779451047,100,30,2000,2000,0.1,1.0,1.0,0.9161703556638455,0.9161703556638455,1
54,plugin+true,0.01,0.008109871221814466,0.11339740779451037,100,30,2000,2000,0.1,1.0,1.0,0.9161703556638455,0.9161703556638455,1
54,plugin+hat,1.3655075874659035,-0.014587412894169788,0.07964740779451047,100,30,2000,2000,0.1,1.0,1.0,0.9161703556638455,0.9161703556638455,1
55,rejection+true,12.760930781150906,0.07367722752193612,0.06744482864123937,100,30,2000,2000,0.1,1.0,1.0,1.072009070454491,1.072009070454491,0
55,rejection+hat,2.135068261712694,0.1656323465208213,0.08179482864123942,100,30,2000,2000,0.1,1.0,1.0,1.072009070454491,1.072009070454491,0
55,plugin+true,2.135068261712694,0.17812412750545822,0.08369482864123937,100,30,2000,2000,0.1,1.0,1.0,1.072009070454491,1.072009070454491,0
55,plugin+hat,3.338331126107119,0.23153703578793888,0.07029482864123943,100,30,2000,2000,0.1,1.0,1.0,1.072009070454491,1.072009070454491,0
56,rejection+true,12.760930781150906,0.30743520098427923,0.051442975162307,100,30,2000,2000,0.1,1.0,1.0,1.0220705134206953,1.0220705134206953,0
56,rejection+hat,12.760930781150906,0.30743520098427923,0.04999297516230706,100,30,2000,2000,0.1,1.0,1.0,1.0220705134206953,1.0220705134206953,0
56,plugin+true,0.01,0.20631538466832894,0.09659297516230701,100,30,2000,2000,0.1,1.0,1.0,1.0220705134206953,1.0220705134206953,0
56,plugin+hat,8.161400793251818,0.19760684585731253,0.051142975162307064,100,30,2000,2000,0.1,1.0,1.0,1.0220705134206953,1.0220705134206953,0
57,rejection+true,8.161400793251818,0.04952128539249922,0.047201494203393056,100,30,2000,2000,0.1,1.0,1.0,0.9928950733828672,0.9928950733828672,1
57,rejection+hat,8.161400793251818,0.04952128539249922,0.04715149420339305,100,30,2000,2000,0.1,1.0,1.0,0.9928950733828672,0.9928950733828672,1
57,plugin+true,0.03822547943598284,0.14952497756390534,0.049601494203393055,100,30,2000,2000,0.1,1.0,1.0,0.9928950733828672,0.9928950733828672,1
57,plugin+hat,0.8733261623828429,0.145594277134283,0.08510149420339273,100,30,2000,2000,0.1,1.0,1.0,0.9928950733828672,0.9928950733828672,1
58,rejection+true,0.01,0.03650168254971505,0.10072534852968289,100,30,2000,2000,0.1,1.0,1.0,0.997908194020328,0.997908194020328,1
58,rejection+hat,0.01,0.03650168254971505,0.10072534852968289,100,30,2000,2000,0.1,1.0,1.0,0.997908194020328,0.997908194020328,1
58,plugin+true,0.22846702651445452,0.19648847848472778,0.1005253485296829,100,30,2000,2000,0.1,1.0,1.0,0.997908194020328,0.997908194020328,1
58,plugin+hat,0.35722445018714644,0.13555915725787399,0.10032534852968292,100,30,2000,2000,0.1,1.0,1.0,0.997908194020328,0.997908194020328,1
59,rejection+true,8.161400793251818,0.26464985559384036,0.02191255194281822,100,30,2000,2000,0.1,1.0,1.0,0.9575592933757645,0.9575592933757645,1
59,rejection+hat,3.338331126107119,0.2212769689659278,0.03696255194281817,100,30,2000,2000,0.1,1.0,1.0,0.9575592933757645,0.9575592933757645,1
59,plugin+true,0.05976825664072413,0.12688116740050714,0.06736255194281823,100,30,2000,2000,0.1,1.0,1.0,0.9575592933757645,0.9575592933757645,1
59,plugin+hat,0.05976825664072413,0.1160697580390115,0.06736255194281823,100,30,2000,2000,0.1,1.0,1.0,0.9575592933757645,0.9575592933757645,1
60,rejection+true,0.22846702651445452,0.15623231255449355,0.11478110138925593,100,30,2000,2000,0.1,1.0,1.0,0.9840659775936648,0.9840659775936648,1
60,rejection+hat,0.8733261623828429,0.1603758138914903,0.10413110138925576,100,30,2000,2000,0.1,1.0,1.0,0.9840659775936648,0.9840659775936648,1
60,plugin+true,0.015635711447601203,0.09453492351600402,0.11598110138925592,100,30,2000,2000,0.1,1.0,1.0,0.9840659775936648,0.9840659775936648,1
60,plugin+hat,0.015635711447601203,0.07185306685693443,0.11598110138925592,100,30,2000,2000,0.1,1.0,1.0,0.9840659775936648,0.9840659775936648,1
61,rejection+true,19.952623149688797,-0.05606374582275749,0.04538123569279364,100,30,2000,2000,0.1,1.0,1.0,1.05267710779207,1.05267710779207,0
61,rejection+hat,19.952623149688797,-0.05606374582275749,0.04543123569279369,100,30,2000,2000,0.1,1.0,1.0,1.05267710779207,1.05267710779207,0
61,plugin+true,1.3655075874659035,-0.05281735121570175,0.06013123569279355,100,30,2000,2000,0.1,1.0,1.0,1.05267710779207,1.05267710779207,0
61,plugin+hat,2.135068261712694,-0.02026928938267867,0.05658123569279351,100,30,2000,2000,0.1,1.0,1.0,1.05267710779207,1.05267710779207,0
62,rejection+true,0.8733261623828429,0.14516185385485486,0.06504048951259406,100,30,2000,2000,0.1,1.0,1.0,0.9579887734321848,0.9579887734321848,1
62,rejection+hat,0.8733261623828429,0.12036688489218553,0.05849048951259408,100,30,2000,2000,0.1,1.0,1.0,0.9579887734321848,0.9579887734321848,1
62,plugin+true,0.558545842515421,-0.052661474993686806,0.08194048951259403,100,30,2000,2000,0.1,1.0,1.0,0.9579887734321848,0.9579887734321848,1
62,plugin+hat,0.09345192145605369,-0.049430147997712656,-0.01760951048740589,100,30,2000,2000,0.1,1.0,1.0,0.9579887734321848,0.9579887734321848,1
63,rejection+true,0.01,0.3797362925048218,-0.026355901716252975,100,30,2000,2000,0.1,1.0,1.0,0.9601394758415039,0.9601394758415039,1
63,rejection+hat,0.01,0.3797362925048218,-0.026355901716252975,100,30,2000,2000,0.1,1.0,1.0,0.9601394758415039,0.9601394758415039,1
63,plugin+true,0.8733261623828429,0.18011660031975252,0.04719409828374702,100,30,2000,2000,0.1,1.0,1.0,0.9601394758415039,0.9601394758415039,1
63,plugin+hat,3.338331126107119,0.19497746878953817,0.027294098283747042,100,30,2000,2000,0.1,1.0,1.0,0.9601394758415039,0.9601394758415039,1
64,rejection+true,2.135068261712694,-0.046225215742985416,0.06816135690408742,100,30,2000,2000,0.1,1.0,1.0,0.8996144275112498,0.8996144275112498,1
64,rejection+hat,3.338331126107119,-0.061823823799689606,0.059661356904087345,100,30,2000,2000,0.1,1.0,1.0,0.8996144275112498,0.8996144275112498,1
64,plugin+true,0.22846702651445452,0.04863468936254871,0.09696135690408757,100,30,2000,2000,0.1,1.0,1.0,0.8996144275112498,0.8996144275112498,1
64,plugin+hat,0.558545842515421,0.04255692440298596,0.09071135690408753,100,30,2000,2000,0.1,1.0,1.0,0.8996144275112498,0.8996144275112498,1
65,rejection+true,0.8733261623828429,0.20262802621970571,0.08053381456100868,100,30,2000,2000,0.1,1.0,1.0,0.9037566856378823,0.9037566856378823,1
65,rejection+hat,1.3655075874659035,0.17461210678641995,0.05948381456100877,100,30,2000,2000,0.1,1.0,1.0,0.9037566856378823,0.9037566856378823,1
65,plugin+true,1.3655075874659035,0.15024975456225845,0.07583381456100877,100,30,2000,2000,0.1,1.0,1.0,0.9037566856378823,0.9037566856378823,1
65,plugin+hat,0.558545842515421,0.1113004422761062,0.08858381456100857,100,30,2000,2000,0.1,1.0,1.0,0.9037566856378823,0.9037566856378823,1
66,rejection+true,0.01,0.04730505645275117,0.07052768600406374,100,30,2000,2000,0.1,1.0,1.0,1.1061727942613953,1.1061727942613953,0
66,rejection+hat,3.338331126107119,0.05109878225872914,0.029277686004063753,100,30,2000,2000,0.1,1.0,1.0,1.1061727942613953,1.1061727942613953,0
66,plugin+true,0.35722445018714644,0.11963225649235423,0.07047768600406375,100,30,2000,2000,0.1,1.0,1.0,1.1061727942613953,1.1061727942613953,0
66,plugin+hat,0.1461187278110747,0.08129424429447353,-0.02902231399593621,100,30,2000,2000,0.1,1.0,1.0,1.1061727942613953,1.1061727942613953,0
67,rejection+true,8.161400793251818,0.06334354244172571,0.04826679324484871,100,30,2000,2000,0.1,1.0,1.0,1.040304836676179,1.040304836676179,0
67,rejection+hat,8.161400793251818,0.06334354244172571,0.04581679324484875,100,30,2000,2000,0.1,1.0,1.0,1.040304836676179,1.040304836676179,0
67,plugin+true,0.8733261623828429,-0.002382380526273935,0.07161679324484879,100,30,2000,2000,0.1,1.0,1.0,1.040304836676179,1.040304836676179,0
67,plugin+hat,0.1461187278110747,0.03079961690867782,0.09446679324484862,100,30,2000,2000,0.1,1.0,1.0,1.040304836676179,1.040304836676179,0
68,rejection+true,0.8733261623828429,0.0846657086008539,0.07358481975455555,100,30,2000,2000,0.1,1.0,1.0,1.1651486767488528,1.1651486767488528,0
68,rejection+hat,0.8733261623828429,0.15045203204887608,0.08643481975455558,100,30,2000,2000,0.1,1.0,1.0,1.1651486767488528,1.1651486767488528,0
68,plugin+true,1.3655075874659035,0.02627590296335596,0.07778481975455566,100,30,2000,2000,0.1,1.0,1.0,1.1651486767488528,1.1651486767488528,0
68,plugin+hat,2.135068261712694,0.06490626303907314,0.06918481975455563,100,30,2000,2000,0.1,1.0,1.0,1.1651486767488528,1.1651486767488528,0
69,rejection+true,1.3655075874659035,0.026040621226032575,0.0592074232390144,100,30,2000,2000,0.1,1.0,1.0,0.9821586121797635,0.9821586121797635,1
69,rejection+hat,1.3655075874659035,0.00010593806703885396,0.06510742323901425,100,30,2000,2000,0.1,1.0,1.0,0.9821586121797635,0.9821586121797635,1
69,plugin+true,8.161400793251818,-0.013729608990724715,0.041957423239014316,100,30,2000,2000,0.1,1.0,1.0,0.9821586121797635,0.9821586121797635,1
69,plugin+hat,0.1461187278110747,0.01633064967632806,-0.016792576760985684,100,30,2000,2000,0.1,1.0,1.0,0.9821586121797635,0.9821586121797635,1
70,rejection+true,8.161400793251818,0.3537834916729479,0.07651809464309933,100,30,2000,2000,0.1,1.0,1.0,1.1167471933218873,1.1167471933218873,0
70,rejection+hat,12.760930781150906,0.28013959568925195,0.07491809464309926,100,30,2000,2000,0.1,1.0,1.0,1.1167471933218873,1.1167471933218873,0
70,plugin+true,12.760930781150906,0.3078053987376041,0.07521809464309932,100,30,2000,2000,0.1,1.0,1.0,1.1167471933218873,1.1167471933218873,0
70,plugin+hat,0.09345192145605369,0.2675460952292368,0.02126809464309937,100,30,2000,2000,0.1,1.0,1.0,1.1167471933218873,1.1167471933218873,0
71,rejection+true,0.09345192145605369,0.15282428814292265,0.007704271701333235,100,30,2000,2000,0.1,1.0,1.0,0.9106381144335595,0.9106381144335595,1
71,rejection+hat,0.1461187278110747,0.15282428814292265,0.10605427170133329,100,30,2000,2000,0.1,1.0,1.0,0.9106381144335595,0.9106381144335595,1
71,plugin+true,0.09345192145605369,0.08551320175263741,0.007704271701333235,100,30,2000,2000,0.1,1.0,1.0,0.9106381144335595,0.9106381144335595,1
71,plugin+hat,0.09345192145605369,0.04124001817689092,0.007704271701333235,100,30,2000,2000,0.1,1.0,1.0,0.9106381144335595,0.9106381144335595,1
72,rejection+true,5.219718220435647,0.256112120548884,0.03920998858022778,100,30,2000,2000,0.1,1.0,1.0,0.9366598911369183,0.9366598911369183,1
72,rejection+hat,5.219718220435647,0.22674783865610762,0.04955998858022778,100,30,2000,2000,0.1,1.0,1.0,0.9366598911369183,0.9366598911369183,1
72,plugin+true,0.01,0.19017030947631983,0.08590998858022769,100,30,2000,2000,0.1,1.0,1.0,0.9366598911369183,0.9366598911369183,1
72,plugin+hat,19.952623149688797,0.17527084040980906,0.038009988580227874,100,30,2000,2000,0.1,1.0,1.0,0.9366598911369183,0.9366598911369183,1
73,rejection+true,8.161400793251818,0.012551371070245902,0.05375878437514303,100,30,2000,2000,0.1,1.0,1.0,1.1181966391943918,1.1181966391943918,0
73,rejection+hat,8.161400793251818,0.026506115061541397,0.05225878437514305,100,30,2000,2000,0.1,1.0,1.0,1.1181966391943918,1.1181966391943918,0
73,plugin+true,0.8733261623828429,0.05785482915813352,0.09285878437514324,100,30,2000,2000,0.1,1.0,1.0,1.1181966391943918,1.1181966391943918,0
73,plugin+hat,8.161400793251818,0.08869482375388177,0.05225878437514305,100,30,2000,2000,0.1,1.0,1.0,1.1181966391943918,1.1181966391943918,0
74,rejection+true,19.952623149688797,0.007200741519530615,0.10464598137801798,100,30,2000,2000,0.1,1.0,1.0,1.0895258019032612,1.0895258019032612,0
74,rejection+hat,19.952623149688797,0.007200741519530615,0.10439598137801787,100,30,2000,2000,0.1,1.0,1.0,1.0895258019032612,1.0895258019032612,0
74,plugin+true,0.8733261623828429,0.0377797989014356,0.1412959813780178,100,30,2000,2000,0.1,1.0,1.0,1.0895258019032612,1.0895258019032612,0
74,plugin+hat,5.219718220435647,-0.006599730892903419,0.11184598137801795,100,30,2000,2000,0.1,1.0,1.0,1.0895258019032612,1.0895258019032612,0
75,rejection+true,1.3655075874659035,0.3157456687806795,0.07991485062879475,100,30,2000,2000,0.1,1.0,1.0,1.0953559584430919,1.0953559584430919,0
75,rejection+hat,0.01,0.29095345889218144,-0.009185149371205228,100,30,2000,2000,0.1,1.0,1.0,1.0953559584430919,1.0953559584430919,0
75,plugin+true,3.338331126107119,0.18038181794294622,0.055264850628794736,100,30,2000,2000,0.1,1.0,1.0,1.0953559584430919,1.0953559584430919,0
75,plugin+hat,0.015635711447601203,0.15476056766834706,-0.009185149371205228,100,30,2000,2000,0.1,1.0,1.0,1.0953559584430919,1.0953559584430919,0
76,rejection+true,2.135068261712694,0.39638354598234105,0.03924034380938362,100,30,2000,2000,0.1,1.0,1.0,1.0598372160787353,1.0598372160787353,0
76,rejection+hat,2.135068261712694,0.30802120094498,0.03764034380938355,100,30,2000,2000,0.1,1.0,1.0,1.0598372160787353,1.0598372160787353,0
76,plugin+true,0.03822547943598284,0.27979060198169975,0.07514034380938353,100,30,2000,2000,0.1,1.0,1.0,1.0598372160787353,1.0598372160787353,0
76,plugin+hat,0.35722445018714644,0.27536345409624413,0.06254034380938359,100,30,2000,2000,0.1,1.0,1.0,1.0598372160787353,1.0598372160787353,0
77,rejection+true,2.135068261712694,0.5412230818842848,0.06877442501553545,100,30,2000,2000,0.1,1.0,1.0,1.0223961032358493,1.0223961032358493,0
77,rejection+hat,2.135068261712694,0.5412230818842848,0.059424425015535465,100,30,2000,2000,0.1,1.0,1.0,1.0223961032358493,1.0223961032358493,0
77,plugin+true,0.015635711447601203,0.404181292220704,-0.006875574984464537,100,30,2000,2000,0.1,1.0,1.0,1.0223961032358493,1.0223961032358493,0
77,plugin+hat,0.02444754724726473,0.43953998485690865,-0.006875574984464537,100,30,2000,2000,0.1,1.0,1.0,1.0223961032358493,1.0223961032358493,0
78,rejection+true,12.760930781150906,0.1680877382556597,0.01136648165984515,100,30,2000,2000,0.1,1.0,1.0,1.034532069755566,1.034532069755566,0
78,rejection+hat,12.760930781150906,0.16412367075681683,0.010216481659845147,100,30,2000,2000,0.1,1.0,1.0,1.034532069755566,1.034532069755566,0
78,plugin+true,0.02444754724726473,0.16376461443440288,0.056716481659845185,100,30,2000,2000,0.1,1.0,1.0,1.034532069755566,1.034532069755566,0
78,plugin+hat,0.03822547943598284,0.07838545486173434,0.056816481659845194,100,30,2000,2000,0.1,1.0,1.0,1.034532069755566,1.034532069755566,0
79,rejection+true,8.161400793251818,0.007152788713574411,0.05164642906339425,100,30,2000,2000,0.1,1.0,1.0,0.9751669053889638,0.9751669053889638,1
79,rejection+hat,12.760930781150906,0.0009854429711898165,0.05294642906339432,100,30,2000,2000,0.1,1.0,1.0,0.9751669053889638,0.9751669053889638,1
79,plugin+true,0.558545842515421,-0.03254982463662079,0.09229642906339439,100,30,2000,2000,0.1,1.0,1.0,0.9751669053889638,0.9751669053889638,1
79,plugin+hat,0.35722445018714644,-0.04440362292471974,0.09654642906339442,100,30,2000,2000,0.1,1.0,1.0,0.9751669053889638,0.9751669053889638,1
80,rejection+true,0.01,0.03298188224434852,0.005694194242527417,100,30,2000,2000,0.1,1.0,1.0,1.0332468616530497,1.0332468616530497,0
80,rejection+hat,2.135068261712694,0.12269946858286855,0.07999419424252739,100,30,2000,2000,0.1,1.0,1.0,1.0332468616530497,1.0332468616530497,0
80,plugin+true,8.161400793251818,0.24898846525065804,0.05934419424252747,100,30,2000,2000,0.1,1.0,1.0,1.0332468616530497,1.0332468616530497,0
80,plugin+hat,0.01,0.26777601398041917,0.005694194242527417,100,30,2000,2000,0.1,1.0,1.0,1.0332468616530497,1.0332468616530497,0
81,rejection+true,1.3655075874659035,0.12474643671885133,0.07763368645555264,100,30,2000,2000,0.1,1.0,1.0,0.9068461082801718,0.9068461082801718,1
81,rejection+hat,1.3655075874659035,0.1796401100543638,0.06523368645555257,100,30,2000,2000,0.1,1.0,1.0,0.9068461082801718,0.9068461082801718,1
81,plugin+true,0.03822547943598284,0.059035258976729156,0.006733686455552607,100,30,2000,2000,0.1,1.0,1.0,0.9068461082801718,0.9068461082801718,1
81,plugin+hat,0.02444754724726473,0.1436189635493192,0.006733686455552607,100,30,2000,2000,0.1,1.0,1.0,0.9068461082801718,0.9068461082801718,1
82,rejection+true,0.8733261623828429,0.09080849600334964,0.10529134100049886,100,30,2000,2000,0.1,1.0,1.0,1.074491102989638,1.074491102989638,0
82,rejection+hat,0.01,0.041077670579155276,0.012841341000499131,100,30,2000,2000,0.1,1.0,1.0,1.074491102989638,1.074491102989638,0
82,plugin+true,0.03822547943598284,0.0675366858649149,0.012841341000499131,100,30,2000,2000,0.1,1.0,1.0,1.074491102989638,1.074491102989638,0
82,plugin+hat,2.135068261712694,0.05532194135555679,0.07149134100049905,100,30,2000,2000,0.1,1.0,1.0,1.074491102989638,1.074491102989638,0
83,rejection+true,5.219718220435647,-0.15071219156185786,0.09136969770373442,100,30,2000,2000,0.1,1.0,1.0,0.9505241194464222,0.9505241194464222,1
83,rejection+hat,1.3655075874659035,-0.11943282783031466,0.1137196977037344,100,30,2000,2000,0.1,1.0,1.0,0.9505241194464222,0.9505241194464222,1
83,plugin+true,1.3655075874659035,0.07719800470600893,0.10476969770373426,100,30,2000,2000,0.1,1.0,1.0,0.9505241194464222,0.9505241194464222,1
83,plugin+hat,0.8733261623828429,0.04283219725110561,0.11926969770373429,100,30,2000,2000,0.1,1.0,1.0,0.9505241194464222,0.9505241194464222,1
84,rejection+true,0.01,0.4823172310056786,0.09214193913749977,100,30,2000,2000,0.1,1.0,1.0,1.0442574618137312,1.0442574618137312,0
84,rejection+hat,0.01,0.4823172310056786,0.09214193913749977,100,30,2000,2000,0.1,1.0,1.0,1.0442574618137312,1.0442574618137312,0
84,plugin+true,0.09345192145605369,0.4721885550125301,0.0908919391374998,100,30,2000,2000,0.1,1.0,1.0,1.0442574618137312,1.0442574618137312,0
84,plugin+hat,0.558545842515421,0.4409030974368472,0.05939193913749952,100,30,2000,2000,0.1,1.0,1.0,1.0442574618137312,1.0442574618137312,0
85,rejection+true,0.01,0.17075246249636014,0.0826298808064639,100,30,2000,2000,0.1,1.0,1.0,1.0387176328375365,1.0387176328375365,0
85,rejection+hat,0.01,0.17075246249636014,0.0826298808064639,100,30,2000,2000,0.1,1.0,1.0,1.0387176328375365,1.0387176328375365,0
85,plugin+true,0.558545842515421,0.04565030549431464,0.06542988080646396,100,30,2000,2000,0.1,1.0,1.0,1.0387176328375365,1.0387176328375365,0
85,plugin+hat,0.02444754724726473,0.019652412799012104,0.0826298808064639,100,30,2000,2000,0.1,1.0,1.0,1.0387176328375365,1.0387176328375365,0
86,rejection+true,3.338331126107119,0.1334873422980309,0.10699498166127348,100,30,2000,2000,0.1,1.0,1.0,1.0631582894323452,1.0631582894323452,0
86,rejection+hat,3.338331126107119,0.12368908822536466,0.10829498166127352,100,30,2000,2000,0.1,1.0,1.0,1.0631582894323452,1.0631582894323452,0
86,plugin+true,8.161400793251818,0.14914405702004618,0.0959449816612736,100,30,2000,2000,0.1,1.0,1.0,1.0631582894323452,1.0631582894323452,0
86,plugin+hat,12.760930781150906,0.21015339560295768,0.09224498166127336,100,30,2000,2000,0.1,1.0,1.0,1.0631582894323452,1.0631582894323452,0
87,rejection+true,5.219718220435647,-0.11466420244347923,0.05009338805999842,100,30,2000,2000,0.1,1.0,1.0,1.0022033252344154,1.0022033252344154,0
87,rejection+hat,5.219718220435647,-0.11466420244347923,0.0555433880599984,100,30,2000,2000,0.1,1.0,1.0,1.0022033252344154,1.0022033252344154,0
87,plugin+true,0.05976825664072413,0.024555764102071144,0.09044338805999852,100,30,2000,2000,0.1,1.0,1.0,1.0022033252344154,1.0022033252344154,0
87,plugin+hat,0.35722445018714644,0.0071031402834644,0.09039338805999851,100,30,2000,2000,0.1,1.0,1.0,1.0022033252344154,1.0022033252344154,0
88,rejection+true,12.760930781150906,0.13988428047547738,0.025684791928459655,100,30,2000,2000,0.1,1.0,1.0,1.0920407953428006,1.0920407953428006,0
88,rejection+hat,0.01,0.02938841677581271,0.07353479192845963,100,30,2000,2000,0.1,1.0,1.0,1.0920407953428006,1.0920407953428006,0
88,plugin+true,0.22846702651445452,-0.006240206934831498,0.07333479192845961,100,30,2000,2000,0.1,1.0,1.0,1.0920407953428006,1.0920407953428006,0
88,plugin+hat,0.35722445018714644,-0.008491679064351184,0.07198479192845965,100,30,2000,2000,0.1,1.0,1.0,1.0920407953428006,1.0920407953428006,0
89,rejection+true,0.8733261623828429,0.2547252914635464,0.10789934154064158,100,30,2000,2000,0.1,1.0,1.0,0.990274161600237,0.990274161600237,1
89,rejection+hat,0.8733261623828429,0.2547252914635464,0.08359934154064172,100,30,2000,2000,0.1,1.0,1.0,0.990274161600237,0.990274161600237,1
89,plugin+true,0.558545842515421,0.17227500213754288,0.036349341540641567,100,30,2000,2000,0.1,1.0,1.0,0.990274161600237,0.990274161600237,1
89,plugin+hat,0.02444754724726473,0.17571032831889472,0.1360493415406415,100,30,2000,2000,0.1,1.0,1.0,0.990274161600237,0.990274161600237,1
90,rejection+true,0.01,0.2867702769736448,0.0855676925059781,100,30,2000,2000,0.1,1.0,1.0,0.9666386055781601,0.9666386055781601,1
90,rejection+hat,0.01,0.2867702769736448,0.0855676925059781,100,30,2000,2000,0.1,1.0,1.0,0.9666386055781601,0.9666386055781601,1
90,plugin+true,0.03822547943598284,0.193999013471331,0.0855676925059781,100,30,2000,2000,0.1,1.0,1.0,0.9666386055781601,0.9666386055781601,1
90,plugin+hat,0.1461187278110747,0.1827920244697217,0.08541769250597808,100,30,2000,2000,0.1,1.0,1.0,0.9666386055781601,0.9666386055781601,1
91,rejection+true,0.8733261623828429,0.1321878020806859,0.05427783595789539,100,30,2000,2000,0.1,1.0,1.0,0.9397515242114007,0.9397515242114007,1
91,rejection+hat,5.219718220435647,0.12138928819137315,0.05382783595789546,100,30,2000,2000,0.1,1.0,1.0,0.9397515242114007,0.9397515242114007,1
91,plugin+true,0.22846702651445452,0.20876042588287907,0.09237783595789548,100,30,2000,2000,0.1,1.0,1.0,0.9397515242114007,0.9397515242114007,1
91,plugin+hat,0.015635711447601203,0.19627166900230875,0.09237783595789548,100,30,2000,2000,0.1,1.0,1.0,0.9397515242114007,0.9397515242114007,1
92,rejection+true,0.8733261623828429,0.30444463541110356,0.07269107748988002,100,30,2000,2000,0.1,1.0,1.0,0.951694948892616,0.951694948892616,1
92,rejection+hat,0.8733261623828429,0.30444463541110356,0.08034107748987994,100,30,2000,2000,0.1,1.0,1.0,0.951694948892616,0.951694948892616,1
92,plugin+true,0.03822547943598284,0.24237948271240156,0.002391077489879955,100,30,2000,2000,0.1,1.0,1.0,0.951694948892616,0.951694948892616,1
92,plugin+hat,0.03822547943598284,0.20998984779940133,0.002341077489879955,100,30,2000,2000,0.1,1.0,1.0,0.951694948892616,0.951694948892616,1
93,rejection+true,0.01,0.1853343417247136,0.11552878184377836,100,30,2000,2000,0.1,1.0,1.0,1.0083340271695842,1.0083340271695842,0
93,rejection+hat,0.01,0.1853343417247136,0.11552878184377836,100,30,2000,2000,0.1,1.0,1.0,1.0083340271695842,1.0083340271695842,0
93,plugin+true,8.161400793251818,0.27236214271737674,0.07322878184377841,100,30,2000,2000,0.1,1.0,1.0,1.0083340271695842,1.0083340271695842,0
93,plugin+hat,0.22846702651445452,0.308288870676351,0.11527878184377836,100,30,2000,2000,0.1,1.0,1.0,1.0083340271695842,1.0083340271695842,0
94,rejection+true,1.3655075874659035,0.229094106455644,0.09529943962942508,100,30,2000,2000,0.1,1.0,1.0,0.9856532259061267,0.9856532259061267,1
94,rejection+hat,8.161400793251818,0.2173951497146239,0.0606994396294247,100,30,2000,2000,0.1,1.0,1.0,0.9856532259061267,0.9856532259061267,1
94,plugin+true,0.015635711447601203,0.16513184175419873,0.10229943962942505,100,30,2000,2000,0.1,1.0,1.0,0.9856532259061267,0.9856532259061267,1
94,plugin+hat,0.22846702651445452,0.18061223342447605,0.07484943962942492,100,30,2000,2000,0.1,1.0,1.0,0.9856532259061267,0.9856532259061267,1
95,rejection+true,2.135068261712694,0.23724561135168187,0.06911147925185905,100,30,2000,2000,0.1,1.0,1.0,0.9423340817301945,0.9423340817301945,1
95,rejection+hat,3.338331126107119,0.20959360997076146,0.052711479251859136,100,30,2000,2000,0.1,1.0,1.0,0.9423340817301945,0.9423340817301945,1
95,plugin+true,0.35722445018714644,0.2755214568232357,-0.009088520748140913,100,30,2000,2000,0.1,1.0,1.0,0.9423340817301945,0.9423340817301945,1
95,plugin+hat,0.35722445018714644,0.2865485562649346,-0.008988520748140915,100,30,2000,2000,0.1,1.0,1.0,0.9423340817301945,0.9423340817301945,1
96,rejection+true,0.8733261623828429,0.16669311846295992,0.10944010507543613,100,30,2000,2000,0.1,1.0,1.0,0.8797069716559408,0.8797069716559408,1
96,rejection+hat,0.8733261623828429,0.055441496521234514,0.09409010507543622,100,30,2000,2000,0.1,1.0,1.0,0.8797069716559408,0.8797069716559408,1
96,plugin+true,0.09345192145605369,0.14452066495750046,0.131540105075436,100,30,2000,2000,0.1,1.0,1.0,0.8797069716559408,0.8797069716559408,1
96,plugin+hat,19.952623149688797,0.09369555538052934,0.08409010507543625,100,30,2000,2000,0.1,1.0,1.0,0.8797069716559408,0.8797069716559408,1
97,rejection+true,0.01,0.1615425715222955,0.08458849662865071,100,30,2000,2000,0.1,1.0,1.0,0.9550694356112382,0.9550694356112382,1
97,rejection+hat,0.01,0.1615425715222955,0.08458849662865071,100,30,2000,2000,0.1,1.0,1.0,0.9550694356112382,0.9550694356112382,1
97,plugin+true,0.02444754724726473,0.2614911049943483,0.08453849662865073,100,30,2000,2000,0.1,1.0,1.0,0.9550694356112382,0.9550694356112382,1
97,plugin+hat,0.01,0.22869964395425796,0.08458849662865071,100,30,2000,2000,0.1,1.0,1.0,0.9550694356112382,0.9550694356112382,1
98,rejection+true,1.3655075874659035,0.048968214044968296,0.020225506763846542,100,30,2000,2000,0.1,1.0,1.0,1.0006052793009894,1.0006052793009894,0
98,rejection+hat,1.3655075874659035,0.048968214044968296,0.017625506763846548,100,30,2000,2000,0.1,1.0,1.0,1.0006052793009894,1.0006052793009894,0
98,plugin+true,0.1461187278110747,0.1860640735580945,0.04582550676384661,100,30,2000,2000,0.1,1.0,1.0,1.0006052793009894,1.0006052793009894,0
98,plugin+hat,0.05976825664072413,0.18188329870466996,-0.05332449323615337,100,30,2000,2000,0.1,1.0,1.0,1.0006052793009894,1.0006052793009894,0
99,rejection+true,8.161400793251818,0.23680788346876702,0.04053427506466568,100,30,2000,2000,0.1,1.0,1.0,0.961264866327917,0.961264866327917,1
99,rejection+hat,8.161400793251818,0.25283835896601287,0.036284275064665666,100,30,2000,2000,0.1,1.0,1.0,0.961264866327917,0.961264866327917,1
99,plugin+true,0.05976825664072413,0.22384127808975549,0.0867342750646656,100,30,2000,2000,0.1,1.0,1.0,0.961264866327917,0.961264866327917,1
99,plugin+hat,0.35722445018714644,0.21280920287489397,0.08608427506466564,100,30,2000,2000,0.1,1.0,1.0,0.961264866327917,0.961264866327917,1
100,rejection+true,0.01,0.2206405078371366,0.09219911184475031,100,30,2000,2000,0.1,1.0,1.0,0.9723767495880871,0.9723767495880871,1
100,rejection+hat,0.01,0.2206405078371366,0.09219911184475031,100,30,2000,2000,0.1,1.0,1.0,0.9723767495880871,0.9723767495880871,1
100,plugin+true,0.09345192145605369,0.17925731034333617,0.09219911184475031,100,30,2000,2000,0.1,1.0,1.0,0.9723767495880871,0.9723767495880871,1
100,plugin+hat,0.35722445018714644,0.22353071996140997,0.09209911184475028,100,30,2000,2000,0.1,1.0,1.0,0.9723767495880871,0.9723767495880871,1
101,rejection+true,3.338331126107119,0.04086646468689045,0.07536891408076565,100,30,2000,2000,0.1,1.0,1.0,0.9927672837882155,0.9927672837882155,1
101,rejection+hat,3.338331126107119,0.04086646468689045,0.07206891408076573,100,30,2000,2000,0.1,1.0,1.0,0.9927672837882155,0.9927672837882155,1
101,plugin+true,0.05976825664072413,-0.03668849275404632,0.011968914080765582,100,30,2000,2000,0.1,1.0,1.0,0.9927672837882155,0.9927672837882155,1
101,plugin+hat,0.03822547943598284,-0.05908480821343583,0.011968914080765582,100,30,2000,2000,0.1,1.0,1.0,0.9927672837882155,0.9927672837882155,1
102,rejection+true,19.952623149688797,0.15640605216224984,0.06796904242965773,100,30,2000,2000,0.1,1.0,1.0,0.9791718228479694,0.9791718228479694,1
102,rejection+hat,19.952623149688797,0.15640605216224984,0.06816904242965785,100,30,2000,2000,0.1,1.0,1.0,0.9791718228479694,0.9791718228479694,1
102,plugin+true,1.3655075874659035,0.09214713938286609,0.09321904242965777,100,30,2000,2000,0.1,1.0,1.0,0.9791718228479694,0.9791718228479694,1
102,plugin+hat,2.135068261712694,0.11649849585595091,0.08141904242965771,100,30,2000,2000,0.1,1.0,1.0,0.9791718228479694,0.9791718228479694,1
103,rejection+true,0.01,-0.11713317694763341,-0.03528802263965822,100,30,2000,2000,0.1,1.0,1.0,0.9531142589960756,0.9531142589960756,1
103,rejection+hat,0.01,-0.11713317694763341,-0.03528802263965822,100,30,2000,2000,0.1,1.0,1.0,0.9531142589960756,0.9531142589960756,1
103,plugin+true,19.952623149688797,-0.0822092096723543,0.01771197736034179,100,30,2000,2000,0.1,1.0,1.0,0.9531142589960756,0.9531142589960756,1
103,plugin+hat,0.09345192145605369,-0.06717989564250877,-0.03528802263965822,100,30,2000,2000,0.1,1.0,1.0,0.9531142589960756,0.9531142589960756,1
104,rejection+true,0.8733261623828429,0.06942378270129361,0.09738094452865069,100,30,2000,2000,0.1,1.0,1.0,0.868961621727015,0.868961621727015,1
104,rejection+hat,5.219718220435647,0.11738221483925979,0.06898094452865082,100,30,2000,2000,0.1,1.0,1.0,0.868961621727015,0.868961621727015,1
104,plugin+true,5.219718220435647,0.09156377598488354,0.07693094452865085,100,30,2000,2000,0.1,1.0,1.0,0.868961621727015,0.868961621727015,1
104,plugin+hat,1.3655075874659035,0.06700287958816692,0.08723094452865097,100,30,2000,2000,0.1,1.0,1.0,0.868961621727015,0.868961621727015,1
105,rejection+true,0.01,0.25790172681833307,-0.017625700882316672,100,30,2000,2000,0.1,1.0,1.0,0.9898476003434046,0.9898476003434046,1
105,rejection+hat,0.01,0.25790172681833307,-0.017625700882316672,100,30,2000,2000,0.1,1.0,1.0,0.9898476003434046,0.9898476003434046,1
105,plugin+true,0.02444754724726473,0.1685039215830547,-0.017625700882316672,100,30,2000,2000,0.1,1.0,1.0,0.9898476003434046,0.9898476003434046,1
105,plugin+hat,0.22846702651445452,0.128022730574299,-0.017625700882316672,100,30,2000,2000,0.1,1.0,1.0,0.9898476003434046,0.9898476003434046,1
106,rejection+true,2.135068261712694,0.33976063455144556,0.07763980866833696,100,30,2000,2000,0.1,1.0,1.0,1.015290869614533,1.015290869614533,0
106,rejection+hat,2.135068261712694,0.3346486660341422,0.07613980866833696,100,30,2000,2000,0.1,1.0,1.0,1.015290869614533,1.015290869614533,0
106,plugin+true,0.015635711447601203,0.10443911756047652,0.016839808668337085,100,30,2000,2000,0.1,1.0,1.0,1.015290869614533,1.015290869614533,0
106,plugin+hat,0.09345192145605369,0.16777614806886557,0.016839808668337085,100,30,2000,2000,0.1,1.0,1.0,1.015290869614533,1.015290869614533,0
107,rejection+true,0.558545842515421,0.4906122363482912,0.011268919745637027,100,30,2000,2000,0.1,1.0,1.0,1.0805347879537592,1.0805347879537592,0
107,rejection+hat,0.558545842515421,0.5438557805493472,0.0833189197456371,100,30,2000,2000,0.1,1.0,1.0,1.0805347879537592,1.0805347879537592,0
107,plugin+true,12.760930781150906,0.22715075023078257,0.06506891974563694,100,30,2000,2000,0.1,1.0,1.0,1.0805347879537592,1.0805347879537592,0
107,plugin+hat,0.02444754724726473,0.19086830980290487,0.011118919745637038,100,30,2000,2000,0.1,1.0,1.0,1.0805347879537592,1.0805347879537592,0
108,rejection+true,0.558545842515421,0.10088462277005114,0.08384203276096805,100,30,2000,2000,0.1,1.0,1.0,1.1022484007914672,1.1022484007914672,0
108,rejection+hat,0.558545842515421,0.10088462277005114,0.05464203276096792,100,30,2000,2000,0.1,1.0,1.0,1.1022484007914672,1.1022484007914672,0
108,plugin+true,0.05976825664072413,0.20924305656896255,-0.013057967239032036,100,30,2000,2000,0.1,1.0,1.0,1.1022484007914672,1.1022484007914672,0
108,plugin+hat,0.558545842515421,0.1540968101577624,0.05464203276096792,100,30,2000,2000,0.1,1.0,1.0,1.1022484007914672,1.1022484007914672,0
109,rejection+true,0.01,0.2640278772761425,0.09319433179726078,100,30,2000,2000,0.1,1.0,1.0,0.9826154148002931,0.9826154148002931,1
109,rejection+hat,0.01,0.2640278772761425,0.09319433179726078,100,30,2000,2000,0.1,1.0,1.0,0.9826154148002931,0.9826154148002931,1
109,plugin+true,0.01,0.1835631114464451,0.09319433179726078,100,30,2000,2000,0.1,1.0,1.0,0.9826154148002931,0.9826154148002931,1
109,plugin+hat,12.760930781150906,0.17517059379400451,0.045094331797260835,100,30,2000,2000,0.1,1.0,1.0,0.9826154148002931,0.9826154148002931,1
110,rejection+true,0.01,-0.019032522415121392,0.0690274868465364,100,30,2000,2000,0.1,1.0,1.0,0.9883691229512244,0.9883691229512244,1
110,rejection+hat,2.135068261712694,0.029131485025087993,0.032327486846536184,100,30,2000,2000,0.1,1.0,1.0,0.9883691229512244,0.9883691229512244,1
110,plugin+true,0.09345192145605369,-0.008350712071542954,0.0690274868465364,100,30,2000,2000,0.1,1.0,1.0,0.9883691229512244,0.9883691229512244,1
110,plugin+hat,0.1461187278110747,0.03023206683748538,0.06812748684653644,100,30,2000,2000,0.1,1.0,1.0,0.9883691229512244,0.9883691229512244,1
111,rejection+true,0.558545842515421,0.1342487505171448,0.08816008107436082,100,30,2000,2000,0.1,1.0,1.0,1.042646905662613,1.042646905662613,0
111,rejection+hat,5.219718220435647,0.19009093423373993,0.05576008107436077,100,30,2000,2000,0.1,1.0,1.0,1.042646905662613,1.042646905662613,0
111,plugin+true,0.35722445018714644,0.2274157453516285,0.09201008107436079,100,30,2000,2000,0.1,1.0,1.0,1.042646905662613,1.042646905662613,0
111,plugin+hat,8.161400793251818,0.2880704065632573,0.05076008107436078,100,30,2000,2000,0.1,1.0,1.0,1.042646905662613,1.042646905662613,0
112,rejection+true,8.161400793251818,0.3347625893385461,0.060382681425785054,100,30,2000,2000,0.1,1.0,1.0,1.1072908541081437,1.1072908541081437,0
112,rejection+hat,8.161400793251818,0.3347625893385461,0.0631826814257852,100,30,2000,2000,0.1,1.0,1.0,1.1072908541081437,1.1072908541081437,0
112,plugin+true,0.015635711447601203,0.16816585326921712,0.10753268142578547,100,30,2000,2000,0.1,1.0,1.0,1.1072908541081437,1.1072908541081437,0
112,plugin+hat,12.760930781150906,0.12187948193391018,0.05983268142578505,100,30,2000,2000,0.1,1.0,1.0,1.1072908541081437,1.1072908541081437,0
113,rejection+true,8.161400793251818,0.16604712624102827,0.09799805726180542,100,30,2000,2000,0.1,1.0,1.0,0.9600531713466681,0.9600531713466681,1
113,rejection+hat,8.161400793251818,0.16604712624102827,0.09749805726180558,100,30,2000,2000,0.1,1.0,1.0,0.9600531713466681,0.9600531713466681,1
113,plugin+true,0.09345192145605369,0.13127035520380617,0.1402980572618054,100,30,2000,2000,0.1,1.0,1.0,0.9600531713466681,0.9600531713466681,1
113,plugin+hat,0.01,0.10504744585245326,0.1402980572618054,100,30,2000,2000,0.1,1.0,1.0,0.9600531713466681,0.9600531713466681,1
114,rejection+true,19.952623149688797,0.2487918466019134,0.05201655761025981,100,30,2000,2000,0.1,1.0,1.0,1.0447344348976473,1.0447344348976473,0
114,rejection+hat,12.760930781150906,0.2487918466019134,0.055066557610259866,100,30,2000,2000,0.1,1.0,1.0,1.0447344348976473,1.0447344348976473,0
114,plugin+true,8.161400793251818,0.11841162320284893,0.05531655761025985,100,30,2000,2000,0.1,1.0,1.0,1.0447344348976473,1.0447344348976473,0
114,plugin+hat,0.09345192145605369,0.12404320913202005,0.10031655761025982,100,30,2000,2000,0.1,1.0,1.0,1.0447344348976473,1.0447344348976473,0
115,rejection+true,1.3655075874659035,0.3385681852077445,0.047627327528328746,100,30,2000,2000,0.1,1.0,1.0,1.0912774461990111,1.0912774461990111,0
115,rejection+hat,0.8733261623828429,0.3511527383079132,0.06367732752832851,100,30,2000,2000,0.1,1.0,1.0,1.0912774461990111,1.0912774461990111,0
115,plugin+true,0.35722445018714644,0.21268303162937582,0.0673773275283286,100,30,2000,2000,0.1,1.0,1.0,1.0912774461990111,1.0912774461990111,0
115,plugin+hat,0.8733261623828429,0.23297354358589986,0.06367732752832851,100,30,2000,2000,0.1,1.0,1.0,1.0912774461990111,1.0912774461990111,0
116,rejection+true,0.01,0.14135874000688398,0.09251726625936056,100,30,2000,2000,0.1,1.0,1.0,1.1037222631900918,1.1037222631900918,0
116,rejection+hat,0.01,0.14135874000688398,0.09251726625936056,100,30,2000,2000,0.1,1.0,1.0,1.1037222631900918,1.1037222631900918,0
116,plugin+true,5.219718220435647,0.02902389692526443,0.048117266259360456,100,30,2000,2000,0.1,1.0,1.0,1.1037222631900918,1.1037222631900918,0
116,plugin+hat,0.015635711447601203,0.008507902673215877,0.09251726625936056,100,30,2000,2000,0.1,1.0,1.0,1.1037222631900918,1.1037222631900918,0
117,rejection+true,1.3655075874659035,0.17151427942638592,0.06492534307848769,100,30,2000,2000,0.1,1.0,1.0,1.01292114949023,1.01292114949023,0
117,rejection+hat,1.3655075874659035,0.17151427942638592,0.07962534307848768,100,30,2000,2000,0.1,1.0,1.0,1.01292114949023,1.01292114949023,0
117,plugin+true,0.558545842515421,0.12580593192478357,0.09372534307848783,100,30,2000,2000,0.1,1.0,1.0,1.01292114949023,1.01292114949023,0
117,plugin+hat,0.02444754724726473,0.18115403783188,0.09377534307848781,100,30,2000,2000,0.1,1.0,1.0,1.01292114949023,1.01292114949023,0
118,rejection+true,3.338331126107119,0.2488745457182328,0.05735029561841543,100,30,2000,2000,0.1,1.0,1.0,0.9514642535487714,0.9514642535487714,1
118,rejection+hat,3.338331126107119,0.24034089989339313,0.06035029561841561,100,30,2000,2000,0.1,1.0,1.0,0.9514642535487714,0.9514642535487714,1
118,plugin+true,0.1461187278110747,0.06249982005849615,0.09470029561841532,100,30,2000,2000,0.1,1.0,1.0,0.9514642535487714,0.9514642535487714,1
118,plugin+hat,0.8733261623828429,0.04260970221447753,0.08940029561841539,100,30,2000,2000,0.1,1.0,1.0,0.9514642535487714,0.9514642535487714,1
119,rejection+true,1.3655075874659035,-0.02009670088688532,0.05449753736872365,100,30,2000,2000,0.1,1.0,1.0,1.0344635671835247,1.0344635671835247,0
119,rejection+hat,1.3655075874659035,-0.02009670088688532,0.07014753736872378,100,30,2000,2000,0.1,1.0,1.0,1.0344635671835247,1.0344635671835247,0
119,plugin+true,0.01,-0.07850020183739145,-0.004102462631276293,100,30,2000,2000,0.1,1.0,1.0,1.0344635671835247,1.0344635671835247,0
119,plugin+hat,0.22846702651445452,-0.0582877661753605,0.0947475373687239,100,30,2000,2000,0.1,1.0,1.0,1.0344635671835247,1.0344635671835247,0
120,rejection+true,2.135068261712694,0.037997009108463924,0.09919093589504013,100,30,2000,2000,0.1,1.0,1.0,1.036362202849128,1.036362202849128,0
120,rejection+hat,2.135068261712694,0.037997009108463924,0.07879093589504024,100,30,2000,2000,0.1,1.0,1.0,1.036362202849128,1.036362202849128,0
120,plugin+true,5.219718220435647,0.1280112508083293,0.08479093589504033,100,30,2000,2000,0.1,1.0,1.0,1.036362202849128,1.036362202849128,0
120,plugin+hat,0.05976825664072413,0.10853010709981463,0.12814093589504014,100,30,2000,2000,0.1,1.0,1.0,1.036362202849128,1.036362202849128,0
121,rejection+true,12.760930781150906,0.16962272686262922,0.09539128947096637,100,30,2000,2000,0.1,1.0,1.0,0.8921012892967397,0.8921012892967397,1
121,rejection+hat,1.3655075874659035,0.2040969512114922,0.0947912894709662,100,30,2000,2000,0.1,1.0,1.0,0.8921012892967397,0.8921012892967397,1
121,plugin+true,0.03822547943598284,0.14892563143922788,0.041991289470966316,100,30,2000,2000,0.1,1.0,1.0,0.8921012892967397,0.8921012892967397,1
121,plugin+hat,3.338331126107119,0.113950845822821,0.11484128947096628,100,30,2000,2000,0.1,1.0,1.0,0.8921012892967397,0.8921012892967397,1
122,rejection+true,0.558545842515421,0.02929753462473551,0.0738410785685716,100,30,2000,2000,0.1,1.0,1.0,1.0693704457971733,1.0693704457971733,0
122,rejection+hat,0.558545842515421,0.02929753462473551,0.0764410785685716,100,30,2000,2000,0.1,1.0,1.0,1.0693704457971733,1.0693704457971733,0
122,plugin+true,5.219718220435647,0.042307535366189544,0.038341078568571635,100,30,2000,2000,0.1,1.0,1.0,1.0693704457971733,1.0693704457971733,0
122,plugin+hat,0.22846702651445452,0.05835228106594035,-0.018808921431428413,100,30,2000,2000,0.1,1.0,1.0,1.0693704457971733,1.0693704457971733,0
123,rejection+true,8.161400793251818,0.39635843882958094,0.08922336892279051,100,30,2000,2000,0.1,1.0,1.0,1.1250079952387293,1.1250079952387293,0
123,rejection+hat,8.161400793251818,0.3992218678196272,0.08752336892279057,100,30,2000,2000,0.1,1.0,1.0,1.1250079952387293,1.1250079952387293,0
123,plugin+true,0.35722445018714644,0.034678132703092494,0.03222336892279052,100,30,2000,2000,0.1,1.0,1.0,1.1250079952387293,1.1250079952387293,0
123,plugin+hat,1.3655075874659035,0.12083317377742793,0.1188233689227905,100,30,2000,2000,0.1,1.0,1.0,1.1250079952387293,1.1250079952387293,0
124,rejection+true,3.338331126107119,0.1084490230306983,0.06414942642072896,100,30,2000,2000,0.1,1.0,1.0,0.9997018828438171,0.9997018828438171,1
124,rejection+hat,3.338331126107119,0.1084490230306983,0.056899426420728844,100,30,2000,2000,0.1,1.0,1.0,0.9997018828438171,0.9997018828438171,1
124,plugin+true,0.558545842515421,0.10402388270946399,0.07654942642072883,100,30,2000,2000,0.1,1.0,1.0,0.9997018828438171,0.9997018828438171,1
124,plugin+hat,12.760930781150906,0.06337677979065845,0.0522994264207288,100,30,2000,2000,0.1,1.0,1.0,0.9997018828438171,0.9997018828438171,1
125,rejection+true,2.135068261712694,0.28734883007903894,0.06346180878028694,100,30,2000,2000,0.1,1.0,1.0,0.9797937587793806,0.9797937587793806,1
125,rejection+hat,2.135068261712694,0.31425786502659314,0.05441180878028688,100,30,2000,2000,0.1,1.0,1.0,0.9797937587793806,0.9797937587793806,1
125,plugin+true,0.09345192145605369,0.16241461433224474,0.09226180878028688,100,30,2000,2000,0.1,1.0,1.0,0.9797937587793806,0.9797937587793806,1
125,plugin+hat,0.03822547943598284,0.2036459699304373,0.09226180878028688,100,30,2000,2000,0.1,1.0,1.0,0.9797937587793806,0.9797937587793806,1
126,rejection+true,0.01,-0.03597571464876335,-0.014282289714690298,100,30,2000,2000,0.1,1.0,1.0,1.0113344709033072,1.0113344709033072,0
126,rejection+hat,0.01,-0.03597571464876335,-0.014282289714690298,100,30,2000,2000,0.1,1.0,1.0,1.0113344709033072,1.0113344709033072,0
126,plugin+true,8.161400793251818,-0.02978350998915586,0.03896771028530966,100,30,2000,2000,0.1,1.0,1.0,1.0113344709033072,1.0113344709033072,0
126,plugin+hat,0.01,0.001635085754131097,-0.014282289714690298,100,30,2000,2000,0.1,1.0,1.0,1.0113344709033072,1.0113344709033072,0
127,rejection+true,2.135068261712694,0.17753772716969252,0.08604561770531431,100,30,2000,2000,0.1,1.0,1.0,1.0672606058087613,1.0672606058087613,0
127,rejection+hat,3.338331126107119,0.18032251503318544,0.07079561770531419,100,30,2000,2000,0.1,1.0,1.0,1.0672606058087613,1.0672606058087613,0
127,plugin+true,19.952623149688797,0.06603813512295208,0.06289561770531438,100,30,2000,2000,0.1,1.0,1.0,1.0672606058087613,1.0672606058087613,0
127,plugin+hat,0.015635711447601203,0.07403982348864716,0.10844561770531444,100,30,2000,2000,0.1,1.0,1.0,1.0672606058087613,1.0672606058087613,0
128,rejection+true,5.219718220435647,0.261515912367031,0.07144195335368018,100,30,2000,2000,0.1,1.0,1.0,0.9581162499034404,0.9581162499034404,1
128,rejection+hat,5.219718220435647,0.261515912367031,0.06979195335368017,100,30,2000,2000,0.1,1.0,1.0,0.9581162499034404,0.9581162499034404,1
128,plugin+true,0.22846702651445452,0.18313541751605192,0.01194195335368036,100,30,2000,2000,0.1,1.0,1.0,0.9581162499034404,0.9581162499034404,1
128,plugin+hat,0.8733261623828429,0.1939408013056545,0.08299195335368025,100,30,2000,2000,0.1,1.0,1.0,0.9581162499034404,0.9581162499034404,1
129,rejection+true,0.558545842515421,0.2865969880794486,0.027092254808797497,100,30,2000,2000,0.1,1.0,1.0,0.9746583928820877,0.9746583928820877,1
129,rejection+hat,0.558545842515421,0.2865969880794486,0.027092254808797497,100,30,2000,2000,0.1,1.0,1.0,0.9746583928820877,0.9746583928820877,1
129,plugin+true,0.015635711447601203,0.13524827639097825,0.026942254808797493,100,30,2000,2000,0.1,1.0,1.0,0.9746583928820877,0.9746583928820877,1
129,plugin+hat,3.338331126107119,0.14840517812128318,0.09639225480879747,100,30,2000,2000,0.1,1.0,1.0,0.9746583928820877,0.9746583928820877,1
130,rejection+true,3.338331126107119,-0.017782585167636474,0.0647239909848453,100,30,2000,2000,0.1,1.0,1.0,1.0971709415473085,1.0971709415473085,0
130,rejection+hat,2.135068261712694,0.12816156872237722,0.07102399098484537,100,30,2000,2000,0.1,1.0,1.0,1.0971709415473085,1.0971709415473085,0
130,plugin+true,0.35722445018714644,0.11080453411316235,0.10167399098484543,100,30,2000,2000,0.1,1.0,1.0,1.0971709415473085,1.0971709415473085,0
130,plugin+hat,0.8733261623828429,0.08092167518936302,0.09532399098484533,100,30,2000,2000,0.1,1.0,1.0,1.0971709415473085,1.0971709415473085,0
131,rejection+true,12.760930781150906,0.3689678733547528,0.04958779709636804,100,30,2000,2000,0.1,1.0,1.0,1.076559229999196,1.076559229999196,0
131,rejection+hat,12.760930781150906,0.3250472143292428,0.04968779709636811,100,30,2000,2000,0.1,1.0,1.0,1.076559229999196,1.076559229999196,0
131,plugin+true,0.1461187278110747,0.1601342065202545,0.096337797096368,100,30,2000,2000,0.1,1.0,1.0,1.076559229999196,1.076559229999196,0
131,plugin+hat,2.135068261712694,0.1417242641868807,0.05768779709636817,100,30,2000,2000,0.1,1.0,1.0,1.076559229999196,1.076559229999196,0
132,rejection+true,0.558545842515421,0.35610070993813375,0.09223402727167856,100,30,2000,2000,0.1,1.0,1.0,0.9740186996560339,0.9740186996560339,1
132,rejection+hat,0.35722445018714644,0.30835503707639866,0.09743402727167856,100,30,2000,2000,0.1,1.0,1.0,0.9740186996560339,0.9740186996560339,1
132,plugin+true,0.03822547943598284,0.2597771139415354,0.09748402727167856,100,30,2000,2000,0.1,1.0,1.0,0.9740186996560339,0.9740186996560339,1
132,plugin+hat,0.558545842515421,0.23491992543055512,0.024234027271678726,100,30,2000,2000,0.1,1.0,1.0,0.9740186996560339,0.9740186996560339,1
133,rejection+true,19.952623149688797,0.054538514092564584,0.03946009149748625,100,30,2000,2000,0.1,1.0,1.0,1.0058376894626335,1.0058376894626335,0
133,rejection+hat,19.952623149688797,0.054538514092564584,0.03946009149748616,100,30,2000,2000,0.1,1.0,1.0,1.0058376894626335,1.0058376894626335,0
133,plugin+true,0.09345192145605369,0.0957739248171394,-0.012089908502513748,100,30,2000,2000,0.1,1.0,1.0,1.0058376894626335,1.0058376894626335,0
133,plugin+hat,0.03822547943598284,0.07842708920897816,-0.012089908502513748,100,30,2000,2000,0.1,1.0,1.0,1.0058376894626335,1.0058376894626335,0
134,rejection+true,0.35722445018714644,0.18927393928170208,0.12414179863291366,100,30,2000,2000,0.1,1.0,1.0,0.8701929914055954,0.8701929914055954,1
134,rejection+hat,0.35722445018714644,0.18927393928170208,0.12414179863291366,100,30,2000,2000,0.1,1.0,1.0,0.8701929914055954,0.8701929914055954,1
134,plugin+true,0.09345192145605369,0.10400427206790892,0.12414179863291366,100,30,2000,2000,0.1,1.0,1.0,0.8701929914055954,0.8701929914055954,1
134,plugin+hat,5.219718220435647,0.07723428109890171,0.08234179863291394,100,30,2000,2000,0.1,1.0,1.0,0.8701929914055954,0.8701929914055954,1
135,rejection+true,0.01,-0.17759962379932404,-0.011888988885801675,100,30,2000,2000,0.1,1.0,1.0,0.8465123836933435,0.8465123836933435,1
135,rejection+hat,2.135068261712694,-0.1579907982920607,0.06216101111419824,100,30,2000,2000,0.1,1.0,1.0,0.8465123836933435,0.8465123836933435,1
135,plugin+true,0.015635711447601203,0.07585420592737532,-0.011888988885801675,100,30,2000,2000,0.1,1.0,1.0,0.8465123836933435,0.8465123836933435,1
135,plugin+hat,0.35722445018714644,0.021572558291467633,-0.011838988885801682,100,30,2000,2000,0.1,1.0,1.0,0.8465123836933435,0.8465123836933435,1
136,rejection+true,8.161400793251818,0.12522628549486395,0.04241851597172639,100,30,2000,2000,0.1,1.0,1.0,1.082233986894344,1.082233986894344,0
136,rejection+hat,3.338331126107119,0.1289740775401394,0.04606851597172634,100,30,2000,2000,0.1,1.0,1.0,1.082233986894344,1.082233986894344,0
136,plugin+true,1.3655075874659035,0.24725099064270867,0.05636851597172636,100,30,2000,2000,0.1,1.0,1.0,1.082233986894344,1.082233986894344,0
136,plugin+hat,0.05976825664072413,0.2629374415044773,0.08601851597172629,100,30,2000,2000,0.1,1.0,1.0,1.082233986894344,1.082233986894344,0
137,rejection+true,8.161400793251818,0.13518391167356947,0.0670148251114725,100,30,2000,2000,0.1,1.0,1.0,0.9961289217840079,0.9961289217840079,1
137,rejection+hat,8.161400793251818,0.13518391167356947,0.06686482511147242,100,30,2000,2000,0.1,1.0,1.0,0.9961289217840079,0.9961289217840079,1
137,plugin+true,2.135068261712694,0.05560113822471889,0.07171482511147242,100,30,2000,2000,0.1,1.0,1.0,0.9961289217840079,0.9961289217840079,1
137,plugin+hat,2.135068261712694,0.027796705374636826,0.07601482511147238,100,30,2000,2000,0.1,1.0,1.0,0.9961289217840079,0.9961289217840079,1
138,rejection+true,2.135068261712694,0.08487569491068522,0.013532726772555657,100,30,2000,2000,0.1,1.0,1.0,0.8642180129358806,0.8642180129358806,1
138,rejection+hat,0.8733261623828429,0.08087458958228427,0.04448272677255564,100,30,2000,2000,0.1,1.0,1.0,0.8642180129358806,0.8642180129358806,1
138,plugin+true,0.09345192145605369,0.09547161681809162,-0.04886727322744423,100,30,2000,2000,0.1,1.0,1.0,0.8642180129358806,0.8642180129358806,1
138,plugin+hat,19.952623149688797,0.0736547340559504,0.0036827267725556474,100,30,2000,2000,0.1,1.0,1.0,0.8642180129358806,0.8642180129358806,1
139,rejection+true,2.135068261712694,0.36558897743622454,0.015251014731309756,100,30,2000,2000,0.1,1.0,1.0,1.0347122105981101,1.0347122105981101,0
139,rejection+hat,1.3655075874659035,0.34443783660729727,0.021951014731309774,100,30,2000,2000,0.1,1.0,1.0,1.0347122105981101,1.0347122105981101,0
139,plugin+true,0.35722445018714644,0.16594189871796047,0.05575101473130994,100,30,2000,2000,0.1,1.0,1.0,1.0347122105981101,1.0347122105981101,0
139,plugin+hat,0.03822547943598284,0.19396594698637654,0.05575101473130994,100,30,2000,2000,0.1,1.0,1.0,1.0347122105981101,1.0347122105981101,0
140,rejection+true,0.22846702651445452,0.44360064019759504,0.1041495715338743,100,30,2000,2000,0.1,1.0,1.0,1.0263068913828177,1.0263068913828177,0
140,rejection+hat,0.22846702651445452,0.44360064019759504,0.1041495715338743,100,30,2000,2000,0.1,1.0,1.0,1.0263068913828177,1.0263068913828177,0
140,plugin+true,0.02444754724726473,0.298543858126482,0.004599571533874335,100,30,2000,2000,0.1,1.0,1.0,1.0263068913828177,1.0263068913828177,0
140,plugin+hat,0.8733261623828429,0.24976822928505155,0.07054957153387446,100,30,2000,2000,0.1,1.0,1.0,1.0263068913828177,1.0263068913828177,0
141,rejection+true,5.219718220435647,0.25661400460327666,0.042061509269096464,100,30,2000,2000,0.1,1.0,1.0,0.9418599924267852,0.9418599924267852,1
141,rejection+hat,3.338331126107119,0.2430163161518673,0.05736150926909646,100,30,2000,2000,0.1,1.0,1.0,0.9418599924267852,0.9418599924267852,1
141,plugin+true,2.135068261712694,0.24337210687968866,0.05276150926909645,100,30,2000,2000,0.1,1.0,1.0,0.9418599924267852,0.9418599924267852,1
141,plugin+hat,0.02444754724726473,0.27214232954449724,0.08676150926909647,100,30,2000,2000,0.1,1.0,1.0,0.9418599924267852,0.9418599924267852,1
142,rejection+true,0.558545842515421,0.026971181978782018,0.010787211799447326,100,30,2000,2000,0.1,1.0,1.0,1.029860022007936,1.029860022007936,0
142,rejection+hat,1.3655075874659035,0.033631958067417145,0.07038721179944751,100,30,2000,2000,0.1,1.0,1.0,1.029860022007936,1.029860022007936,0
142,plugin+true,1.3655075874659035,0.20809105983620438,0.0754872117994475,100,30,2000,2000,0.1,1.0,1.0,1.029860022007936,1.029860022007936,0
142,plugin+hat,0.03822547943598284,0.22781941383643972,-0.010962788200552702,100,30,2000,2000,0.1,1.0,1.0,1.029860022007936,1.029860022007936,0
143,rejection+true,2.135068261712694,0.3696909966568152,0.09789079104909887,100,30,2000,2000,0.1,1.0,1.0,1.0015696126293956,1.0015696126293956,0
143,rejection+hat,2.135068261712694,0.3696909966568152,0.07934079104909908,100,30,2000,2000,0.1,1.0,1.0,1.0015696126293956,1.0015696126293956,0
143,plugin+true,0.8733261623828429,0.37728692891947924,0.08999079104909892,100,30,2000,2000,0.1,1.0,1.0,1.0015696126293956,1.0015696126293956,0
143,plugin+hat,0.558545842515421,0.3877337389163132,0.11799079104909901,100,30,2000,2000,0.1,1.0,1.0,1.0015696126293956,1.0015696126293956,0
144,rejection+true,3.338331126107119,0.08028116747736933,0.09594569111920755,100,30,2000,2000,0.1,1.0,1.0,1.0331999081537038,1.0331999081537038,0
144,rejection+hat,3.338331126107119,0.08028116747736933,0.08544569111920775,100,30,2000,2000,0.1,1.0,1.0,1.0331999081537038,1.0331999081537038,0
144,plugin+true,8.161400793251818,0.1513857223902569,0.0974456911192077,100,30,2000,2000,0.1,1.0,1.0,1.0331999081537038,1.0331999081537038,0
144,plugin+hat,0.05976825664072413,0.1936102978835741,0.13674569111920756,100,30,2000,2000,0.1,1.0,1.0,1.0331999081537038,1.0331999081537038,0
145,rejection+true,0.09345192145605369,0.24585178215056658,0.02420623111899057,100,30,2000,2000,0.1,1.0,1.0,1.053567143608921,1.053567143608921,0
145,rejection+hat,0.05976825664072413,0.24585178215056658,0.022956231118990568,100,30,2000,2000,0.1,1.0,1.0,1.053567143608921,1.053567143608921,0
145,plugin+true,8.161400793251818,0.17628231274226333,0.0750062311189905,100,30,2000,2000,0.1,1.0,1.0,1.053567143608921,1.053567143608921,0
145,plugin+hat,0.015635711447601203,0.14139510140756514,0.022956231118990568,100,30,2000,2000,0.1,1.0,1.0,1.053567143608921,1.053567143608921,0
146,rejection+true,0.8733261623828429,0.3714573435485364,0.0812848403557149,100,30,2000,2000,0.1,1.0,1.0,1.042545313710886,1.042545313710886,0
146,rejection+hat,0.8733261623828429,0.3714573435485364,0.08583484035571497,100,30,2000,2000,0.1,1.0,1.0,1.042545313710886,1.042545313710886,0
146,plugin+true,0.01,0.252196713550681,0.01473484035571489,100,30,2000,2000,0.1,1.0,1.0,1.042545313710886,1.042545313710886,0
146,plugin+hat,3.338331126107119,0.19538352444764182,0.07413484035571492,100,30,2000,2000,0.1,1.0,1.0,1.042545313710886,1.042545313710886,0
147,rejection+true,12.760930781150906,0.11048431433737278,0.06793079929284862,100,30,2000,2000,0.1,1.0,1.0,0.967439225788335,0.967439225788335,1
147,rejection+hat,19.952623149688797,0.09189592575033508,0.06768079929284866,100,30,2000,2000,0.1,1.0,1.0,0.967439225788335,0.967439225788335,1
147,plugin+true,3.338331126107119,0.25285948212937165,0.08123079929284874,100,30,2000,2000,0.1,1.0,1.0,0.967439225788335,0.967439225788335,1
147,plugin+hat,12.760930781150906,0.23630868464867621,0.06733079929284867,100,30,2000,2000,0.1,1.0,1.0,0.967439225788335,0.967439225788335,1
148,rejection+true,0.01,0.13570207878947255,0.007265610567636482,100,30,2000,2000,0.1,1.0,1.0,0.9493949479680884,0.9493949479680884,1
148,rejection+hat,0.8733261623828429,0.13765868172049522,0.10036561056763656,100,30,2000,2000,0.1,1.0,1.0,0.9493949479680884,0.9493949479680884,1
148,plugin+true,19.952623149688797,0.11388339833573609,0.058365610567636485,100,30,2000,2000,0.1,1.0,1.0,0.9493949479680884,0.9493949479680884,1
148,plugin+hat,5.219718220435647,0.10308874976554824,0.06271561056763647,100,30,2000,2000,0.1,1.0,1.0,0.9493949479680884,0.9493949479680884,1
149,rejection+true,0.01,0.26244777714212736,0.12326848896726078,100,30,2000,2000,0.1,1.0,1.0,0.8374070952180184,0.8374070952180184,1
149,rejection+hat,0.01,0.26244777714212736,0.12326848896726078,100,30,2000,2000,0.1,1.0,1.0,0.8374070952180184,0.8374070952180184,1
149,plugin+true,3.338331126107119,0.19098810655848092,0.08341848896726067,100,30,2000,2000,0.1,1.0,1.0,0.8374070952180184,0.8374070952180184,1
149,plugin+hat,0.22846702651445452,0.1606141463952115,0.12326848896726078,100,30,2000,2000,0.1,1.0,1.0,0.8374070952180184,0.8374070952180184,1
150,rejection+true,12.760930781150906,0.18897507774333155,0.07150342245809664,100,30,2000,2000,0.1,1.0,1.0,0.9050787151502737,0.9050787151502737,1
150,rejection+hat,12.760930781150906,0.18897507774333155,0.07165342245809672,100,30,2000,2000,0.1,1.0,1.0,0.9050787151502737,0.9050787151502737,1
150,plugin+true,8.161400793251818,0.07853607724468453,0.0684534224580967,100,30,2000,2000,0.1,1.0,1.0,0.9050787151502737,0.9050787151502737,1
150,plugin+hat,19.952623149688797,0.11898082426201435,0.0700034224580967,100,30,2000,2000,0.1,1.0,1.0,0.9050787151502737,0.9050787151502737,1
151,rejection+true,2.135068261712694,0.4014742769300937,0.07659004360297783,100,30,2000,2000,0.1,1.0,1.0,0.8558505882557712,0.8558505882557712,1
151,rejection+hat,2.135068261712694,0.3851689107716084,0.0786400436029778,100,30,2000,2000,0.1,1.0,1.0,0.8558505882557712,0.8558505882557712,1
151,plugin+true,0.02444754724726473,0.3215711754070915,0.011090043602977695,100,30,2000,2000,0.1,1.0,1.0,0.8558505882557712,0.8558505882557712,1
151,plugin+hat,0.05976825664072413,0.3702413576908598,0.010990043602977697,100,30,2000,2000,0.1,1.0,1.0,0.8558505882557712,0.8558505882557712,1
152,rejection+true,2.135068261712694,0.01040908098220825,0.03855759797896335,100,30,2000,2000,0.1,1.0,1.0,0.9908575052626324,0.9908575052626324,1
152,rejection+hat,0.01,-0.0194766916334629,0.0718075979789634,100,30,2000,2000,0.1,1.0,1.0,0.9908575052626324,0.9908575052626324,1
152,plugin+true,0.02444754724726473,0.07597205052611641,0.0718075979789634,100,30,2000,2000,0.1,1.0,1.0,0.9908575052626324,0.9908575052626324,1
152,plugin+hat,0.1461187278110747,0.1077736620896144,-0.027842402021036713,100,30,2000,2000,0.1,1.0,1.0,0.9908575052626324,0.9908575052626324,1
153,rejection+true,5.219718220435647,0.39810018796318514,0.07750745353866295,100,30,2000,2000,0.1,1.0,1.0,1.032400146466739,1.032400146466739,0
153,rejection+hat,8.161400793251818,0.4849452526230986,0.076457453538663,100,30,2000,2000,0.1,1.0,1.0,1.032400146466739,1.032400146466739,0
153,plugin+true,0.09345192145605369,0.11268768907051967,0.12180745353866321,100,30,2000,2000,0.1,1.0,1.0,1.032400146466739,1.032400146466739,0
153,plugin+hat,19.952623149688797,0.1292251377470893,0.07275745353866306,100,30,2000,2000,0.1,1.0,1.0,1.032400146466739,1.032400146466739,0
154,rejection+true,0.8733261623828429,0.13965371875092383,0.0820336312343449,100,30,2000,2000,0.1,1.0,1.0,1.0739221055892942,1.0739221055892942,0
154,rejection+hat,0.8733261623828429,0.09405458349113663,0.088833631234345,100,30,2000,2000,0.1,1.0,1.0,1.0739221055892942,1.0739221055892942,0
154,plugin+true,0.1461187278110747,0.01903577487843117,0.1039836312343449,100,30,2000,2000,0.1,1.0,1.0,1.0739221055892942,1.0739221055892942,0
154,plugin+hat,0.03822547943598284,0.03179205691640372,0.1039836312343449,100,30,2000,2000,0.1,1.0,1.0,1.0739221055892942,1.0739221055892942,0
155,rejection+true,0.01,0.12479517435034115,0.12179221319894479,100,30,2000,2000,0.1,1.0,1.0,1.039830798014079,1.039830798014079,0
155,rejection+hat,0.01,0.12479517435034115,0.12179221319894479,100,30,2000,2000,0.1,1.0,1.0,1.039830798014079,1.039830798014079,0
155,plugin+true,0.22846702651445452,0.22097589328925588,0.12159221319894487,100,30,2000,2000,0.1,1.0,1.0,1.039830798014079,1.039830798014079,0
155,plugin+hat,0.558545842515421,0.2643876642495876,0.1076922131989449,100,30,2000,2000,0.1,1.0,1.0,1.039830798014079,1.039830798014079,0
156,rejection+true,0.8733261623828429,0.37405758028229086,0.05910618102446044,100,30,2000,2000,0.1,1.0,1.0,0.9789286481880675,0.9789286481880675,1
156,rejection+hat,3.338331126107119,0.4090269435817996,0.050956181024460354,100,30,2000,2000,0.1,1.0,1.0,0.9789286481880675,0.9789286481880675,1
156,plugin+true,0.8733261623828429,0.16424970732933417,0.05910618102446044,100,30,2000,2000,0.1,1.0,1.0,0.9789286481880675,0.9789286481880675,1
156,plugin+hat,5.219718220435647,0.18408963742943554,0.040656181024460405,100,30,2000,2000,0.1,1.0,1.0,0.9789286481880675,0.9789286481880675,1
157,rejection+true,0.558545842515421,-0.02287367358803749,0.1211252700160218,100,30,2000,2000,0.1,1.0,1.0,0.8543477019985998,0.8543477019985998,1
157,rejection+hat,0.8733261623828429,-0.09057919556895894,0.07032527001602187,100,30,2000,2000,0.1,1.0,1.0,0.8543477019985998,0.8543477019985998,1
157,plugin+true,0.015635711447601203,0.08261955562744723,0.12212527001602183,100,30,2000,2000,0.1,1.0,1.0,0.8543477019985998,0.8543477019985998,1
157,plugin+hat,0.01,0.036654607176019594,0.12217527001602184,100,30,2000,2000,0.1,1.0,1.0,0.8543477019985998,0.8543477019985998,1
158,rejection+true,1.3655075874659035,0.07188075234492622,0.058641914195107406,100,30,2000,2000,0.1,1.0,1.0,1.0404881946749127,1.0404881946749127,0
158,rejection+hat,1.3655075874659035,0.07188075234492622,0.07549191419510741,100,30,2000,2000,0.1,1.0,1.0,1.0404881946749127,1.0404881946749127,0
158,plugin+true,0.1461187278110747,0.044823185782274025,0.09919191419510762,100,30,2000,2000,0.1,1.0,1.0,1.0404881946749127,1.0404881946749127,0
158,plugin+hat,0.03822547943598284,-0.005341029250243427,0.09919191419510762,100,30,2000,2000,0.1,1.0,1.0,1.0404881946749127,1.0404881946749127,0
159,rejection+true,19.952623149688797,0.19451155322991937,0.06174614264643226,100,30,2000,2000,0.1,1.0,1.0,1.048614176770497,1.048614176770497,0
159,rejection+hat,19.952623149688797,0.19451155322991937,0.060596142646432226,100,30,2000,2000,0.1,1.0,1.0,1.048614176770497,1.048614176770497,0
159,plugin+true,0.03822547943598284,0.12562367035344826,0.008946142646432348,100,30,2000,2000,0.1,1.0,1.0,1.048614176770497,1.048614176770497,0
159,plugin+hat,0.01,0.16050357170199525,0.008946142646432348,100,30,2000,2000,0.1,1.0,1.0,1.048614176770497,1.048614176770497,0
160,rejection+true,1.3655075874659035,0.24684651084244255,0.06415065837063956,100,30,2000,2000,0.1,1.0,1.0,0.9421161036566548,0.9421161036566548,1
160,rejection+hat,3.338331126107119,0.2788326534132163,0.042000658370639515,100,30,2000,2000,0.1,1.0,1.0,0.9421161036566548,0.9421161036566548,1
160,plugin+true,5.219718220435647,0.16445624000078415,0.03970065837063955,100,30,2000,2000,0.1,1.0,1.0,0.9421161036566548,0.9421161036566548,1
160,plugin+hat,0.09345192145605369,0.18224646859192914,0.07720065837063952,100,30,2000,2000,0.1,1.0,1.0,0.9421161036566548,0.9421161036566548,1
161,rejection+true,1.3655075874659035,0.13451249251763026,0.06917256215360076,100,30,2000,2000,0.1,1.0,1.0,0.9865162880705346,0.9865162880705346,1
161,rejection+hat,1.3655075874659035,0.13451249251763026,0.07397256215360073,100,30,2000,2000,0.1,1.0,1.0,0.9865162880705346,0.9865162880705346,1
161,plugin+true,8.161400793251818,0.07952245208194658,0.04437256215360079,100,30,2000,2000,0.1,1.0,1.0,0.9865162880705346,0.9865162880705346,1
161,plugin+hat,19.952623149688797,0.09416970511407075,0.040072562153600784,100,30,2000,2000,0.1,1.0,1.0,0.9865162880705346,0.9865162880705346,1
162,rejection+true,19.952623149688797,0.07802500377098717,0.05921520089260696,100,30,2000,2000,0.1,1.0,1.0,1.0136540388838822,1.0136540388838822,0
162,rejection+hat,19.952623149688797,0.07191648172835509,0.05951520089260691,100,30,2000,2000,0.1,1.0,1.0,1.0136540388838822,1.0136540388838822,0
162,plugin+true,0.35722445018714644,0.27153114112232773,0.10576520089260731,100,30,2000,2000,0.1,1.0,1.0,1.0136540388838822,1.0136540388838822,0
162,plugin+hat,0.09345192145605369,0.2778250221670875,0.008115200892606972,100,30,2000,2000,0.1,1.0,1.0,1.0136540388838822,1.0136540388838822,0
163,rejection+true,0.35722445018714644,0.4550291200478872,0.08299790166611702,100,30,2000,2000,0.1,1.0,1.0,0.9489979554892888,0.9489979554892888,1
163,rejection+hat,0.35722445018714644,0.4550291200478872,0.08449790166611708,100,30,2000,2000,0.1,1.0,1.0,0.9489979554892888,0.9489979554892888,1
163,plugin+true,0.09345192145605369,0.2141950390443308,0.08459790166611707,100,30,2000,2000,0.1,1.0,1.0,0.9489979554892888,0.9489979554892888,1
163,plugin+hat,0.8733261623828429,0.20361658916685613,0.06739790166611699,100,30,2000,2000,0.1,1.0,1.0,0.9489979554892888,0.9489979554892888,1
164,rejection+true,0.01,0.14745894037187096,0.021416271343047286,100,30,2000,2000,0.1,1.0,1.0,0.8532669609692611,0.8532669609692611,1
164,rejection+hat,0.01,0.14745894037187096,0.021416271343047286,100,30,2000,2000,0.1,1.0,1.0,0.8532669609692611,0.8532669609692611,1
164,plugin+true,0.558545842515421,0.201023164443153,0.11796627134304732,100,30,2000,2000,0.1,1.0,1.0,0.8532669609692611,0.8532669609692611,1
164,plugin+hat,0.35722445018714644,0.23700403549877805,0.11736627134304736,100,30,2000,2000,0.1,1.0,1.0,0.8532669609692611,0.8532669609692611,1
165,rejection+true,8.161400793251818,0.22344299430648484,0.05769086889278111,100,30,2000,2000,0.1,1.0,1.0,0.9333102834461136,0.9333102834461136,1
165,rejection+hat,8.161400793251818,0.22344299430648484,0.05584086889278106,100,30,2000,2000,0.1,1.0,1.0,0.9333102834461136,0.9333102834461136,1
165,plugin+true,19.952623149688797,0.12310857993606886,0.05379086889278113,100,30,2000,2000,0.1,1.0,1.0,0.9333102834461136,0.9333102834461136,1
165,plugin+hat,19.952623149688797,0.1285819427960059,0.05449086889278111,100,30,2000,2000,0.1,1.0,1.0,0.9333102834461136,0.9333102834461136,1
166,rejection+true,5.219718220435647,-0.1704155577346683,0.058172807760806036,100,30,2000,2000,0.1,1.0,1.0,1.0316999499196662,1.0316999499196662,0
166,rejection+hat,5.219718220435647,-0.1704155577346683,0.05522280776080604,100,30,2000,2000,0.1,1.0,1.0,1.0316999499196662,1.0316999499196662,0
166,plugin+true,0.8733261623828429,-0.0137896204841306,0.07177280776080588,100,30,2000,2000,0.1,1.0,1.0,1.0316999499196662,1.0316999499196662,0
166,plugin+hat,8.161400793251818,-0.023738982654602586,0.04982280776080597,100,30,2000,2000,0.1,1.0,1.0,1.0316999499196662,1.0316999499196662,0
167,rejection+true,5.219718220435647,0.2387932457029819,0.10652417831649025,100,30,2000,2000,0.1,1.0,1.0,1.037192922668426,1.037192922668426,0
167,rejection+hat,3.338331126107119,0.23559752181172375,0.11462417831649026,100,30,2000,2000,0.1,1.0,1.0,1.037192922668426,1.037192922668426,0
167,plugin+true,0.02444754724726473,0.22862194004015524,0.05322417831649025,100,30,2000,2000,0.1,1.0,1.0,1.037192922668426,1.037192922668426,0
167,plugin+hat,0.558545842515421,0.22345232266829357,0.1471741783164904,100,30,2000,2000,0.1,1.0,1.0,1.037192922668426,1.037192922668426,0
168,rejection+true,0.01,0.1970077954853574,0.09468824379891667,100,30,2000,2000,0.1,1.0,1.0,0.9726754031607309,0.9726754031607309,1
168,rejection+hat,0.01,0.1970077954853574,0.09468824379891667,100,30,2000,2000,0.1,1.0,1.0,0.9726754031607309,0.9726754031607309,1
168,plugin+true,0.02444754724726473,0.3395830969512438,0.09453824379891666,100,30,2000,2000,0.1,1.0,1.0,0.9726754031607309,0.9726754031607309,1
168,plugin+hat,0.558545842515421,0.38828806358961754,0.08138824379891686,100,30,2000,2000,0.1,1.0,1.0,0.9726754031607309,0.9726754031607309,1
169,rejection+true,1.3655075874659035,-0.01807620072116455,0.08664467307253133,100,30,2000,2000,0.1,1.0,1.0,0.9126239373278812,0.9126239373278812,1
169,rejection+hat,2.135068261712694,-0.04678573154378683,0.06589467307253162,100,30,2000,2000,0.1,1.0,1.0,0.9126239373278812,0.9126239373278812,1
169,plugin+true,0.09345192145605369,0.09881701954719106,0.0037946730725315625,100,30,2000,2000,0.1,1.0,1.0,0.9126239373278812,0.9126239373278812,1
169,plugin+hat,0.35722445018714644,0.09398843273514883,0.0036446730725315586,100,30,2000,2000,0.1,1.0,1.0,0.9126239373278812,0.9126239373278812,1
170,rejection+true,12.760930781150906,0.433951756854852,0.0369616331283595,100,30,2000,2000,0.1,1.0,1.0,0.9479323157965099,0.9479323157965099,1
170,rejection+hat,12.760930781150906,0.433951756854852,0.03516163312835959,100,30,2000,2000,0.1,1.0,1.0,0.9479323157965099,0.9479323157965099,1
170,plugin+true,0.35722445018714644,0.25540419425888566,-0.017288366871640447,100,30,2000,2000,0.1,1.0,1.0,0.9479323157965099,0.9479323157965099,1
170,plugin+hat,19.952623149688797,0.23274538627108227,0.03216163312835956,100,30,2000,2000,0.1,1.0,1.0,0.9479323157965099,0.9479323157965099,1
171,rejection+true,12.760930781150906,0.018115566546718274,0.023036992084248257,100,30,2000,2000,0.1,1.0,1.0,1.086048323449516,1.086048323449516,0
171,rejection+hat,0.8733261623828429,0.022684999182820315,0.06213699208424831,100,30,2000,2000,0.1,1.0,1.0,1.086048323449516,1.086048323449516,0
171,plugin+true,0.09345192145605369,-0.04696770387730566,-0.02901300791575179,100,30,2000,2000,0.1,1.0,1.0,1.086048323449516,1.086048323449516,0
171,plugin+hat,3.338331126107119,0.03456780169056829,0.03093699208424827,100,30,2000,2000,0.1,1.0,1.0,1.086048323449516,1.086048323449516,0
172,rejection+true,3.338331126107119,0.26482549769183,0.07134594298262602,100,30,2000,2000,0.1,1.0,1.0,0.9080229581103226,0.9080229581103226,1
172,rejection+hat,3.338331126107119,0.26482549769183,0.059295942982626144,100,30,2000,2000,0.1,1.0,1.0,0.9080229581103226,0.9080229581103226,1
172,plugin+true,2.135068261712694,0.2292879001769433,0.07244594298262602,100,30,2000,2000,0.1,1.0,1.0,0.9080229581103226,0.9080229581103226,1
172,plugin+hat,0.22846702651445452,0.20924626338176638,0.0886959429826262,100,30,2000,2000,0.1,1.0,1.0,0.9080229581103226,0.9080229581103226,1
173,rejection+true,12.760930781150906,0.2874657462040584,0.021961958638556864,100,30,2000,2000,0.1,1.0,1.0,0.9691120743377131,0.9691120743377131,1
173,rejection+hat,12.760930781150906,0.2874657462040584,0.02196195863855688,100,30,2000,2000,0.1,1.0,1.0,0.9691120743377131,0.9691120743377131,1
173,plugin+true,1.3655075874659035,0.22212553517760414,0.05481195863855698,100,30,2000,2000,0.1,1.0,1.0,0.9691120743377131,0.9691120743377131,1
173,plugin+hat,0.22846702651445452,0.2752299755297641,0.06966195863855713,100,30,2000,2000,0.1,1.0,1.0,0.9691120743377131,0.9691120743377131,1
174,rejection+true,0.1461187278110747,0.38464362878973285,0.08321802605407577,100,30,2000,2000,0.1,1.0,1.0,0.9399949473926623,0.9399949473926623,1
174,rejection+hat,0.8733261623828429,0.4416309576171139,0.07731802605407583,100,30,2000,2000,0.1,1.0,1.0,0.9399949473926623,0.9399949473926623,1
174,plugin+true,0.01,0.3458626171879505,-0.0109819739459243,100,30,2000,2000,0.1,1.0,1.0,0.9399949473926623,0.9399949473926623,1
174,plugin+hat,0.8733261623828429,0.3406729694293903,0.07731802605407583,100,30,2000,2000,0.1,1.0,1.0,0.9399949473926623,0.9399949473926623,1
175,rejection+true,8.161400793251818,0.24410024986912812,0.024788902731316117,100,30,2000,2000,0.1,1.0,1.0,0.9857869564479169,0.9857869564479169,1
175,rejection+hat,8.161400793251818,0.24410024986912812,0.02748890273131605,100,30,2000,2000,0.1,1.0,1.0,0.9857869564479169,0.9857869564479169,1
175,plugin+true,0.05976825664072413,0.16835734217110543,0.07178890273131588,100,30,2000,2000,0.1,1.0,1.0,0.9857869564479169,0.9857869564479169,1
175,plugin+hat,0.558545842515421,0.12675242015151292,0.07148890273131588,100,30,2000,2000,0.1,1.0,1.0,0.9857869564479169,0.9857869564479169,1
176,rejection+true,0.558545842515421,0.20965933464467526,0.11598713099712135,100,30,2000,2000,0.1,1.0,1.0,0.9610209279425648,0.9610209279425648,1
176,rejection+hat,0.558545842515421,0.20965933464467526,0.11888713099712134,100,30,2000,2000,0.1,1.0,1.0,0.9610209279425648,0.9610209279425648,1
176,plugin+true,12.760930781150906,0.02548223474281437,0.08388713099712142,100,30,2000,2000,0.1,1.0,1.0,0.9610209279425648,0.9610209279425648,1
176,plugin+hat,0.03822547943598284,0.038713920772017185,0.13073713099712148,100,30,2000,2000,0.1,1.0,1.0,0.9610209279425648,0.9610209279425648,1
177,rejection+true,1.3655075874659035,-0.03936293882628282,0.08121849766941701,100,30,2000,2000,0.1,1.0,1.0,0.9821055113449797,0.9821055113449797,1
177,rejection+hat,1.3655075874659035,-0.03936293882628282,0.05701849766941724,100,30,2000,2000,0.1,1.0,1.0,0.9821055113449797,0.9821055113449797,1
177,plugin+true,0.015635711447601203,0.07117865725169026,-0.005681502330582905,100,30,2000,2000,0.1,1.0,1.0,0.9821055113449797,0.9821055113449797,1
177,plugin+hat,3.338331126107119,0.06791330643000291,0.049818497669417115,100,30,2000,2000,0.1,1.0,1.0,0.9821055113449797,0.9821055113449797,1
178,rejection+true,0.35722445018714644,0.24890519231557842,0.09649379364628065,100,30,2000,2000,0.1,1.0,1.0,0.9440136036488024,0.9440136036488024,1
178,rejection+hat,0.35722445018714644,0.24890519231557842,0.09644379364628064,100,30,2000,2000,0.1,1.0,1.0,0.9440136036488024,0.9440136036488024,1
178,plugin+true,0.02444754724726473,0.1011836261766053,0.09659379364628065,100,30,2000,2000,0.1,1.0,1.0,0.9440136036488024,0.9440136036488024,1
178,plugin+hat,1.3655075874659035,0.15243723253922803,0.07669379364628068,100,30,2000,2000,0.1,1.0,1.0,0.9440136036488024,0.9440136036488024,1
179,rejection+true,0.35722445018714644,0.06035054624080657,0.025573902962328816,100,30,2000,2000,0.1,1.0,1.0,1.0375778861600633,1.0375778861600633,0
179,rejection+hat,0.35722445018714644,0.06035054624080657,-0.02102609703767122,100,30,2000,2000,0.1,1.0,1.0,1.0375778861600633,1.0375778861600633,0
179,plugin+true,0.03822547943598284,0.014911979128651946,-0.022676097037671226,100,30,2000,2000,0.1,1.0,1.0,1.0375778861600633,1.0375778861600633,0
179,plugin+hat,0.05976825664072413,0.015867619214530546,-0.022676097037671226,100,30,2000,2000,0.1,1.0,1.0,1.0375778861600633,1.0375778861600633,0
180,rejection+true,5.219718220435647,0.2158758096396923,0.04364819833594178,100,30,2000,2000,0.1,1.0,1.0,0.8606428465887076,0.8606428465887076,1
180,rejection+hat,5.219718220435647,0.2158758096396923,0.04959819833594176,100,30,2000,2000,0.1,1.0,1.0,0.8606428465887076,0.8606428465887076,1
180,plugin+true,0.02444754724726473,0.18075527484070522,0.08589819833594169,100,30,2000,2000,0.1,1.0,1.0,0.8606428465887076,0.8606428465887076,1
180,plugin+hat,2.135068261712694,0.18143336394047627,0.04174819833594182,100,30,2000,2000,0.1,1.0,1.0,0.8606428465887076,0.8606428465887076,1
181,rejection+true,0.01,0.040318046510219564,0.09481999068043989,100,30,2000,2000,0.1,1.0,1.0,1.0127858505921687,1.0127858505921687,0
181,rejection+hat,0.01,0.040318046510219564,0.09481999068043989,100,30,2000,2000,0.1,1.0,1.0,1.0127858505921687,1.0127858505921687,0
181,plugin+true,1.3655075874659035,0.025868671054276378,0.058669990680439814,100,30,2000,2000,0.1,1.0,1.0,1.0127858505921687,1.0127858505921687,0
181,plugin+hat,0.03822547943598284,0.00397265012872071,0.09481999068043989,100,30,2000,2000,0.1,1.0,1.0,1.0127858505921687,1.0127858505921687,0
182,rejection+true,8.161400793251818,-0.02078331689893579,0.06341671590395194,100,30,2000,2000,0.1,1.0,1.0,0.9784348252010469,0.9784348252010469,1
182,rejection+hat,8.161400793251818,-0.02078331689893579,0.06081671590395194,100,30,2000,2000,0.1,1.0,1.0,0.9784348252010469,0.9784348252010469,1
182,plugin+true,0.558545842515421,0.08224377389964786,0.05221671590395189,100,30,2000,2000,0.1,1.0,1.0,0.9784348252010469,0.9784348252010469,1
182,plugin+hat,1.3655075874659035,0.06621524317155135,0.08306671590395191,100,30,2000,2000,0.1,1.0,1.0,0.9784348252010469,0.9784348252010469,1
183,rejection+true,12.760930781150906,0.29365556134531895,0.0813011721511984,100,30,2000,2000,0.1,1.0,1.0,1.111535206140651,1.111535206140651,0
183,rejection+hat,12.760930781150906,0.29365556134531895,0.08265117215119872,100,30,2000,2000,0.1,1.0,1.0,1.111535206140651,1.111535206140651,0
183,plugin+true,0.558545842515421,0.1237730789550658,0.09760117215119829,100,30,2000,2000,0.1,1.0,1.0,1.111535206140651,1.111535206140651,0
183,plugin+hat,0.02444754724726473,0.08415391091300026,0.12780117215119843,100,30,2000,2000,0.1,1.0,1.0,1.111535206140651,1.111535206140651,0
184,rejection+true,5.219718220435647,0.35932477395981544,0.057138859095310225,100,30,2000,2000,0.1,1.0,1.0,1.0181844141704874,1.0181844141704874,0
184,rejection+hat,5.219718220435647,0.35932477395981544,0.061588859095310325,100,30,2000,2000,0.1,1.0,1.0,1.0181844141704874,1.0181844141704874,0
184,plugin+true,2.135068261712694,0.21281078029161757,0.05713885909531021,100,30,2000,2000,0.1,1.0,1.0,1.0181844141704874,1.0181844141704874,0
184,plugin+hat,0.02444754724726473,0.2427480156409012,0.09983885909531046,100,30,2000,2000,0.1,1.0,1.0,1.0181844141704874,1.0181844141704874,0
185,rejection+true,0.01,0.08663277501861252,-0.03524970022133655,100,30,2000,2000,0.1,1.0,1.0,1.1209132590627986,1.1209132590627986,0
185,rejection+hat,3.338331126107119,0.09084500883236617,0.02510029977866336,100,30,2000,2000,0.1,1.0,1.0,1.1209132590627986,1.1209132590627986,0
185,plugin+true,12.760930781150906,0.18079678526340603,0.017550299778663372,100,30,2000,2000,0.1,1.0,1.0,1.1209132590627986,1.1209132590627986,0
185,plugin+hat,19.952623149688797,0.17392527229551355,0.016300299778663385,100,30,2000,2000,0.1,1.0,1.0,1.1209132590627986,1.1209132590627986,0
186,rejection+true,0.22846702651445452,0.15464417794719335,0.0935578607576188,100,30,2000,2000,0.1,1.0,1.0,1.0119453832581482,1.0119453832581482,0
186,rejection+hat,0.22846702651445452,0.15464417794719335,0.09575786075761884,100,30,2000,2000,0.1,1.0,1.0,1.0119453832581482,1.0119453832581482,0
186,plugin+true,2.135068261712694,0.0893277365805925,0.06185786075761882,100,30,2000,2000,0.1,1.0,1.0,1.0119453832581482,1.0119453832581482,0
186,plugin+hat,0.03822547943598284,0.08014689106472338,0.08925786075761875,100,30,2000,2000,0.1,1.0,1.0,1.0119453832581482,1.0119453832581482,0
187,rejection+true,0.01,0.12829006705433127,0.009203243339456445,100,30,2000,2000,0.1,1.0,1.0,0.9515026959268341,0.9515026959268341,1
187,rejection+hat,0.01,0.12829006705433127,0.009203243339456445,100,30,2000,2000,0.1,1.0,1.0,0.9515026959268341,0.9515026959268341,1
187,plugin+true,0.05976825664072413,0.16834775460214912,0.009203243339456445,100,30,2000,2000,0.1,1.0,1.0,0.9515026959268341,0.9515026959268341,1
187,plugin+hat,0.02444754724726473,0.18505639048923384,0.009203243339456445,100,30,2000,2000,0.1,1.0,1.0,0.9515026959268341,0.9515026959268341,1
188,rejection+true,12.760930781150906,0.3603996618340412,0.041023102293493235,100,30,2000,2000,0.1,1.0,1.0,1.1038617738612948,1.1038617738612948,0
188,rejection+hat,12.760930781150906,0.2847846268365781,0.040073102293493194,100,30,2000,2000,0.1,1.0,1.0,1.1038617738612948,1.1038617738612948,0
188,plugin+true,0.1461187278110747,0.06390190524138639,0.08842310229349312,100,30,2000,2000,0.1,1.0,1.0,1.1038617738612948,1.1038617738612948,0
188,plugin+hat,0.03822547943598284,0.08257788636077266,0.08842310229349312,100,30,2000,2000,0.1,1.0,1.0,1.1038617738612948,1.1038617738612948,0
189,rejection+true,3.338331126107119,0.16596038900315765,0.09921723548665544,100,30,2000,2000,0.1,1.0,1.0,0.9385266869670035,0.9385266869670035,1
189,rejection+hat,3.338331126107119,0.16596038900315765,0.09851723548665567,100,30,2000,2000,0.1,1.0,1.0,0.9385266869670035,0.9385266869670035,1
189,plugin+true,5.219718220435647,0.002733958626468102,0.09171723548665557,100,30,2000,2000,0.1,1.0,1.0,0.9385266869670035,0.9385266869670035,1
189,plugin+hat,3.338331126107119,0.014427881683629348,0.09851723548665567,100,30,2000,2000,0.1,1.0,1.0,0.9385266869670035,0.9385266869670035,1
190,rejection+true,3.338331126107119,0.09317786122361821,0.0858561157692111,100,30,2000,2000,0.1,1.0,1.0,0.9762893936172853,0.9762893936172853,1
190,rejection+hat,5.219718220435647,0.1839473925530911,0.0843561157692111,100,30,2000,2000,0.1,1.0,1.0,0.9762893936172853,0.9762893936172853,1
190,plugin+true,0.22846702651445452,0.1420135058343608,0.1248061157692112,100,30,2000,2000,0.1,1.0,1.0,0.9762893936172853,0.9762893936172853,1
190,plugin+hat,0.015635711447601203,0.12929290087439022,0.024956115769211057,100,30,2000,2000,0.1,1.0,1.0,0.9762893936172853,0.9762893936172853,1
191,rejection+true,0.01,0.17877932457874218,0.11828612170135241,100,30,2000,2000,0.1,1.0,1.0,1.0629171406575608,1.0629171406575608,0
191,rejection+hat,0.01,0.17877932457874218,0.11828612170135241,100,30,2000,2000,0.1,1.0,1.0,1.0629171406575608,1.0629171406575608,0
191,plugin+true,0.01,0.04388846671318851,0.11828612170135241,100,30,2000,2000,0.1,1.0,1.0,1.0629171406575608,1.0629171406575608,0
191,plugin+hat,0.05976825664072413,0.09658088060926345,0.11728612170135244,100,30,2000,2000,0.1,1.0,1.0,1.0629171406575608,1.0629171406575608,0
192,rejection+true,12.760930781150906,0.4707810518642267,0.061939025833552555,100,30,2000,2000,0.1,1.0,1.0,1.0042404115701593,1.0042404115701593,0
192,rejection+hat,12.760930781150906,0.4707810518642267,0.05728902583355254,100,30,2000,2000,0.1,1.0,1.0,1.0042404115701593,1.0042404115701593,0
192,plugin+true,2.135068261712694,0.267341021207188,0.08403902583355251,100,30,2000,2000,0.1,1.0,1.0,1.0042404115701593,1.0042404115701593,0
192,plugin+hat,5.219718220435647,0.3050807013115523,0.06478902583355252,100,30,2000,2000,0.1,1.0,1.0,1.0042404115701593,1.0042404115701593,0
193,rejection+true,12.760930781150906,0.610769260674715,0.059945875502591124,100,30,2000,2000,0.1,1.0,1.0,0.987691655942571,0.987691655942571,1
193,rejection+hat,12.760930781150906,0.610769260674715,0.059595875502591156,100,30,2000,2000,0.1,1.0,1.0,0.987691655942571,0.987691655942571,1
193,plugin+true,0.02444754724726473,0.315305519145601,0.006995875502591222,100,30,2000,2000,0.1,1.0,1.0,0.987691655942571,0.987691655942571,1
193,plugin+hat,0.35722445018714644,0.3191475179883159,0.10564587550259134,100,30,2000,2000,0.1,1.0,1.0,0.987691655942571,0.987691655942571,1
194,rejection+true,0.01,0.2438767877717813,-0.010661675779629967,100,30,2000,2000,0.1,1.0,1.0,0.9394196783839684,0.9394196783839684,1
194,rejection+hat,0.01,0.2438767877717813,-0.010661675779629967,100,30,2000,2000,0.1,1.0,1.0,0.9394196783839684,0.9394196783839684,1
194,plugin+true,0.01,0.1606632355321969,-0.010661675779629967,100,30,2000,2000,0.1,1.0,1.0,0.9394196783839684,0.9394196783839684,1
194,plugin+hat,0.558545842515421,0.15760071551124338,0.07083832422037023,100,30,2000,2000,0.1,1.0,1.0,0.9394196783839684,0.9394196783839684,1
195,rejection+true,3.338331126107119,0.24847052015053728,0.04519515433839964,100,30,2000,2000,0.1,1.0,1.0,0.9938095070236669,0.9938095070236669,1
195,rejection+hat,2.135068261712694,0.24738932101366426,0.04959515433839959,100,30,2000,2000,0.1,1.0,1.0,0.9938095070236669,0.9938095070236669,1
195,plugin+true,0.8733261623828429,0.14618873955594097,0.04854515433839972,100,30,2000,2000,0.1,1.0,1.0,0.9938095070236669,0.9938095070236669,1
195,plugin+hat,3.338331126107119,0.1867604379530989,0.04624515433839964,100,30,2000,2000,0.1,1.0,1.0,0.9938095070236669,0.9938095070236669,1
196,rejection+true,19.952623149688797,0.22548400214097156,0.07348274863968599,100,30,2000,2000,0.1,1.0,1.0,1.0037263935779863,1.0037263935779863,0
196,rejection+hat,19.952623149688797,0.22548400214097156,0.073582748639686,100,30,2000,2000,0.1,1.0,1.0,1.0037263935779863,1.0037263935779863,0
196,plugin+true,0.35722445018714644,-0.03820286108950155,0.026032748639685962,100,30,2000,2000,0.1,1.0,1.0,1.0037263935779863,1.0037263935779863,0
196,plugin+hat,0.09345192145605369,0.009583355370904054,0.020232748639685962,100,30,2000,2000,0.1,1.0,1.0,1.0037263935779863,1.0037263935779863,0
197,rejection+true,0.8733261623828429,0.26911566977699597,0.03679098413600976,100,30,2000,2000,0.1,1.0,1.0,1.0444348422988572,1.0444348422988572,0
197,rejection+hat,0.8733261623828429,0.2408489098151525,0.036040984136009695,100,30,2000,2000,0.1,1.0,1.0,1.0444348422988572,1.0444348422988572,0
197,plugin+true,2.135068261712694,0.1783874443687204,0.02629098413600979,100,30,2000,2000,0.1,1.0,1.0,1.0444348422988572,1.0444348422988572,0
197,plugin+hat,0.09345192145605369,0.18121543695480571,-0.04265901586399028,100,30,2000,2000,0.1,1.0,1.0,1.0444348422988572,1.0444348422988572,0
198,rejection+true,12.760930781150906,0.26210794920722635,0.08755558675071286,100,30,2000,2000,0.1,1.0,1.0,0.9734992954891473,0.9734992954891473,1
198,rejection+hat,12.760930781150906,0.26210794920722635,0.08820558675071279,100,30,2000,2000,0.1,1.0,1.0,0.9734992954891473,0.9734992954891473,1
198,plugin+true,0.02444754724726473,0.14410717128909456,0.13420558675071287,100,30,2000,2000,0.1,1.0,1.0,0.9734992954891473,0.9734992954891473,1
198,plugin+hat,0.05976825664072413,0.18452878426628053,0.13420558675071287,100,30,2000,2000,0.1,1.0,1.0,0.9734992954891473,0.9734992954891473,1
199,rejection+true,8.161400793251818,0.04242757161458333,0.08622192142931036,100,30,2000,2000,0.1,1.0,1.0,0.9123269565288651,0.9123269565288651,1
199,rejection+hat,1.3655075874659035,0.013602507611115774,0.10137192142931024,100,30,2000,2000,0.1,1.0,1.0,0.9123269565288651,0.9123269565288651,1
199,plugin+true,0.015635711447601203,-0.10017890139671462,0.1308219214293102,100,30,2000,2000,0.1,1.0,1.0,0.9123269565288651,0.9123269565288651,1
199,plugin+hat,2.135068261712694,-0.1287955745401517,0.09362192142931028,100,30,2000,2000,0.1,1.0,1.0,0.9123269565288651,0.9123269565288651,1
200,rejection+true,12.760930781150906,0.18850631273041168,0.044440053870181906,100,30,2000,2000,0.1,1.0,1.0,0.9976155630784159,0.9976155630784159,1
200,rejection+hat,12.760930781150906,0.18850631273041168,0.045140053870182,100,30,2000,2000,0.1,1.0,1.0,0.9976155630784159,0.9976155630784159,1
200,plugin+true,19.952623149688797,0.11082899618690181,0.04289005387018184,100,30,2000,2000,0.1,1.0,1.0,0.9976155630784159,0.9976155630784159,1
200,plugin+hat,3.338331126107119,0.13728881403580623,0.053290053870181917,100,30,2000,2000,0.1,1.0,1.0,0.9976155630784159,0.9976155630784159,1
201,rejection+true,0.01,-0.1571469218780597,0.08423122183106709,100,30,2000,2000,0.1,1.0,1.0,0.9873031276552566,0.9873031276552566,1
201,rejection+hat,0.01,-0.1571469218780597,0.08423122183106709,100,30,2000,2000,0.1,1.0,1.0,0.9873031276552566,0.9873031276552566,1
201,plugin+true,2.135068261712694,-0.126959686735447,0.05538122183106698,100,30,2000,2000,0.1,1.0,1.0,0.9873031276552566,0.9873031276552566,1
201,plugin+hat,0.01,-0.11602589533631605,0.08423122183106709,100,30,2000,2000,0.1,1.0,1.0,0.9873031276552566,0.9873031276552566,1
202,rejection+true,0.01,0.1642577053358157,0.11517603739797554,100,30,2000,2000,0.1,1.0,1.0,0.9342992363574852,0.9342992363574852,1
202,rejection+hat,0.01,0.1642577053358157,0.11517603739797554,100,30,2000,2000,0.1,1.0,1.0,0.9342992363574852,0.9342992363574852,1
202,plugin+true,0.558545842515421,0.24295848981825538,0.10432603739797548,100,30,2000,2000,0.1,1.0,1.0,0.9342992363574852,0.9342992363574852,1
202,plugin+hat,0.01,0.24607448620560818,0.11517603739797554,100,30,2000,2000,0.1,1.0,1.0,0.9342992363574852,0.9342992363574852,1
203,rejection+true,0.8733261623828429,0.15453788589996592,0.113951247167777,100,30,2000,2000,0.1,1.0,1.0,1.0319915506178348,1.0319915506178348,0
203,rejection+hat,0.8733261623828429,0.15453788589996592,0.09960124716777692,100,30,2000,2000,0.1,1.0,1.0,1.0319915506178348,1.0319915506178348,0
203,plugin+true,0.01,0.09815155018324853,0.029651247167776895,100,30,2000,2000,0.1,1.0,1.0,1.0319915506178348,1.0319915506178348,0
203,plugin+hat,0.35722445018714644,0.09208066312749662,0.12780124716777697,100,30,2000,2000,0.1,1.0,1.0,1.0319915506178348,1.0319915506178348,0
204,rejection+true,8.161400793251818,0.042155473803480475,0.07019210172949265,100,30,2000,2000,0.1,1.0,1.0,1.027806850723796,1.027806850723796,0
204,rejection+hat,8.161400793251818,0.042155473803480475,0.07274210172949262,100,30,2000,2000,0.1,1.0,1.0,1.027806850723796,1.027806850723796,0
204,plugin+true,5.219718220435647,0.014023883637724537,0.0757921017294927,100,30,2000,2000,0.1,1.0,1.0,1.027806850723796,1.027806850723796,0
204,plugin+hat,8.161400793251818,0.053341417822724876,0.07274210172949262,100,30,2000,2000,0.1,1.0,1.0,1.027806850723796,1.027806850723796,0
205,rejection+true,2.135068261712694,0.2904399942606687,0.06560720201756097,100,30,2000,2000,0.1,1.0,1.0,0.9207433237286156,0.9207433237286156,1
205,rejection+hat,2.135068261712694,0.2929615588237843,0.057257202017560994,100,30,2000,2000,0.1,1.0,1.0,0.9207433237286156,0.9207433237286156,1
205,plugin+true,0.03822547943598284,0.30183614970083344,-0.0018927979824390603,100,30,2000,2000,0.1,1.0,1.0,0.9207433237286156,0.9207433237286156,1
205,plugin+hat,0.8733261623828429,0.3125966916964974,0.07060720201756097,100,30,2000,2000,0.1,1.0,1.0,0.9207433237286156,0.9207433237286156,1
206,rejection+true,2.135068261712694,0.08561253752559425,0.08897335757830502,100,30,2000,2000,0.1,1.0,1.0,0.9347452537300317,0.9347452537300317,1
206,rejection+hat,1.3655075874659035,0.16962453828503685,0.08982335757830516,100,30,2000,2000,0.1,1.0,1.0,0.9347452537300317,0.9347452537300317,1
206,plugin+true,0.03822547943598284,-0.03162225138502898,0.026673357578305048,100,30,2000,2000,0.1,1.0,1.0,0.9347452537300317,0.9347452537300317,1
206,plugin+hat,0.8733261623828429,-0.0536370039778299,0.10837335757830517,100,30,2000,2000,0.1,1.0,1.0,0.9347452537300317,0.9347452537300317,1
207,rejection+true,0.35722445018714644,0.10647235590343676,0.08246647984587265,100,30,2000,2000,0.1,1.0,1.0,1.0102696497023167,1.0102696497023167,0
207,rejection+hat,0.35722445018714644,0.10647235590343676,0.08246647984587265,100,30,2000,2000,0.1,1.0,1.0,1.0102696497023167,1.0102696497023167,0
207,plugin+true,0.22846702651445452,0.10504477408795947,0.08261647984587264,100,30,2000,2000,0.1,1.0,1.0,1.0102696497023167,1.0102696497023167,0
207,plugin+hat,0.1461187278110747,0.1493701360529319,0.08266647984587266,100,30,2000,2000,0.1,1.0,1.0,1.0102696497023167,1.0102696497023167,0
208,rejection+true,3.338331126107119,0.1580477255086104,0.05721500769433706,100,30,2000,2000,0.1,1.0,1.0,1.0309833191439253,1.0309833191439253,0
208,rejection+hat,3.338331126107119,0.1580477255086104,0.054965007694336994,100,30,2000,2000,0.1,1.0,1.0,1.0309833191439253,1.0309833191439253,0
208,plugin+true,0.8733261623828429,0.14169248925533778,0.06881500769433713,100,30,2000,2000,0.1,1.0,1.0,1.0309833191439253,1.0309833191439253,0
208,plugin+hat,0.09345192145605369,0.11518008665611004,-0.01168499230566287,100,30,2000,2000,0.1,1.0,1.0,1.0309833191439253,1.0309833191439253,0
209,rejection+true,0.01,0.4880371054013571,0.08910799229461484,100,30,2000,2000,0.1,1.0,1.0,1.0238204314292716,1.0238204314292716,0
209,rejection+hat,0.01,0.4880371054013571,0.08910799229461484,100,30,2000,2000,0.1,1.0,1.0,1.0238204314292716,1.0238204314292716,0
209,plugin+true,0.22846702651445452,0.2698358531069244,0.08910799229461484,100,30,2000,2000,0.1,1.0,1.0,1.0238204314292716,1.0238204314292716,0
209,plugin+hat,0.35722445018714644,0.24611941573750923,0.08780799229461486,100,30,2000,2000,0.1,1.0,1.0,1.0238204314292716,1.0238204314292716,0
210,rejection+true,3.338331126107119,0.17000083823998766,0.04434400268971163,100,30,2000,2000,0.1,1.0,1.0,0.960879112658503,0.960879112658503,1
210,rejection+hat,3.338331126107119,0.17000083823998766,0.041244002689711595,100,30,2000,2000,0.1,1.0,1.0,0.960879112658503,0.960879112658503,1
210,plugin+true,5.219718220435647,0.1842030355802054,0.03269400268971161,100,30,2000,2000,0.1,1.0,1.0,0.960879112658503,0.960879112658503,1
210,plugin+hat,1.3655075874659035,0.1698012359720612,0.04519400268971167,100,30,2000,2000,0.1,1.0,1.0,0.960879112658503,0.960879112658503,1
211,rejection+true,0.35722445018714644,0.2868177987635135,0.09492592356902219,100,30,2000,2000,0.1,1.0,1.0,0.9715136652395353,0.9715136652395353,1
211,rejection+hat,0.35722445018714644,0.2868177987635135,0.09492592356902219,100,30,2000,2000,0.1,1.0,1.0,0.9715136652395353,0.9715136652395353,1
211,plugin+true,0.558545842515421,0.2528137807945028,0.07962592356902226,100,30,2000,2000,0.1,1.0,1.0,0.9715136652395353,0.9715136652395353,1
211,plugin+hat,0.09345192145605369,0.23245983870068893,0.09502592356902222,100,30,2000,2000,0.1,1.0,1.0,0.9715136652395353,0.9715136652395353,1
212,rejection+true,0.01,-0.020663986004850206,0.12803006727399474,100,30,2000,2000,0.1,1.0,1.0,0.9031618466814214,0.9031618466814214,1
212,rejection+hat,0.01,-0.020663986004850206,0.12803006727399474,100,30,2000,2000,0.1,1.0,1.0,0.9031618466814214,0.9031618466814214,1
212,plugin+true,0.09345192145605369,0.06062413895294798,0.12803006727399474,100,30,2000,2000,0.1,1.0,1.0,0.9031618466814214,0.9031618466814214,1
212,plugin+hat,3.338331126107119,0.03543334523143698,0.09293006727399472,100,30,2000,2000,0.1,1.0,1.0,0.9031618466814214,0.9031618466814214,1
213,rejection+true,5.219718220435647,0.36130542991062,0.06809680471013262,100,30,2000,2000,0.1,1.0,1.0,0.9271460629193868,0.9271460629193868,1
213,rejection+hat,5.219718220435647,0.24761410591502986,0.0662968047101328,100,30,2000,2000,0.1,1.0,1.0,0.9271460629193868,0.9271460629193868,1
213,plugin+true,2.135068261712694,0.10249504518810393,0.06579680471013274,100,30,2000,2000,0.1,1.0,1.0,0.9271460629193868,0.9271460629193868,1
213,plugin+hat,0.015635711447601203,0.10548970754301665,0.0065968047101326865,100,30,2000,2000,0.1,1.0,1.0,0.9271460629193868,0.9271460629193868,1
214,rejection+true,12.760930781150906,0.06228698703149954,0.052194650570078036,100,30,2000,2000,0.1,1.0,1.0,1.1711319687725996,1.1711319687725996,0
214,rejection+hat,3.338331126107119,0.06263196157912415,0.057494650570078056,100,30,2000,2000,0.1,1.0,1.0,1.1711319687725996,1.1711319687725996,0
214,plugin+true,0.09345192145605369,0.33962205468406953,0.09909465057007796,100,30,2000,2000,0.1,1.0,1.0,1.1711319687725996,1.1711319687725996,0
214,plugin+hat,0.1461187278110747,0.3166756036080193,0.09884465057007796,100,30,2000,2000,0.1,1.0,1.0,1.1711319687725996,1.1711319687725996,0
215,rejection+true,0.22846702651445452,0.3569760235647361,0.10519718675347375,100,30,2000,2000,0.1,1.0,1.0,1.1763070584175457,1.1763070584175457,0
215,rejection+hat,3.338331126107119,0.40303379582862064,0.06974718675347359,100,30,2000,2000,0.1,1.0,1.0,1.1763070584175457,1.1763070584175457,0
215,plugin+true,0.558545842515421,0.21310596443454624,0.09984718675347384,100,30,2000,2000,0.1,1.0,1.0,1.1763070584175457,1.1763070584175457,0
215,plugin+hat,1.3655075874659035,0.22642361830532365,0.08434718675347364,100,30,2000,2000,0.1,1.0,1.0,1.1763070584175457,1.1763070584175457,0
216,rejection+true,2.135068261712694,0.170842459363242,0.03724630778606441,100,30,2000,2000,0.1,1.0,1.0,0.9676075881553697,0.9676075881553697,1
216,rejection+hat,2.135068261712694,0.16599919187525908,0.0318463077860644,100,30,2000,2000,0.1,1.0,1.0,0.9676075881553697,0.9676075881553697,1
216,plugin+true,0.05976825664072413,0.024514073956145722,-0.031203692213935492,100,30,2000,2000,0.1,1.0,1.0,0.9676075881553697,0.9676075881553697,1
216,plugin+hat,0.1461187278110747,0.02664540438649643,0.0672963077860645,100,30,2000,2000,0.1,1.0,1.0,0.9676075881553697,0.9676075881553697,1
217,rejection+true,0.35722445018714644,0.11550092498461406,-0.006559987158712328,100,30,2000,2000,0.1,1.0,1.0,0.982945370272189,0.982945370272189,1
217,rejection+hat,0.35722445018714644,0.07121260340015095,-0.006559987158712328,100,30,2000,2000,0.1,1.0,1.0,0.982945370272189,0.982945370272189,1
217,plugin+true,0.015635711447601203,0.0005624957081646175,-0.006559987158712328,100,30,2000,2000,0.1,1.0,1.0,0.982945370272189,0.982945370272189,1
217,plugin+hat,5.219718220435647,0.05266369808138053,0.04949001284128764,100,30,2000,2000,0.1,1.0,1.0,0.982945370272189,0.982945370272189,1
218,rejection+true,8.161400793251818,0.43964858688414105,0.06708104973802946,100,30,2000,2000,0.1,1.0,1.0,1.0876320730302182,1.0876320730302182,0
218,rejection+hat,8.161400793251818,0.43964858688414105,0.06453104973802944,100,30,2000,2000,0.1,1.0,1.0,1.0876320730302182,1.0876320730302182,0
218,plugin+true,0.02444754724726473,0.2836285895867517,0.11008104973802942,100,30,2000,2000,0.1,1.0,1.0,1.0876320730302182,1.0876320730302182,0
218,plugin+hat,0.03822547943598284,0.34132663546943237,0.11013104973802944,100,30,2000,2000,0.1,1.0,1.0,1.0876320730302182,1.0876320730302182,0
219,rejection+true,5.219718220435647,0.01870234141436716,0.02069369913504722,100,30,2000,2000,0.1,1.0,1.0,1.0234722702848194,1.0234722702848194,0
219,rejection+hat,5.219718220435647,0.01870234141436716,0.025493699135047215,100,30,2000,2000,0.1,1.0,1.0,1.0234722702848194,1.0234722702848194,0
219,plugin+true,2.135068261712694,0.015682043896206845,0.024443699135047296,100,30,2000,2000,0.1,1.0,1.0,1.0234722702848194,1.0234722702848194,0
219,plugin+hat,0.015635711447601203,0.025614318858030987,0.0666436991350473,100,30,2000,2000,0.1,1.0,1.0,1.0234722702848194,1.0234722702848194,0
220,rejection+true,0.22846702651445452,0.28034134209156036,0.08979263656331424,100,30,2000,2000,0.1,1.0,1.0,1.0251562611037002,1.0251562611037002,0
220,rejection+hat,0.1461187278110747,0.21372928755978743,0.08979263656331424,100,30,2000,2000,0.1,1.0,1.0,1.0251562611037002,1.0251562611037002,0
220,plugin+true,0.01,0.3268623414987978,0.08979263656331424,100,30,2000,2000,0.1,1.0,1.0,1.0251562611037002,1.0251562611037002,0
220,plugin+hat,0.8733261623828429,0.265270509301748,0.07354263656331433,100,30,2000,2000,0.1,1.0,1.0,1.0251562611037002,1.0251562611037002,0
221,rejection+true,3.338331126107119,-0.027900613596042,0.02877856841235311,100,30,2000,2000,0.1,1.0,1.0,0.87324404294936,0.87324404294936,1
221,rejection+hat,12.760930781150906,-0.04667698393265406,0.024578568412353098,100,30,2000,2000,0.1,1.0,1.0,0.87324404294936,0.87324404294936,1
221,plugin+true,0.35722445018714644,-0.004558599663760046,0.05172856841235303,100,30,2000,2000,0.1,1.0,1.0,0.87324404294936,0.87324404294936,1
221,plugin+hat,0.01,0.01645718707408044,0.056228568412353,100,30,2000,2000,0.1,1.0,1.0,0.87324404294936,0.87324404294936,1
222,rejection+true,5.219718220435647,-0.23639566206062837,0.05720279253013928,100,30,2000,2000,0.1,1.0,1.0,1.1004168810483599,1.1004168810483599,0
222,rejection+hat,5.219718220435647,-0.23639566206062837,0.05385279253013929,100,30,2000,2000,0.1,1.0,1.0,1.1004168810483599,1.1004168810483599,0
222,plugin+true,0.35722445018714644,0.11121384994217606,0.07430279253013924,100,30,2000,2000,0.1,1.0,1.0,1.1004168810483599,1.1004168810483599,0
222,plugin+hat,0.558545842515421,0.0717255761045674,0.08375279253013934,100,30,2000,2000,0.1,1.0,1.0,1.1004168810483599,1.1004168810483599,0
223,rejection+true,0.35722445018714644,0.3325393407605589,0.0022410663800654304,100,30,2000,2000,0.1,1.0,1.0,0.9318487614444116,0.9318487614444116,1
223,rejection+hat,0.22846702651445452,0.3475207938812674,0.0021910663800654385,100,30,2000,2000,0.1,1.0,1.0,0.9318487614444116,0.9318487614444116,1
223,plugin+true,0.09345192145605369,0.14058052104196753,0.0021910663800654385,100,30,2000,2000,0.1,1.0,1.0,0.9318487614444116,0.9318487614444116,1
223,plugin+hat,0.09345192145605369,0.15817706884011423,0.0021910663800654385,100,30,2000,2000,0.1,1.0,1.0,0.9318487614444116,0.9318487614444116,1
224,rejection+true,19.952623149688797,-0.04346521636471153,0.05992005753682153,100,30,2000,2000,0.1,1.0,1.0,0.9733250797956778,0.9733250797956778,1
224,rejection+hat,19.952623149688797,-0.04346521636471153,0.06127005753682142,100,30,2000,2000,0.1,1.0,1.0,0.9733250797956778,0.9733250797956778,1
224,plugin+true,0.35722445018714644,0.04433781390482221,0.009320057536821491,100,30,2000,2000,0.1,1.0,1.0,0.9733250797956778,0.9733250797956778,1
224,plugin+hat,0.1461187278110747,0.05690271980431314,0.009320057536821491,100,30,2000,2000,0.1,1.0,1.0,0.9733250797956778,0.9733250797956778,1
225,rejection+true,12.760930781150906,0.03855568033953507,0.06284520855331661,100,30,2000,2000,0.1,1.0,1.0,0.9472100916804039,0.9472100916804039,1
225,rejection+hat,12.760930781150906,0.03855568033953507,0.062295208553316626,100,30,2000,2000,0.1,1.0,1.0,0.9472100916804039,0.9472100916804039,1
225,plugin+true,0.558545842515421,0.03745153201220181,0.10279520855331682,100,30,2000,2000,0.1,1.0,1.0,0.9472100916804039,0.9472100916804039,1
225,plugin+hat,5.219718220435647,0.013911557208947678,0.06499520855331659,100,30,2000,2000,0.1,1.0,1.0,0.9472100916804039,0.9472100916804039,1
226,rejection+true,0.01,0.06487716399133207,-0.05202181595118947,100,30,2000,2000,0.1,1.0,1.0,0.8871460298048666,0.8871460298048666,1
226,rejection+hat,0.01,0.06487716399133207,-0.05202181595118947,100,30,2000,2000,0.1,1.0,1.0,0.8871460298048666,0.8871460298048666,1
226,plugin+true,0.35722445018714644,0.02002393138330234,0.03797818404881067,100,30,2000,2000,0.1,1.0,1.0,0.8871460298048666,0.8871460298048666,1
226,plugin+hat,0.35722445018714644,-0.03484150534139098,-0.012671815951189436,100,30,2000,2000,0.1,1.0,1.0,0.8871460298048666,0.8871460298048666,1
227,rejection+true,3.338331126107119,0.24071393528332313,0.08750818684287485,100,30,2000,2000,0.1,1.0,1.0,0.8994031828729788,0.8994031828729788,1
227,rejection+hat,8.161400793251818,0.2355152415111661,0.08500818684287484,100,30,2000,2000,0.1,1.0,1.0,0.8994031828729788,0.8994031828729788,1
227,plugin+true,0.22846702651445452,0.09825888769776461,0.0274081868428748,100,30,2000,2000,0.1,1.0,1.0,0.8994031828729788,0.8994031828729788,1
227,plugin+hat,0.09345192145605369,0.1221780962877282,0.0274081868428748,100,30,2000,2000,0.1,1.0,1.0,0.8994031828729788,0.8994031828729788,1
228,rejection+true,0.01,-0.014754883859617018,0.02896451375006603,100,30,2000,2000,0.1,1.0,1.0,1.0477840897872648,1.0477840897872648,0
228,rejection+hat,0.01,-0.014754883859617018,0.02896451375006603,100,30,2000,2000,0.1,1.0,1.0,1.0477840897872648,1.0477840897872648,0
228,plugin+true,0.558545842515421,0.13884837091225538,0.11486451375006546,100,30,2000,2000,0.1,1.0,1.0,1.0477840897872648,1.0477840897872648,0
228,plugin+hat,0.01,0.10101803769830779,0.02896451375006603,100,30,2000,2000,0.1,1.0,1.0,1.0477840897872648,1.0477840897872648,0
229,rejection+true,3.338331126107119,0.28608864840740966,0.04113706077204118,100,30,2000,2000,0.1,1.0,1.0,1.0417688417561786,1.0417688417561786,0
229,rejection+hat,3.338331126107119,0.28608864840740966,0.04493706077204115,100,30,2000,2000,0.1,1.0,1.0,1.0417688417561786,1.0417688417561786,0
229,plugin+true,0.01,0.31720477205432196,-0.02076293922795883,100,30,2000,2000,0.1,1.0,1.0,1.0417688417561786,1.0417688417561786,0
229,plugin+hat,0.22846702651445452,0.2907193336300579,0.06918706077204105,100,30,2000,2000,0.1,1.0,1.0,1.0417688417561786,1.0417688417561786,0
230,rejection+true,2.135068261712694,0.2426253494961808,0.05574008610005558,100,30,2000,2000,0.1,1.0,1.0,1.0208674463060434,1.0208674463060434,0
230,rejection+hat,12.760930781150906,0.2179729460272938,0.04329008610005573,100,30,2000,2000,0.1,1.0,1.0,1.0208674463060434,1.0208674463060434,0
230,plugin+true,0.22846702651445452,0.29399327474500303,0.08954008610005572,100,30,2000,2000,0.1,1.0,1.0,1.0208674463060434,1.0208674463060434,0
230,plugin+hat,3.338331126107119,0.24034982099030774,0.056540086100055606,100,30,2000,2000,0.1,1.0,1.0,1.0208674463060434,1.0208674463060434,0
231,rejection+true,2.135068261712694,0.2563091240823268,0.06590672444910632,100,30,2000,2000,0.1,1.0,1.0,1.1374192456890007,1.1374192456890007,0
231,rejection+hat,0.8733261623828429,0.26820907269914945,0.08255672444910638,100,30,2000,2000,0.1,1.0,1.0,1.1374192456890007,1.1374192456890007,0
231,plugin+true,0.35722445018714644,0.09220592643615703,0.0978067244491064,100,30,2000,2000,0.1,1.0,1.0,1.1374192456890007,1.1374192456890007,0
231,plugin+hat,19.952623149688797,0.14088526809742546,0.04945672444910636,100,30,2000,2000,0.1,1.0,1.0,1.1374192456890007,1.1374192456890007,0
232,rejection+true,0.22846702651445452,0.27992831667264295,0.06497611990205347,100,30,2000,2000,0.1,1.0,1.0,0.9119788818890818,0.9119788818890818,1
232,rejection+hat,0.22846702651445452,0.27992831667264295,-0.02267388009794653,100,30,2000,2000,0.1,1.0,1.0,0.9119788818890818,0.9119788818890818,1
232,plugin+true,0.22846702651445452,0.22654153876160993,0.06497611990205347,100,30,2000,2000,0.1,1.0,1.0,0.9119788818890818,0.9119788818890818,1
232,plugin+hat,0.03822547943598284,0.24675712148502757,0.06552611990205351,100,30,2000,2000,0.1,1.0,1.0,0.9119788818890818,0.9119788818890818,1
233,rejection+true,0.01,0.1186720743154486,0.08459824223149143,100,30,2000,2000,0.1,1.0,1.0,1.1732937975314133,1.1732937975314133,0
233,rejection+hat,0.01,0.1186720743154486,0.08459824223149143,100,30,2000,2000,0.1,1.0,1.0,1.1732937975314133,1.1732937975314133,0
233,plugin+true,0.01,0.24277152143764483,0.08459824223149143,100,30,2000,2000,0.1,1.0,1.0,1.1732937975314133,1.1732937975314133,0
233,plugin+hat,0.1461187278110747,0.24842156073390828,0.08459824223149143,100,30,2000,2000,0.1,1.0,1.0,1.1732937975314133,1.1732937975314133,0
234,rejection+true,3.338331126107119,0.47001760303974144,0.04106830332315307,100,30,2000,2000,0.1,1.0,1.0,0.958947038024371,0.958947038024371,1
234,rejection+hat,3.338331126107119,0.4773110345626871,0.04041830332315309,100,30,2000,2000,0.1,1.0,1.0,0.958947038024371,0.958947038024371,1
234,plugin+true,0.015635711447601203,0.3124333619144721,-0.013981696676846919,100,30,2000,2000,0.1,1.0,1.0,0.958947038024371,0.958947038024371,1
234,plugin+hat,5.219718220435647,0.31490230629203475,0.048318303323153136,100,30,2000,2000,0.1,1.0,1.0,0.958947038024371,0.958947038024371,1
235,rejection+true,3.338331126107119,0.03013425047198932,0.059832377522583594,100,30,2000,2000,0.1,1.0,1.0,0.9671963629276804,0.9671963629276804,1
235,rejection+hat,3.338331126107119,0.03013425047198932,0.057782377522583604,100,30,2000,2000,0.1,1.0,1.0,0.9671963629276804,0.9671963629276804,1
235,plugin+true,0.02444754724726473,0.08812227750233056,-0.003667622477416474,100,30,2000,2000,0.1,1.0,1.0,0.9671963629276804,0.9671963629276804,1
235,plugin+hat,0.015635711447601203,0.11621597615553833,-0.003667622477416474,100,30,2000,2000,0.1,1.0,1.0,0.9671963629276804,0.9671963629276804,1
236,rejection+true,2.135068261712694,-0.07163423486053944,0.055278682220919424,100,30,2000,2000,0.1,1.0,1.0,0.9682831648766749,0.9682831648766749,1
236,rejection+hat,2.135068261712694,0.021032961457967753,0.05027868222091937,100,30,2000,2000,0.1,1.0,1.0,0.9682831648766749,0.9682831648766749,1
236,plugin+true,0.22846702651445452,0.05875778361711934,0.0762786822209193,100,30,2000,2000,0.1,1.0,1.0,0.9682831648766749,0.9682831648766749,1
236,plugin+hat,0.05976825664072413,0.017202535781806878,0.07917868222091926,100,30,2000,2000,0.1,1.0,1.0,0.9682831648766749,0.9682831648766749,1
237,rejection+true,3.338331126107119,0.2014502707868814,0.0937282612668237,100,30,2000,2000,0.1,1.0,1.0,1.106551099367158,1.106551099367158,0
237,rejection+hat,12.760930781150906,0.2003724802285433,0.08102826126682382,100,30,2000,2000,0.1,1.0,1.0,1.106551099367158,1.106551099367158,0
237,plugin+true,0.01,0.18001642915226596,0.12692826126682372,100,30,2000,2000,0.1,1.0,1.0,1.106551099367158,1.106551099367158,0
237,plugin+hat,0.1461187278110747,0.24058213249947058,0.12662826126682378,100,30,2000,2000,0.1,1.0,1.0,1.106551099367158,1.106551099367158,0
238,rejection+true,12.760930781150906,-0.14029427853723367,0.05453336565539207,100,30,2000,2000,0.1,1.0,1.0,1.0573422788025384,1.0573422788025384,0
238,rejection+hat,0.8733261623828429,-0.1339541863650084,0.07098336565539222,100,30,2000,2000,0.1,1.0,1.0,1.0573422788025384,1.0573422788025384,0
238,plugin+true,0.09345192145605369,-0.1143989101656329,0.1010833656553921,100,30,2000,2000,0.1,1.0,1.0,1.0573422788025384,1.0573422788025384,0
238,plugin+hat,0.015635711447601203,-0.06991268820713638,0.1013333656553921,100,30,2000,2000,0.1,1.0,1.0,1.0573422788025384,1.0573422788025384,0
239,rejection+true,2.135068261712694,0.33079347101350626,0.10389004452462548,100,30,2000,2000,0.1,1.0,1.0,0.9600413170100383,0.9600413170100383,1
239,rejection+hat,0.22846702651445452,0.3099616444359222,0.03294004452462552,100,30,2000,2000,0.1,1.0,1.0,0.9600413170100383,0.9600413170100383,1
239,plugin+true,0.02444754724726473,0.15518080021796285,0.13104004452462545,100,30,2000,2000,0.1,1.0,1.0,0.9600413170100383,0.9600413170100383,1
239,plugin+hat,0.03822547943598284,0.1745892408678384,0.13064004452462544,100,30,2000,2000,0.1,1.0,1.0,0.9600413170100383,0.9600413170100383,1
240,rejection+true,3.338331126107119,0.2086261401612622,0.05125061230194676,100,30,2000,2000,0.1,1.0,1.0,1.1212053786846234,1.1212053786846234,0
240,rejection+hat,5.219718220435647,0.26111575831115874,0.04685061230194668,100,30,2000,2000,0.1,1.0,1.0,1.1212053786846234,1.1212053786846234,0
240,plugin+true,0.558545842515421,0.0005843816161115317,0.08445061230194674,100,30,2000,2000,0.1,1.0,1.0,1.1212053786846234,1.1212053786846234,0
240,plugin+hat,19.952623149688797,0.056888719255983364,0.04590061230194678,100,30,2000,2000,0.1,1.0,1.0,1.1212053786846234,1.1212053786846234,0
241,rejection+true,8.161400793251818,0.2731513698895772,0.04293318626061472,100,30,2000,2000,0.1,1.0,1.0,1.0397311396689282,1.0397311396689282,0
241,rejection+hat,19.952623149688797,0.20210656325022383,0.04198318626061473,100,30,2000,2000,0.1,1.0,1.0,1.0397311396689282,1.0397311396689282,0
241,plugin+true,0.1461187278110747,0.13799237421711946,0.08883318626061477,100,30,2000,2000,0.1,1.0,1.0,1.0397311396689282,1.0397311396689282,0
241,plugin+hat,0.05976825664072413,0.14090078535166264,-0.009666813739385369,100,30,2000,2000,0.1,1.0,1.0,1.0397311396689282,1.0397311396689282,0
242,rejection+true,2.135068261712694,0.0929772073403001,0.12198422444507218,100,30,2000,2000,0.1,1.0,1.0,0.9608007214282412,0.9608007214282412,1
242,rejection+hat,2.135068261712694,0.16036076328406731,0.12648422444507215,100,30,2000,2000,0.1,1.0,1.0,0.9608007214282412,0.9608007214282412,1
242,plugin+true,0.8733261623828429,0.2989952300547588,0.14123422444507192,100,30,2000,2000,0.1,1.0,1.0,0.9608007214282412,0.9608007214282412,1
242,plugin+hat,0.22846702651445452,0.29159500341229017,0.14233422444507193,100,30,2000,2000,0.1,1.0,1.0,0.9608007214282412,0.9608007214282412,1
243,rejection+true,3.338331126107119,-0.006128094128022591,0.09615367194329837,100,30,2000,2000,0.1,1.0,1.0,0.9948420014702396,0.9948420014702396,1
243,rejection+hat,3.338331126107119,0.04116097760076323,0.09550367194329841,100,30,2000,2000,0.1,1.0,1.0,0.9948420014702396,0.9948420014702396,1
243,plugin+true,0.35722445018714644,0.0519061284381314,0.13200367194329818,100,30,2000,2000,0.1,1.0,1.0,0.9948420014702396,0.9948420014702396,1
243,plugin+hat,1.3655075874659035,0.08361427099381268,0.10435367194329832,100,30,2000,2000,0.1,1.0,1.0,0.9948420014702396,0.9948420014702396,1
244,rejection+true,0.01,0.2760444728036722,-0.017279534168883094,100,30,2000,2000,0.1,1.0,1.0,0.9714530437996689,0.9714530437996689,1
244,rejection+hat,0.01,0.2760444728036722,-0.017279534168883094,100,30,2000,2000,0.1,1.0,1.0,0.9714530437996689,0.9714530437996689,1
244,plugin+true,0.01,0.21022064846858313,-0.017279534168883094,100,30,2000,2000,0.1,1.0,1.0,0.9714530437996689,0.9714530437996689,1
244,plugin+hat,0.05976825664072413,0.1611040319035879,-0.017279534168883094,100,30,2000,2000,0.1,1.0,1.0,0.9714530437996689,0.9714530437996689,1
245,rejection+true,0.01,-0.004771078253785769,0.07015666173191433,100,30,2000,2000,0.1,1.0,1.0,0.9816063644143475,0.9816063644143475,1
245,rejection+hat,0.01,-0.004771078253785769,0.07015666173191433,100,30,2000,2000,0.1,1.0,1.0,0.9816063644143475,0.9816063644143475,1
245,plugin+true,0.09345192145605369,0.08475033015966169,0.07065666173191427,100,30,2000,2000,0.1,1.0,1.0,0.9816063644143475,0.9816063644143475,1
245,plugin+hat,8.161400793251818,0.1803046161016728,0.02600666173191411,100,30,2000,2000,0.1,1.0,1.0,0.9816063644143475,0.9816063644143475,1
246,rejection+true,0.09345192145605369,0.3425380724171798,0.09403059607659767,100,30,2000,2000,0.1,1.0,1.0,0.8463434881609178,0.8463434881609178,1
246,rejection+hat,0.558545842515421,0.35199584936102224,0.07408059607659752,100,30,2000,2000,0.1,1.0,1.0,0.8463434881609178,0.8463434881609178,1
246,plugin+true,0.01,0.2869662630521358,0.09438059607659766,100,30,2000,2000,0.1,1.0,1.0,0.8463434881609178,0.8463434881609178,1
246,plugin+hat,0.01,0.2724216506624834,0.09463059607659766,100,30,2000,2000,0.1,1.0,1.0,0.8463434881609178,0.8463434881609178,1
247,rejection+true,0.8733261623828429,0.4833375360816718,0.12396755930152789,100,30,2000,2000,0.1,1.0,1.0,1.0974847989325316,1.0974847989325316,0
247,rejection+hat,19.952623149688797,0.5515935719013214,0.0871175593015279,100,30,2000,2000,0.1,1.0,1.0,1.0974847989325316,1.0974847989325316,0
247,plugin+true,0.22846702651445452,0.15729077244814338,0.13501755930152792,100,30,2000,2000,0.1,1.0,1.0,1.0974847989325316,1.0974847989325316,0
247,plugin+hat,19.952623149688797,0.15172525613601415,0.0871175593015279,100,30,2000,2000,0.1,1.0,1.0,1.0974847989325316,1.0974847989325316,0
248,rejection+true,3.338331126107119,0.09384605893865228,0.06843213163809074,100,30,2000,2000,0.1,1.0,1.0,0.9149162138619443,0.9149162138619443,1
248,rejection+hat,1.3655075874659035,0.10411912311489384,0.09598213163809073,100,30,2000,2000,0.1,1.0,1.0,0.9149162138619443,0.9149162138619443,1
248,plugin+true,0.03822547943598284,0.09936574622685168,0.0593821316380908,100,30,2000,2000,0.1,1.0,1.0,0.9149162138619443,0.9149162138619443,1
248,plugin+hat,0.03822547943598284,0.140389357402796,0.009282131638090786,100,30,2000,2000,0.1,1.0,1.0,0.9149162138619443,0.9149162138619443,1
249,rejection+true,19.952623149688797,0.09272673080364861,0.06815300626270251,100,30,2000,2000,0.1,1.0,1.0,0.90495277376282,0.90495277376282,1
249,rejection+hat,8.161400793251818,0.18166816309094433,0.0710530062627024,100,30,2000,2000,0.1,1.0,1.0,0.90495277376282,0.90495277376282,1
249,plugin+true,0.1461187278110747,0.2047598143683742,0.019253006262702297,100,30,2000,2000,0.1,1.0,1.0,0.90495277376282,0.90495277376282,1
249,plugin+hat,0.22846702651445452,0.17978390115363124,0.11620300626270223,100,30,2000,2000,0.1,1.0,1.0,0.90495277376282,0.90495277376282,1
250,rejection+true,8.161400793251818,0.4730263541142145,0.02534412879345611,100,30,2000,2000,0.1,1.0,1.0,0.9645450009118458,0.9645450009118458,1
250,rejection+hat,8.161400793251818,0.4730263541142145,0.028394128793456083,100,30,2000,2000,0.1,1.0,1.0,0.9645450009118458,0.9645450009118458,1
250,plugin+true,0.03822547943598284,0.12887502125094724,0.07364412879345614,100,30,2000,2000,0.1,1.0,1.0,0.9645450009118458,0.9645450009118458,1
250,plugin+hat,1.3655075874659035,0.19225755197964964,0.046144128793456037,100,30,2000,2000,0.1,1.0,1.0,0.9645450009118458,0.9645450009118458,1
251,rejection+true,0.01,0.28065705200036367,0.08505097629853332,100,30,2000,2000,0.1,1.0,1.0,1.0113104771709467,1.0113104771709467,0
251,rejection+hat,0.01,0.28065705200036367,0.08505097629853332,100,30,2000,2000,0.1,1.0,1.0,1.0113104771709467,1.0113104771709467,0
251,plugin+true,0.01,0.2604538016885128,0.08505097629853332,100,30,2000,2000,0.1,1.0,1.0,1.0113104771709467,1.0113104771709467,0
251,plugin+hat,0.02444754724726473,0.299459636388225,0.08505097629853332,100,30,2000,2000,0.1,1.0,1.0,1.0113104771709467,1.0113104771709467,0
252,rejection+true,0.01,0.22976599366714553,0.12826430231736619,100,30,2000,2000,0.1,1.0,1.0,0.9877270927361739,0.9877270927361739,1
252,rejection+hat,0.01,0.22976599366714553,0.12826430231736619,100,30,2000,2000,0.1,1.0,1.0,0.9877270927361739,0.9877270927361739,1
252,plugin+true,0.1461187278110747,0.1548669394466945,0.12806430231736618,100,30,2000,2000,0.1,1.0,1.0,0.9877270927361739,0.9877270927361739,1
252,plugin+hat,0.09345192145605369,0.15919353819078538,0.12826430231736619,100,30,2000,2000,0.1,1.0,1.0,0.9877270927361739,0.9877270927361739,1
253,rejection+true,1.3655075874659035,0.46689928621053706,0.10319183797064539,100,30,2000,2000,0.1,1.0,1.0,0.9924073837106248,0.9924073837106248,1
253,rejection+hat,1.3655075874659035,0.46689928621053706,0.10189183797064537,100,30,2000,2000,0.1,1.0,1.0,0.9924073837106248,0.9924073837106248,1
253,plugin+true,0.1461187278110747,0.32960336547733515,0.12144183797064537,100,30,2000,2000,0.1,1.0,1.0,0.9924073837106248,0.9924073837106248,1
253,plugin+hat,0.1461187278110747,0.3273318346335221,0.12144183797064537,100,30,2000,2000,0.1,1.0,1.0,0.9924073837106248,0.9924073837106248,1
254,rejection+true,5.219718220435647,0.0033344124133388208,0.02025492764218871,100,30,2000,2000,0.1,1.0,1.0,0.9470619583200899,0.9470619583200899,1
254,rejection+hat,5.219718220435647,0.0033344124133388208,0.022354927642188688,100,30,2000,2000,0.1,1.0,1.0,0.9470619583200899,0.9470619583200899,1
254,plugin+true,0.22846702651445452,0.16375258436452833,-0.03854507235781141,100,30,2000,2000,0.1,1.0,1.0,0.9470619583200899,0.9470619583200899,1
254,plugin+hat,0.05976825664072413,0.1521457906073781,-0.03854507235781141,100,30,2000,2000,0.1,1.0,1.0,0.9470619583200899,0.9470619583200899,1
255,rejection+true,5.219718220435647,0.18320144911607103,0.059018236051279926,100,30,2000,2000,0.1,1.0,1.0,0.9915048414429315,0.9915048414429315,1
255,rejection+hat,5.219718220435647,0.18320144911607103,0.05556823605127995,100,30,2000,2000,0.1,1.0,1.0,0.9915048414429315,0.9915048414429315,1
255,plugin+true,0.09345192145605369,0.056952972934007765,-0.0001817639487200937,100,30,2000,2000,0.1,1.0,1.0,0.9915048414429315,0.9915048414429315,1
255,plugin+hat,0.22846702651445452,0.023758478074371415,-0.0001817639487200937,100,30,2000,2000,0.1,1.0,1.0,0.9915048414429315,0.9915048414429315,1
256,rejection+true,3.338331126107119,0.15550552035371462,0.05901427536195756,100,30,2000,2000,0.1,1.0,1.0,0.9986157274455133,0.9986157274455133,1
256,rejection+hat,3.338331126107119,0.15550552035371462,0.057964275361957515,100,30,2000,2000,0.1,1.0,1.0,0.9986157274455133,0.9986157274455133,1
256,plugin+true,0.02444754724726473,0.16842138043014396,0.1018642753619576,100,30,2000,2000,0.1,1.0,1.0,0.9986157274455133,0.9986157274455133,1
256,plugin+hat,0.8733261623828429,0.1522738717404054,0.09236427536195757,100,30,2000,2000,0.1,1.0,1.0,0.9986157274455133,0.9986157274455133,1
257,rejection+true,0.01,0.16811270313337445,-0.043783434258153224,100,30,2000,2000,0.1,1.0,1.0,1.0564633721080139,1.0564633721080139,0
257,rejection+hat,0.01,0.16811270313337445,-0.043783434258153224,100,30,2000,2000,0.1,1.0,1.0,1.0564633721080139,1.0564633721080139,0
257,plugin+true,19.952623149688797,0.14181088791846003,0.008266565741846822,100,30,2000,2000,0.1,1.0,1.0,1.0564633721080139,1.0564633721080139,0
257,plugin+hat,0.1461187278110747,0.16048290572830087,-0.043783434258153224,100,30,2000,2000,0.1,1.0,1.0,1.0564633721080139,1.0564633721080139,0
258,rejection+true,8.161400793251818,0.45189619934778114,0.08045857646554136,100,30,2000,2000,0.1,1.0,1.0,1.0159669735479027,1.0159669735479027,0
258,rejection+hat,8.161400793251818,0.45189619934778114,0.0786085764655411,100,30,2000,2000,0.1,1.0,1.0,1.0159669735479027,1.0159669735479027,0
258,plugin+true,0.015635711447601203,0.12395164426989011,0.12255857646554132,100,30,2000,2000,0.1,1.0,1.0,1.0159669735479027,1.0159669735479027,0
258,plugin+hat,0.09345192145605369,0.058048348203368974,0.12240857646554135,100,30,2000,2000,0.1,1.0,1.0,1.0159669735479027,1.0159669735479027,0
259,rejection+true,0.01,0.047458613043030104,0.004856454291617035,100,30,2000,2000,0.1,1.0,1.0,0.9462739966022425,0.9462739966022425,1
259,rejection+hat,0.01,0.047458613043030104,0.004856454291617035,100,30,2000,2000,0.1,1.0,1.0,0.9462739966022425,0.9462739966022425,1
259,plugin+true,0.22846702651445452,0.08426636882494687,0.0051064542916170385,100,30,2000,2000,0.1,1.0,1.0,0.9462739966022425,0.9462739966022425,1
259,plugin+hat,8.161400793251818,0.08482076043441804,0.06120645429161704,100,30,2000,2000,0.1,1.0,1.0,0.9462739966022425,0.9462739966022425,1
260,rejection+true,12.760930781150906,0.5582631834472219,0.007314942390155166,100,30,2000,2000,0.1,1.0,1.0,1.0207326620079946,1.0207326620079946,0
260,rejection+hat,12.760930781150906,0.5582631834472219,0.006564942390155179,100,30,2000,2000,0.1,1.0,1.0,1.0207326620079946,1.0207326620079946,0
260,plugin+true,0.558545842515421,0.25245535127377244,0.03266494239015519,100,30,2000,2000,0.1,1.0,1.0,1.0207326620079946,1.0207326620079946,0
260,plugin+hat,0.02444754724726473,0.24212819427916127,0.046864942390155206,100,30,2000,2000,0.1,1.0,1.0,1.0207326620079946,1.0207326620079946,0
261,rejection+true,1.3655075874659035,0.17860846140732364,0.12043833565679017,100,30,2000,2000,0.1,1.0,1.0,0.9556283864367798,0.9556283864367798,1
261,rejection+hat,1.3655075874659035,0.17860846140732364,0.12148833565679015,100,30,2000,2000,0.1,1.0,1.0,0.9556283864367798,0.9556283864367798,1
261,plugin+true,0.8733261623828429,0.12704377808961748,0.08418833565679013,100,30,2000,2000,0.1,1.0,1.0,0.9556283864367798,0.9556283864367798,1
261,plugin+hat,0.35722445018714644,0.1134133453171829,0.03073833565679004,100,30,2000,2000,0.1,1.0,1.0,0.9556283864367798,0.9556283864367798,1
262,rejection+true,12.760930781150906,0.08499280475080015,-0.01119354003764748,100,30,2000,2000,0.1,1.0,1.0,0.9246618227776763,0.9246618227776763,1
262,rejection+hat,8.161400793251818,0.1082261280467113,-0.007293540037647495,100,30,2000,2000,0.1,1.0,1.0,0.9246618227776763,0.9246618227776763,1
262,plugin+true,0.1461187278110747,0.08580425682016132,-0.0579935400376475,100,30,2000,2000,0.1,1.0,1.0,0.9246618227776763,0.9246618227776763,1
262,plugin+hat,0.09345192145605369,0.07307553338754316,-0.05639354003764745,100,30,2000,2000,0.1,1.0,1.0,0.9246618227776763,0.9246618227776763,1
263,rejection+true,0.01,0.1268849859014153,0.10325494490805402,100,30,2000,2000,0.1,1.0,1.0,0.9040908051650304,0.9040908051650304,1
263,rejection+hat,0.01,0.1268849859014153,0.10325494490805402,100,30,2000,2000,0.1,1.0,1.0,0.9040908051650304,0.9040908051650304,1
263,plugin+true,0.03822547943598284,0.2400246908384258,0.004104944908054232,100,30,2000,2000,0.1,1.0,1.0,0.9040908051650304,0.9040908051650304,1
263,plugin+hat,0.35722445018714644,0.1905424149702844,0.0038049449080542253,100,30,2000,2000,0.1,1.0,1.0,0.9040908051650304,0.9040908051650304,1
264,rejection+true,2.135068261712694,0.09707060195505621,0.06706451680953804,100,30,2000,2000,0.1,1.0,1.0,1.0331139500596356,1.0331139500596356,0
264,rejection+hat,2.135068261712694,0.08141431945065655,0.08001451680953804,100,30,2000,2000,0.1,1.0,1.0,1.0331139500596356,1.0331139500596356,0
264,plugin+true,0.01,0.17203832917012818,0.10226451680953806,100,30,2000,2000,0.1,1.0,1.0,1.0331139500596356,1.0331139500596356,0
264,plugin+hat,0.05976825664072413,0.18624148251070613,0.10226451680953806,100,30,2000,2000,0.1,1.0,1.0,1.0331139500596356,1.0331139500596356,0
265,rejection+true,1.3655075874659035,0.24108879913886389,0.11578604956507947,100,30,2000,2000,0.1,1.0,1.0,1.0617474565939138,1.0617474565939138,0
265,rejection+hat,3.338331126107119,0.2661327640215555,0.1106360495650796,100,30,2000,2000,0.1,1.0,1.0,1.0617474565939138,1.0617474565939138,0
265,plugin+true,0.09345192145605369,0.29084301910384475,0.04648604956507954,100,30,2000,2000,0.1,1.0,1.0,1.0617474565939138,1.0617474565939138,0
265,plugin+hat,0.35722445018714644,0.2870470835242256,0.14628604956507948,100,30,2000,2000,0.1,1.0,1.0,1.0617474565939138,1.0617474565939138,0
266,rejection+true,5.219718220435647,0.2605107013136149,0.051788621750589195,100,30,2000,2000,0.1,1.0,1.0,1.0855266930668783,1.0855266930668783,0
266,rejection+hat,2.135068261712694,0.32268152224520835,0.07823862175058924,100,30,2000,2000,0.1,1.0,1.0,1.0855266930668783,1.0855266930668783,0
266,plugin+true,0.35722445018714644,0.2736306585034472,0.0990386217505894,100,30,2000,2000,0.1,1.0,1.0,1.0855266930668783,1.0855266930668783,0
266,plugin+hat,0.35722445018714644,0.2765180190988071,0.0990386217505894,100,30,2000,2000,0.1,1.0,1.0,1.0855266930668783,1.0855266930668783,0
267,rejection+true,12.760930781150906,0.4000680492259561,0.019267697093068588,100,30,2000,2000,0.1,1.0,1.0,0.9922290351969892,0.9922290351969892,1
267,rejection+hat,12.760930781150906,0.4000680492259561,0.016867697093068595,100,30,2000,2000,0.1,1.0,1.0,0.9922290351969892,0.9922290351969892,1
267,plugin+true,0.1461187278110747,0.3170884058268607,-0.03333230290693145,100,30,2000,2000,0.1,1.0,1.0,0.9922290351969892,0.9922290351969892,1
267,plugin+hat,0.01,0.29249293113986063,-0.03378230290693144,100,30,2000,2000,0.1,1.0,1.0,0.9922290351969892,0.9922290351969892,1
268,rejection+true,0.558545842515421,0.24866803425053757,0.11707778625808599,100,30,2000,2000,0.1,1.0,1.0,0.9883236705007169,0.9883236705007169,1
268,rejection+hat,0.558545842515421,0.24866803425053757,0.11707778625808599,100,30,2000,2000,0.1,1.0,1.0,0.9883236705007169,0.9883236705007169,1
268,plugin+true,0.01,0.03117620791213979,0.12047778625808594,100,30,2000,2000,0.1,1.0,1.0,0.9883236705007169,0.9883236705007169,1
268,plugin+hat,0.1461187278110747,0.02216808298355595,0.12047778625808594,100,30,2000,2000,0.1,1.0,1.0,0.9883236705007169,0.9883236705007169,1
269,rejection+true,0.01,0.2540941290557385,0.0869463671078926,100,30,2000,2000,0.1,1.0,1.0,0.9293883805831423,0.9293883805831423,1
269,rejection+hat,0.01,0.2540941290557385,0.08694636710789257,100,30,2000,2000,0.1,1.0,1.0,0.9293883805831423,0.9293883805831423,1
269,plugin+true,0.558545842515421,0.160166430126084,0.09599636710789254,100,30,2000,2000,0.1,1.0,1.0,0.9293883805831423,0.9293883805831423,1
269,plugin+hat,1.3655075874659035,0.1580039750984413,0.07454636710789259,100,30,2000,2000,0.1,1.0,1.0,0.9293883805831423,0.9293883805831423,1
270,rejection+true,3.338331126107119,0.16602516757945224,0.05251512624211234,100,30,2000,2000,0.1,1.0,1.0,1.1369783856935014,1.1369783856935014,0
270,rejection+hat,0.558545842515421,0.16586145746211214,0.0839151262421123,100,30,2000,2000,0.1,1.0,1.0,1.1369783856935014,1.1369783856935014,0
270,plugin+true,0.8733261623828429,0.07851248953343423,0.053315126242112265,100,30,2000,2000,0.1,1.0,1.0,1.1369783856935014,1.1369783856935014,0
270,plugin+hat,0.03822547943598284,0.06408598179295764,-0.014084873757887702,100,30,2000,2000,0.1,1.0,1.0,1.1369783856935014,1.1369783856935014,0
271,rejection+true,2.135068261712694,0.1777483123044173,0.1056896105350214,100,30,2000,2000,0.1,1.0,1.0,1.1135731300098897,1.1135731300098897,0
271,rejection+hat,2.135068261712694,0.1777483123044173,0.09158961053502127,100,30,2000,2000,0.1,1.0,1.0,1.1135731300098897,1.1135731300098897,0
271,plugin+true,0.05976825664072413,0.07720837906204316,0.11013961053502132,100,30,2000,2000,0.1,1.0,1.0,1.1135731300098897,1.1135731300098897,0
271,plugin+hat,0.09345192145605369,0.07930286912149184,0.05543961053502131,100,30,2000,2000,0.1,1.0,1.0,1.1135731300098897,1.1135731300098897,0
272,rejection+true,0.05976825664072413,0.12052847221493719,-0.008969206115963876,100,30,2000,2000,0.1,1.0,1.0,1.0503834600434938,1.0503834600434938,0
272,rejection+hat,0.05976825664072413,0.12052847221493719,-0.008969206115963876,100,30,2000,2000,0.1,1.0,1.0,1.0503834600434938,1.0503834600434938,0
272,plugin+true,0.05976825664072413,0.20595679861636848,-0.008969206115963876,100,30,2000,2000,0.1,1.0,1.0,1.0503834600434938,1.0503834600434938,0
272,plugin+hat,0.1461187278110747,0.19906126319253195,-0.008969206115963876,100,30,2000,2000,0.1,1.0,1.0,1.0503834600434938,1.0503834600434938,0
273,rejection+true,1.3655075874659035,0.31342259530598926,0.10000102135448372,100,30,2000,2000,0.1,1.0,1.0,1.0565105442853029,1.0565105442853029,0
273,rejection+hat,2.135068261712694,0.1840605863370001,0.08695102135448367,100,30,2000,2000,0.1,1.0,1.0,1.0565105442853029,1.0565105442853029,0
273,plugin+true,0.09345192145605369,0.15641434215715613,0.11270102135448362,100,30,2000,2000,0.1,1.0,1.0,1.0565105442853029,1.0565105442853029,0
273,plugin+hat,0.8733261623828429,0.12582570251848207,0.10335102135448365,100,30,2000,2000,0.1,1.0,1.0,1.0565105442853029,1.0565105442853029,0
274,rejection+true,8.161400793251818,0.2642491328374793,0.027241388871516642,100,30,2000,2000,0.1,1.0,1.0,0.98173651189715,0.98173651189715,1
274,rejection+hat,8.161400793251818,0.2642491328374793,0.02889138887151669,100,30,2000,2000,0.1,1.0,1.0,0.98173651189715,0.98173651189715,1
274,plugin+true,3.338331126107119,0.22281508954131457,0.03809138887151677,100,30,2000,2000,0.1,1.0,1.0,0.98173651189715,0.98173651189715,1
274,plugin+hat,2.135068261712694,0.2138076382319211,0.039841388871516656,100,30,2000,2000,0.1,1.0,1.0,0.98173651189715,0.98173651189715,1
275,rejection+true,1.3655075874659035,-0.23749542559186612,0.12638857969353265,100,30,2000,2000,0.1,1.0,1.0,0.9619363325076726,0.9619363325076726,1
275,rejection+hat,0.01,-0.25509401907523466,0.13018857969353256,100,30,2000,2000,0.1,1.0,1.0,0.9619363325076726,0.9619363325076726,1
275,plugin+true,12.760930781150906,-0.09783055266189762,0.0822385796935325,100,30,2000,2000,0.1,1.0,1.0,0.9619363325076726,0.9619363325076726,1
275,plugin+hat,5.219718220435647,-0.13862223926326253,0.09253857969353248,100,30,2000,2000,0.1,1.0,1.0,0.9619363325076726,0.9619363325076726,1
276,rejection+true,0.01,0.4651919481654961,0.12263010973335382,100,30,2000,2000,0.1,1.0,1.0,0.9876548906478394,0.9876548906478394,1
276,rejection+hat,0.01,0.4651919481654961,0.12263010973335382,100,30,2000,2000,0.1,1.0,1.0,0.9876548906478394,0.9876548906478394,1
276,plugin+true,0.8733261623828429,0.2896660191168592,0.10328010973335372,100,30,2000,2000,0.1,1.0,1.0,0.9876548906478394,0.9876548906478394,1
276,plugin+hat,0.35722445018714644,0.3104108473846741,0.12163010973335382,100,30,2000,2000,0.1,1.0,1.0,0.9876548906478394,0.9876548906478394,1
277,rejection+true,0.558545842515421,0.18228041095038255,0.10639477596013683,100,30,2000,2000,0.1,1.0,1.0,0.9570314109125394,0.9570314109125394,1
277,rejection+hat,0.558545842515421,0.14451803478101893,0.09224477596013672,100,30,2000,2000,0.1,1.0,1.0,0.9570314109125394,0.9570314109125394,1
277,plugin+true,5.219718220435647,0.20159197053473438,0.06844477596013658,100,30,2000,2000,0.1,1.0,1.0,0.9570314109125394,0.9570314109125394,1
277,plugin+hat,0.02444754724726473,0.17797947210358098,0.00979477596013662,100,30,2000,2000,0.1,1.0,1.0,0.9570314109125394,0.9570314109125394,1
278,rejection+true,1.3655075874659035,0.2516396522521972,0.08499607790524405,100,30,2000,2000,0.1,1.0,1.0,0.9474233589862766,0.9474233589862766,1
278,rejection+hat,5.219718220435647,0.2621097792560855,0.07339607790524383,100,30,2000,2000,0.1,1.0,1.0,0.9474233589862766,0.9474233589862766,1
278,plugin+true,0.03822547943598284,0.15860635728642014,0.11569607790524404,100,30,2000,2000,0.1,1.0,1.0,0.9474233589862766,0.9474233589862766,1
278,plugin+hat,0.02444754724726473,0.1156628859066862,0.11569607790524404,100,30,2000,2000,0.1,1.0,1.0,0.9474233589862766,0.9474233589862766,1
279,rejection+true,0.01,0.30707522332668297,0.07874607042875673,100,30,2000,2000,0.1,1.0,1.0,0.903805321714328,0.903805321714328,1
279,rejection+hat,0.01,0.30707522332668297,0.07874607042875673,100,30,2000,2000,0.1,1.0,1.0,0.903805321714328,0.903805321714328,1
279,plugin+true,0.09345192145605369,0.11930929665135623,0.07874607042875673,100,30,2000,2000,0.1,1.0,1.0,0.903805321714328,0.903805321714328,1
279,plugin+hat,8.161400793251818,0.13467898828096458,0.03689607042875688,100,30,2000,2000,0.1,1.0,1.0,0.903805321714328,0.903805321714328,1
280,rejection+true,0.558545842515421,0.34785838692138593,0.03298148375822323,100,30,2000,2000,0.1,1.0,1.0,0.992795087897985,0.992795087897985,1
280,rejection+hat,0.558545842515421,0.34785838692138593,0.039831483758223235,100,30,2000,2000,0.1,1.0,1.0,0.992795087897985,0.992795087897985,1
280,plugin+true,0.558545842515421,0.25269480449054516,0.03298148375822323,100,30,2000,2000,0.1,1.0,1.0,0.992795087897985,0.992795087897985,1
280,plugin+hat,0.22846702651445452,0.2932524271422551,0.04208148375822325,100,30,2000,2000,0.1,1.0,1.0,0.992795087897985,0.992795087897985,1
281,rejection+true,0.8733261623828429,0.25782094083260737,0.08425047009148906,100,30,2000,2000,0.1,1.0,1.0,1.038020632755665,1.038020632755665,0
281,rejection+hat,0.8733261623828429,0.25782094083260737,0.08895047009148906,100,30,2000,2000,0.1,1.0,1.0,1.038020632755665,1.038020632755665,0
281,plugin+true,0.8733261623828429,0.08763752808255905,0.08425047009148906,100,30,2000,2000,0.1,1.0,1.0,1.038020632755665,1.038020632755665,0
281,plugin+hat,5.219718220435647,0.1024252891800331,0.07540047009148917,100,30,2000,2000,0.1,1.0,1.0,1.038020632755665,1.038020632755665,0
282,rejection+true,1.3655075874659035,0.07065472250493862,0.04355784227773515,100,30,2000,2000,0.1,1.0,1.0,1.0147031513069718,1.0147031513069718,0
282,rejection+hat,1.3655075874659035,0.07065472250493862,0.05105784227773506,100,30,2000,2000,0.1,1.0,1.0,1.0147031513069718,1.0147031513069718,0
282,plugin+true,0.01,0.08217494416687729,0.07300784227773519,100,30,2000,2000,0.1,1.0,1.0,1.0147031513069718,1.0147031513069718,0
282,plugin+hat,0.02444754724726473,0.1475395118524316,0.07300784227773519,100,30,2000,2000,0.1,1.0,1.0,1.0147031513069718,1.0147031513069718,0
283,rejection+true,5.219718220435647,0.1424938097596168,0.07375922578960836,100,30,2000,2000,0.1,1.0,1.0,0.9692373878004373,0.9692373878004373,1
283,rejection+hat,5.219718220435647,0.1424938097596168,0.07135922578960831,100,30,2000,2000,0.1,1.0,1.0,0.9692373878004373,0.9692373878004373,1
283,plugin+true,1.3655075874659035,-0.05204051090673105,0.10180922578960828,100,30,2000,2000,0.1,1.0,1.0,0.9692373878004373,0.9692373878004373,1
283,plugin+hat,0.09345192145605369,0.02169774222258817,0.11060922578960822,100,30,2000,2000,0.1,1.0,1.0,0.9692373878004373,0.9692373878004373,1
284,rejection+true,0.558545842515421,0.12775638422075042,0.11151747986873994,100,30,2000,2000,0.1,1.0,1.0,0.8975027238776934,0.8975027238776934,1
284,rejection+hat,3.338331126107119,0.06174044483729328,0.09606747986873991,100,30,2000,2000,0.1,1.0,1.0,0.8975027238776934,0.8975027238776934,1
284,plugin+true,1.3655075874659035,0.1274739216658789,0.09301747986874004,100,30,2000,2000,0.1,1.0,1.0,0.8975027238776934,0.8975027238776934,1
284,plugin+hat,0.09345192145605369,0.1187391946281032,0.02441747986874023,100,30,2000,2000,0.1,1.0,1.0,0.8975027238776934,0.8975027238776934,1
285,rejection+true,12.760930781150906,-0.024788347507516538,0.05878557282403602,100,30,2000,2000,0.1,1.0,1.0,0.9746739823849108,0.9746739823849108,1
285,rejection+hat,1.3655075874659035,0.060281468803683916,0.08933557282403605,100,30,2000,2000,0.1,1.0,1.0,0.9746739823849108,0.9746739823849108,1
285,plugin+true,0.09345192145605369,0.07278722490545222,0.10538557282403603,100,30,2000,2000,0.1,1.0,1.0,0.9746739823849108,0.9746739823849108,1
285,plugin+hat,0.558545842515421,0.06373408048100279,0.10318557282403601,100,30,2000,2000,0.1,1.0,1.0,0.9746739823849108,0.9746739823849108,1
286,rejection+true,8.161400793251818,-0.02962061539292336,0.028975898028151977,100,30,2000,2000,0.1,1.0,1.0,0.984652596718933,0.984652596718933,1
286,rejection+hat,8.161400793251818,-0.02962061539292336,0.02972589802815202,100,30,2000,2000,0.1,1.0,1.0,0.984652596718933,0.984652596718933,1
286,plugin+true,0.22846702651445452,-0.019869235274215427,0.07252589802815193,100,30,2000,2000,0.1,1.0,1.0,0.984652596718933,0.984652596718933,1
286,plugin+hat,0.02444754724726473,-0.040362377317472525,0.07247589802815194,100,30,2000,2000,0.1,1.0,1.0,0.984652596718933,0.984652596718933,1
287,rejection+true,12.760930781150906,-0.008177101860443754,0.06951899752419771,100,30,2000,2000,0.1,1.0,1.0,0.9834338415339806,0.9834338415339806,1
287,rejection+hat,12.760930781150906,-0.008177101860443754,0.06761899752419763,100,30,2000,2000,0.1,1.0,1.0,0.9834338415339806,0.9834338415339806,1
287,plugin+true,3.338331126107119,0.01651457074203089,0.08326899752419756,100,30,2000,2000,0.1,1.0,1.0,0.9834338415339806,0.9834338415339806,1
287,plugin+hat,0.05976825664072413,-0.006306456005468625,0.015418997524197628,100,30,2000,2000,0.1,1.0,1.0,0.9834338415339806,0.9834338415339806,1
288,rejection+true,1.3655075874659035,0.13277008950826716,0.11404700829853871,100,30,2000,2000,0.1,1.0,1.0,0.9163288851999186,0.9163288851999186,1
288,rejection+hat,1.3655075874659035,0.14813466539101985,0.11899700829853871,100,30,2000,2000,0.1,1.0,1.0,0.9163288851999186,0.9163288851999186,1
288,plugin+true,0.558545842515421,0.35877750569242217,0.02724700829853857,100,30,2000,2000,0.1,1.0,1.0,0.9163288851999186,0.9163288851999186,1
288,plugin+hat,2.135068261712694,0.3183293978283853,0.10919700829853882,100,30,2000,2000,0.1,1.0,1.0,0.9163288851999186,0.9163288851999186,1
289,rejection+true,0.22846702651445452,0.13621459901332855,0.1015990754240472,100,30,2000,2000,0.1,1.0,1.0,1.0092418216321286,1.0092418216321286,0
289,rejection+hat,0.22846702651445452,0.13621459901332855,0.10349907542404725,100,30,2000,2000,0.1,1.0,1.0,1.0092418216321286,1.0092418216321286,0
289,plugin+true,0.03822547943598284,0.09799045153985711,0.10624907542404723,100,30,2000,2000,0.1,1.0,1.0,1.0092418216321286,1.0092418216321286,0
289,plugin+hat,12.760930781150906,0.10871919343246166,0.062049075424047376,100,30,2000,2000,0.1,1.0,1.0,1.0092418216321286,1.0092418216321286,0
290,rejection+true,3.338331126107119,0.3142766686777273,0.0543543064895804,100,30,2000,2000,0.1,1.0,1.0,1.0526990992290732,1.0526990992290732,0
290,rejection+hat,0.8733261623828429,0.2529810006963089,0.07160430648958038,100,30,2000,2000,0.1,1.0,1.0,1.0526990992290732,1.0526990992290732,0
290,plugin+true,0.8733261623828429,0.300458258404561,0.08210430648958064,100,30,2000,2000,0.1,1.0,1.0,1.0526990992290732,1.0526990992290732,0
290,plugin+hat,0.02444754724726473,0.3115858663493769,0.08845430648958061,100,30,2000,2000,0.1,1.0,1.0,1.0526990992290732,1.0526990992290732,0
291,rejection+true,0.35722445018714644,0.6687396998206776,0.07052366379373011,100,30,2000,2000,0.1,1.0,1.0,1.0460054334727824,1.0460054334727824,0
291,rejection+hat,0.35722445018714644,0.6687396998206776,0.008673663793730111,100,30,2000,2000,0.1,1.0,1.0,1.0460054334727824,1.0460054334727824,0
291,plugin+true,0.8733261623828429,0.38772910304503194,0.07402366379373003,100,30,2000,2000,0.1,1.0,1.0,1.0460054334727824,1.0460054334727824,0
291,plugin+hat,0.05976825664072413,0.35402085912505826,0.008623663793730106,100,30,2000,2000,0.1,1.0,1.0,1.0460054334727824,1.0460054334727824,0
292,rejection+true,2.135068261712694,-0.009019302576780321,0.07823065966231287,100,30,2000,2000,0.1,1.0,1.0,0.9589070221563437,0.9589070221563437,1
292,rejection+hat,0.558545842515421,0.2350101307034492,0.09318065966231291,100,30,2000,2000,0.1,1.0,1.0,0.9589070221563437,0.9589070221563437,1
292,plugin+true,0.015635711447601203,0.13058192472799748,0.10908065966231288,100,30,2000,2000,0.1,1.0,1.0,0.9589070221563437,0.9589070221563437,1
292,plugin+hat,0.03822547943598284,0.11280072343034549,0.10908065966231288,100,30,2000,2000,0.1,1.0,1.0,0.9589070221563437,0.9589070221563437,1
293,rejection+true,0.01,0.169756867364049,0.022964877979108296,100,30,2000,2000,0.1,1.0,1.0,1.0106495323650078,1.0106495323650078,0
293,rejection+hat,0.01,0.169756867364049,0.022964877979108296,100,30,2000,2000,0.1,1.0,1.0,1.0106495323650078,1.0106495323650078,0
293,plugin+true,2.135068261712694,0.20017027189916342,0.07826487797910837,100,30,2000,2000,0.1,1.0,1.0,1.0106495323650078,1.0106495323650078,0
293,plugin+hat,0.01,0.15184622514354415,0.022964877979108296,100,30,2000,2000,0.1,1.0,1.0,1.0106495323650078,1.0106495323650078,0
294,rejection+true,0.01,0.11477737141152222,0.06423352561530914,100,30,2000,2000,0.1,1.0,1.0,1.0856032404997833,1.0856032404997833,0
294,rejection+hat,0.558545842515421,0.17244030224780238,0.05288352561530911,100,30,2000,2000,0.1,1.0,1.0,1.0856032404997833,1.0856032404997833,0
294,plugin+true,1.3655075874659035,0.18105775462871349,0.04143352561530904,100,30,2000,2000,0.1,1.0,1.0,1.0856032404997833,1.0856032404997833,0
294,plugin+hat,0.558545842515421,0.22126716580467823,0.05288352561530911,100,30,2000,2000,0.1,1.0,1.0,1.0856032404997833,1.0856032404997833,0
295,rejection+true,0.01,0.0503073763102293,0.10857263582893303,100,30,2000,2000,0.1,1.0,1.0,1.050138869086897,1.050138869086897,0
295,rejection+hat,0.01,0.0503073763102293,0.10712263582893301,100,30,2000,2000,0.1,1.0,1.0,1.050138869086897,1.050138869086897,0
295,plugin+true,0.015635711447601203,-0.000711252320489214,0.10242263582893303,100,30,2000,2000,0.1,1.0,1.0,1.050138869086897,1.050138869086897,0
295,plugin+hat,0.558545842515421,0.06594998506974595,0.10682263582893309,100,30,2000,2000,0.1,1.0,1.0,1.050138869086897,1.050138869086897,0
296,rejection+true,0.35722445018714644,-0.010722655802965164,0.11526864892216494,100,30,2000,2000,0.1,1.0,1.0,1.0664895864153134,1.0664895864153134,0
296,rejection+hat,0.35722445018714644,-0.010722655802965164,0.11561864892216492,100,30,2000,2000,0.1,1.0,1.0,1.0664895864153134,1.0664895864153134,0
296,plugin+true,0.558545842515421,0.18540838707081095,0.10461864892216499,100,30,2000,2000,0.1,1.0,1.0,1.0664895864153134,1.0664895864153134,0
296,plugin+hat,2.135068261712694,0.18624623863572215,0.08421864892216513,100,30,2000,2000,0.1,1.0,1.0,1.0664895864153134,1.0664895864153134,0
297,rejection+true,0.35722445018714644,-0.03019817297657331,-0.018741033114576422,100,30,2000,2000,0.1,1.0,1.0,0.8762169635532316,0.8762169635532316,1
297,rejection+hat,0.8733261623828429,0.02616397713621458,0.07650896688542368,100,30,2000,2000,0.1,1.0,1.0,0.8762169635532316,0.8762169635532316,1
297,plugin+true,8.161400793251818,-0.04200990360062894,0.039108966885423625,100,30,2000,2000,0.1,1.0,1.0,0.8762169635532316,0.8762169635532316,1
297,plugin+hat,3.338331126107119,-0.025488160956043913,0.05465896688542356,100,30,2000,2000,0.1,1.0,1.0,0.8762169635532316,0.8762169635532316,1
298,rejection+true,0.01,0.21672615632414818,0.0816528016171611,100,30,2000,2000,0.1,1.0,1.0,0.9889416745359456,0.9889416745359456,1
298,rejection+hat,0.01,0.21672615632414818,0.0816528016171611,100,30,2000,2000,0.1,1.0,1.0,0.9889416745359456,0.9889416745359456,1
298,plugin+true,1.3655075874659035,0.18360179412031716,0.050302801617161066,100,30,2000,2000,0.1,1.0,1.0,0.9889416745359456,0.9889416745359456,1
298,plugin+hat,0.02444754724726473,0.15196854010863545,0.0816528016171611,100,30,2000,2000,0.1,1.0,1.0,0.9889416745359456,0.9889416745359456,1
299,rejection+true,0.558545842515421,0.2415830341478189,0.10039852241231341,100,30,2000,2000,0.1,1.0,1.0,0.9415150458001045,0.9415150458001045,1
299,rejection+hat,0.558545842515421,0.2415830341478189,0.0881985224123134,100,30,2000,2000,0.1,1.0,1.0,0.9415150458001045,0.9415150458001045,1
299,plugin+true,3.338331126107119,0.04353200932386987,0.05864852241231347,100,30,2000,2000,0.1,1.0,1.0,0.9415150458001045,0.9415150458001045,1
299,plugin+hat,0.8733261623828429,0.02125402734268539,0.08644852241231342,100,30,2000,2000,0.1,1.0,1.0,0.9415150458001045,0.9415150458001045,1
300,rejection+true,3.338331126107119,0.2897023161252339,0.07795047767525674,100,30,2000,2000,0.1,1.0,1.0,0.9712711051581672,0.9712711051581672,1
300,rejection+hat,3.338331126107119,0.2897023161252339,0.08240047767525671,100,30,2000,2000,0.1,1.0,1.0,0.9712711051581672,0.9712711051581672,1
300,plugin+true,0.558545842515421,0.31394001750233114,0.10860047767525689,100,30,2000,2000,0.1,1.0,1.0,0.9712711051581672,0.9712711051581672,1
300,plugin+hat,0.35722445018714644,0.3529876634131715,0.11920047767525689,100,30,2000,2000,0.1,1.0,1.0,0.9712711051581672,0.9712711051581672,1
301,rejection+true,0.8733261623828429,0.03740429878234863,0.06855728257435775,100,30,2000,2000,0.1,1.0,1.0,1.0007646865589144,1.0007646865589144,0
301,rejection+hat,0.8733261623828429,0.03740429878234863,0.06580728257435765,100,30,2000,2000,0.1,1.0,1.0,1.0007646865589144,1.0007646865589144,0
301,plugin+true,0.8733261623828429,0.11826905408570627,0.06855728257435775,100,30,2000,2000,0.1,1.0,1.0,1.0007646865589144,1.0007646865589144,0
301,plugin+hat,0.22846702651445452,0.12060386833039038,0.09035728257435766,100,30,2000,2000,0.1,1.0,1.0,1.0007646865589144,1.0007646865589144,0
302,rejection+true,0.8733261623828429,0.14621245224261653,0.13327682444303812,100,30,2000,2000,0.1,1.0,1.0,0.9648102230327638,0.9648102230327638,1
302,rejection+hat,0.8733261623828429,0.14621245224261653,0.12677682444303823,100,30,2000,2000,0.1,1.0,1.0,0.9648102230327638,0.9648102230327638,1
302,plugin+true,0.01,0.16228925734186256,0.1432268244430381,100,30,2000,2000,0.1,1.0,1.0,0.9648102230327638,0.9648102230327638,1
302,plugin+hat,0.01,0.17441116015024033,0.1432268244430381,100,30,2000,2000,0.1,1.0,1.0,0.9648102230327638,0.9648102230327638,1
303,rejection+true,8.161400793251818,0.30066966072966655,0.02186802387595896,100,30,2000,2000,0.1,1.0,1.0,0.9901007934024221,0.9901007934024221,1
303,rejection+hat,8.161400793251818,0.30066966072966655,0.02226802387595892,100,30,2000,2000,0.1,1.0,1.0,0.9901007934024221,0.9901007934024221,1
303,plugin+true,19.952623149688797,0.3141063515272684,0.01886802387595893,100,30,2000,2000,0.1,1.0,1.0,0.9901007934024221,0.9901007934024221,1
303,plugin+hat,0.558545842515421,0.3270482811858448,-0.031931976124041084,100,30,2000,2000,0.1,1.0,1.0,0.9901007934024221,0.9901007934024221,1
304,rejection+true,3.338331126107119,-0.045894660660997025,0.042726255398721345,100,30,2000,2000,0.1,1.0,1.0,1.0580050261577238,1.0580050261577238,0
304,rejection+hat,3.338331126107119,-0.045894660660997025,0.04307625539872127,100,30,2000,2000,0.1,1.0,1.0,1.0580050261577238,1.0580050261577238,0
304,plugin+true,1.3655075874659035,0.1368620771276411,0.02277625539872138,100,30,2000,2000,0.1,1.0,1.0,1.0580050261577238,1.0580050261577238,0
304,plugin+hat,0.03822547943598284,0.14829228987988713,0.07447625539872141,100,30,2000,2000,0.1,1.0,1.0,1.0580050261577238,1.0580050261577238,0
305,rejection+true,3.338331126107119,0.12068094313144684,0.0970698429989248,100,30,2000,2000,0.1,1.0,1.0,0.9554976952220248,0.9554976952220248,1
305,rejection+hat,0.35722445018714644,0.13550961822426572,0.0750698429989248,100,30,2000,2000,0.1,1.0,1.0,0.9554976952220248,0.9554976952220248,1
305,plugin+true,12.760930781150906,0.1055510539618554,0.08686984299892489,100,30,2000,2000,0.1,1.0,1.0,0.9554976952220248,0.9554976952220248,1
305,plugin+hat,8.161400793251818,0.09555157851672577,0.09171984299892501,100,30,2000,2000,0.1,1.0,1.0,0.9554976952220248,0.9554976952220248,1
306,rejection+true,8.161400793251818,0.29420829235265644,0.08379929644909395,100,30,2000,2000,0.1,1.0,1.0,0.955712261889823,0.955712261889823,1
306,rejection+hat,12.760930781150906,0.36093641786525654,0.08154929644909413,100,30,2000,2000,0.1,1.0,1.0,0.955712261889823,0.955712261889823,1
306,plugin+true,0.02444754724726473,0.311947218008283,0.028649296449094003,100,30,2000,2000,0.1,1.0,1.0,0.955712261889823,0.955712261889823,1
306,plugin+hat,1.3655075874659035,0.26396513540493327,0.09274929644909409,100,30,2000,2000,0.1,1.0,1.0,0.955712261889823,0.955712261889823,1
307,rejection+true,2.135068261712694,0.24290947554012138,0.045855697263441624,100,30,2000,2000,0.1,1.0,1.0,0.9843290698569614,0.9843290698569614,1
307,rejection+hat,2.135068261712694,0.24290947554012138,0.04060569726344154,100,30,2000,2000,0.1,1.0,1.0,0.9843290698569614,0.9843290698569614,1
307,plugin+true,8.161400793251818,0.14770865030506505,0.025705697263441653,100,30,2000,2000,0.1,1.0,1.0,0.9843290698569614,0.9843290698569614,1
307,plugin+hat,0.22846702651445452,0.1694441063443151,0.06895569726344157,100,30,2000,2000,0.1,1.0,1.0,0.9843290698569614,0.9843290698569614,1
308,rejection+true,8.161400793251818,0.1307340725014607,0.06206837772053085,100,30,2000,2000,0.1,1.0,1.0,1.1455528199884348,1.1455528199884348,0
308,rejection+hat,8.161400793251818,0.1307340725014607,0.06351837772053091,100,30,2000,2000,0.1,1.0,1.0,1.1455528199884348,1.1455528199884348,0
308,plugin+true,0.09345192145605369,0.0550367451245589,0.0069183777205307434,100,30,2000,2000,0.1,1.0,1.0,1.1455528199884348,1.1455528199884348,0
308,plugin+hat,0.1461187278110747,0.06900367306056968,0.10646837772053071,100,30,2000,2000,0.1,1.0,1.0,1.1455528199884348,1.1455528199884348,0
309,rejection+true,0.35722445018714644,0.6236513074177007,0.06979026823641074,100,30,2000,2000,0.1,1.0,1.0,1.0516456471931628,1.0516456471931628,0
309,rejection+hat,0.22846702651445452,0.6236513074177007,0.07659026823641071,100,30,2000,2000,0.1,1.0,1.0,1.0516456471931628,1.0516456471931628,0
309,plugin+true,0.1461187278110747,0.2511301654994794,0.07679026823641069,100,30,2000,2000,0.1,1.0,1.0,1.0516456471931628,1.0516456471931628,0
309,plugin+hat,1.3655075874659035,0.21390190107603346,0.044090268236410636,100,30,2000,2000,0.1,1.0,1.0,1.0516456471931628,1.0516456471931628,0
310,rejection+true,5.219718220435647,0.31432588944832485,0.03221068225403125,100,30,2000,2000,0.1,1.0,1.0,0.9599829670525104,0.9599829670525104,1
310,rejection+hat,5.219718220435647,0.31432588944832485,0.02876068225403118,100,30,2000,2000,0.1,1.0,1.0,0.9599829670525104,0.9599829670525104,1
310,plugin+true,12.760930781150906,0.2609924896396646,0.03186068225403123,100,30,2000,2000,0.1,1.0,1.0,0.9599829670525104,0.9599829670525104,1
310,plugin+hat,0.1461187278110747,0.2643386925777372,-0.02138931774596876,100,30,2000,2000,0.1,1.0,1.0,0.9599829670525104,0.9599829670525104,1
311,rejection+true,5.219718220435647,0.07273108313481011,0.047560428148800446,100,30,2000,2000,0.1,1.0,1.0,0.8631513758891245,0.8631513758891245,1
311,rejection+hat,2.135068261712694,0.09939914202938475,0.0575604281488005,100,30,2000,2000,0.1,1.0,1.0,0.8631513758891245,0.8631513758891245,1
311,plugin+true,0.8733261623828429,0.16992162909132275,0.08616042814880062,100,30,2000,2000,0.1,1.0,1.0,0.8631513758891245,0.8631513758891245,1
311,plugin+hat,0.015635711447601203,0.13867925524680946,-0.007789571851199435,100,30,2000,2000,0.1,1.0,1.0,0.8631513758891245,0.8631513758891245,1
312,rejection+true,0.8733261623828429,0.1778252488312622,0.0651875802443831,100,30,2000,2000,0.1,1.0,1.0,0.8960679287687713,0.8960679287687713,1
312,rejection+hat,19.952623149688797,0.058697408034155775,0.04798758024438313,100,30,2000,2000,0.1,1.0,1.0,0.8960679287687713,0.8960679287687713,1
312,plugin+true,2.135068261712694,0.1027168296255131,0.06058758024438318,100,30,2000,2000,0.1,1.0,1.0,0.8960679287687713,0.8960679287687713,1
312,plugin+hat,8.161400793251818,0.08570184159219038,0.0506875802443831,100,30,2000,2000,0.1,1.0,1.0,0.8960679287687713,0.8960679287687713,1
313,rejection+true,5.219718220435647,0.39184046002725753,0.08654678080387335,100,30,2000,2000,0.1,1.0,1.0,0.9810419936518607,0.9810419936518607,1
313,rejection+hat,5.219718220435647,0.39184046002725753,0.08319678080387337,100,30,2000,2000,0.1,1.0,1.0,0.9810419936518607,0.9810419936518607,1
313,plugin+true,0.015635711447601203,0.2984206824209192,0.027846780803873407,100,30,2000,2000,0.1,1.0,1.0,0.9810419936518607,0.9810419936518607,1
313,plugin+hat,19.952623149688797,0.3106166841649789,0.07784678080387346,100,30,2000,2000,0.1,1.0,1.0,0.9810419936518607,0.9810419936518607,1
314,rejection+true,2.135068261712694,0.20646211231748263,0.08726917377548114,100,30,2000,2000,0.1,1.0,1.0,1.0158698245177604,1.0158698245177604,0
314,rejection+hat,2.135068261712694,0.20646211231748263,0.0744691737754812,100,30,2000,2000,0.1,1.0,1.0,1.0158698245177604,1.0158698245177604,0
314,plugin+true,0.8733261623828429,0.19559167226436572,0.10421917377548123,100,30,2000,2000,0.1,1.0,1.0,1.0158698245177604,1.0158698245177604,0
314,plugin+hat,0.015635711447601203,0.20991920438132539,0.11591917377548128,100,30,2000,2000,0.1,1.0,1.0,1.0158698245177604,1.0158698245177604,0
315,rejection+true,0.01,0.19894068382369975,0.07114244536148898,100,30,2000,2000,0.1,1.0,1.0,0.8927332571079586,0.8927332571079586,1
315,rejection+hat,0.01,0.19894068382369975,0.07114244536148898,100,30,2000,2000,0.1,1.0,1.0,0.8927332571079586,0.8927332571079586,1
315,plugin+true,0.01,0.013898183232561995,0.07114244536148898,100,30,2000,2000,0.1,1.0,1.0,0.8927332571079586,0.8927332571079586,1
315,plugin+hat,0.03822547943598284,0.011037444908253532,0.0747424453614891,100,30,2000,2000,0.1,1.0,1.0,0.8927332571079586,0.8927332571079586,1
316,rejection+true,2.135068261712694,0.45815341345344984,0.0970515364975162,100,30,2000,2000,0.1,1.0,1.0,1.0101509562971125,1.0101509562971125,0
316,rejection+hat,2.135068261712694,0.45815341345344984,0.09135153649751607,100,30,2000,2000,0.1,1.0,1.0,1.0101509562971125,1.0101509562971125,0
316,plugin+true,0.8733261623828429,0.2585194103761894,0.11270153649751606,100,30,2000,2000,0.1,1.0,1.0,1.0101509562971125,1.0101509562971125,0
316,plugin+hat,0.09345192145605369,0.24991770964113974,0.12840153649751607,100,30,2000,2000,0.1,1.0,1.0,1.0101509562971125,1.0101509562971125,0
317,rejection+true,0.01,0.47780204216639194,-0.0004686659544385712,100,30,2000,2000,0.1,1.0,1.0,1.0374832771038203,1.0374832771038203,0
317,rejection+hat,0.01,0.47780204216639194,-0.0004686659544385712,100,30,2000,2000,0.1,1.0,1.0,1.0374832771038203,1.0374832771038203,0
317,plugin+true,0.015635711447601203,0.3530087882570898,-0.0004686659544385712,100,30,2000,2000,0.1,1.0,1.0,1.0374832771038203,1.0374832771038203,0
317,plugin+hat,0.01,0.3593508969743834,-0.0004686659544385712,100,30,2000,2000,0.1,1.0,1.0,1.0374832771038203,1.0374832771038203,0
318,rejection+true,2.135068261712694,0.12823039324333274,0.05326956470905906,100,30,2000,2000,0.1,1.0,1.0,0.9376497303767634,0.9376497303767634,1
318,rejection+hat,5.219718220435647,0.09026270390798646,0.04246956470905904,100,30,2000,2000,0.1,1.0,1.0,0.9376497303767634,0.9376497303767634,1
318,plugin+true,0.09345192145605369,0.07257094004216623,-0.01983043529094106,100,30,2000,2000,0.1,1.0,1.0,0.9376497303767634,0.9376497303767634,1
318,plugin+hat,12.760930781150906,0.0666270565945555,0.03456956470905888,100,30,2000,2000,0.1,1.0,1.0,0.9376497303767634,0.9376497303767634,1
319,rejection+true,0.01,0.10781001445526876,0.11897387492865114,100,30,2000,2000,0.1,1.0,1.0,0.9265343240010434,0.9265343240010434,1
319,rejection+hat,0.01,0.10781001445526876,0.11897387492865114,100,30,2000,2000,0.1,1.0,1.0,0.9265343240010434,0.9265343240010434,1
319,plugin+true,0.01,0.2102143026010518,0.11897387492865114,100,30,2000,2000,0.1,1.0,1.0,0.9265343240010434,0.9265343240010434,1
319,plugin+hat,0.015635711447601203,0.14194951411376722,0.11897387492865114,100,30,2000,2000,0.1,1.0,1.0,0.9265343240010434,0.9265343240010434,1
320,rejection+true,0.01,0.49203188406924403,0.12487459665345084,100,30,2000,2000,0.1,1.0,1.0,0.9419554690773116,0.9419554690773116,1
320,rejection+hat,0.01,0.49203188406924403,0.12487459665345084,100,30,2000,2000,0.1,1.0,1.0,0.9419554690773116,0.9419554690773116,1
320,plugin+true,0.35722445018714644,0.28463667030975043,0.12447459665345083,100,30,2000,2000,0.1,1.0,1.0,0.9419554690773116,0.9419554690773116,1
320,plugin+hat,0.09345192145605369,0.26481022741980753,0.12487459665345084,100,30,2000,2000,0.1,1.0,1.0,0.9419554690773116,0.9419554690773116,1
321,rejection+true,0.01,0.04040746296135088,0.11151619230991905,100,30,2000,2000,0.1,1.0,1.0,0.982868972727291,0.982868972727291,1
321,rejection+hat,0.01,0.04040746296135088,0.11151619230991905,100,30,2000,2000,0.1,1.0,1.0,0.982868972727291,0.982868972727291,1
321,plugin+true,19.952623149688797,0.16386775868321207,0.0636661923099192,100,30,2000,2000,0.1,1.0,1.0,0.982868972727291,0.982868972727291,1
321,plugin+hat,3.338331126107119,0.1907982940819278,0.06396619230991911,100,30,2000,2000,0.1,1.0,1.0,0.982868972727291,0.982868972727291,1
322,rejection+true,0.35722445018714644,0.019524286631106714,0.06524419632318018,100,30,2000,2000,0.1,1.0,1.0,1.0780192131033557,1.0780192131033557,0
322,rejection+hat,0.35722445018714644,0.014444675488630312,-0.005455803676819788,100,30,2000,2000,0.1,1.0,1.0,1.0780192131033557,1.0780192131033557,0
322,plugin+true,0.015635711447601203,0.0029331404045825045,0.06529419632318019,100,30,2000,2000,0.1,1.0,1.0,1.0780192131033557,1.0780192131033557,0
322,plugin+hat,3.338331126107119,-0.00625634861436689,0.03324419632318013,100,30,2000,2000,0.1,1.0,1.0,1.0780192131033557,1.0780192131033557,0
323,rejection+true,2.135068261712694,0.17414295785129066,0.0716343636469112,100,30,2000,2000,0.1,1.0,1.0,0.8977503897810487,0.8977503897810487,1
323,rejection+hat,2.135068261712694,0.14121400217215224,0.06363436364691118,100,30,2000,2000,0.1,1.0,1.0,0.8977503897810487,0.8977503897810487,1
323,plugin+true,0.1461187278110747,0.03554428245881715,-0.0013656363530889217,100,30,2000,2000,0.1,1.0,1.0,0.8977503897810487,0.8977503897810487,1
323,plugin+hat,8.161400793251818,0.028290242087540062,0.05313436364691128,100,30,2000,2000,0.1,1.0,1.0,0.8977503897810487,0.8977503897810487,1
324,rejection+true,0.01,0.06127413287758828,0.10724657050034639,100,30,2000,2000,0.1,1.0,1.0,1.0196185742888921,1.0196185742888921,0
324,rejection+hat,0.01,0.06127413287758828,0.10724657050034639,100,30,2000,2000,0.1,1.0,1.0,1.0196185742888921,1.0196185742888921,0
324,plugin+true,0.01,0.09132803531852451,0.10724657050034639,100,30,2000,2000,0.1,1.0,1.0,1.0196185742888921,1.0196185742888921,0
324,plugin+hat,0.22846702651445452,0.07000631005377388,0.10724657050034639,100,30,2000,2000,0.1,1.0,1.0,1.0196185742888921,1.0196185742888921,0
325,rejection+true,0.01,0.214861286970942,0.07164669886381425,100,30,2000,2000,0.1,1.0,1.0,0.9697113736982745,0.9697113736982745,1
325,rejection+hat,0.01,0.214861286970942,0.07164669886381425,100,30,2000,2000,0.1,1.0,1.0,0.9697113736982745,0.9697113736982745,1
325,plugin+true,0.8733261623828429,0.14346801374694437,0.047446698863814224,100,30,2000,2000,0.1,1.0,1.0,0.9697113736982745,0.9697113736982745,1
325,plugin+hat,0.1461187278110747,0.1434547561680429,0.07164669886381425,100,30,2000,2000,0.1,1.0,1.0,0.9697113736982745,0.9697113736982745,1
326,rejection+true,2.135068261712694,0.2212874380250772,0.05517128271628662,100,30,2000,2000,0.1,1.0,1.0,0.8960360089148478,0.8960360089148478,1
326,rejection+hat,2.135068261712694,0.24680141843855377,0.06447128271628658,100,30,2000,2000,0.1,1.0,1.0,0.8960360089148478,0.8960360089148478,1
326,plugin+true,0.015635711447601203,0.21244881517441522,0.09157128271628658,100,30,2000,2000,0.1,1.0,1.0,0.8960360089148478,0.8960360089148478,1
326,plugin+hat,0.09345192145605369,0.14721692470461206,0.09157128271628658,100,30,2000,2000,0.1,1.0,1.0,0.8960360089148478,0.8960360089148478,1
327,rejection+true,5.219718220435647,0.47175328840191166,0.03398798906633549,100,30,2000,2000,0.1,1.0,1.0,0.9867406110125572,0.9867406110125572,1
327,rejection+hat,5.219718220435647,0.47175328840191166,0.03468798906633546,100,30,2000,2000,0.1,1.0,1.0,0.9867406110125572,0.9867406110125572,1
327,plugin+true,2.135068261712694,0.2853938612571323,0.03498798906633553,100,30,2000,2000,0.1,1.0,1.0,0.9867406110125572,0.9867406110125572,1
327,plugin+hat,0.01,0.30622168137379213,0.07623798906633561,100,30,2000,2000,0.1,1.0,1.0,0.9867406110125572,0.9867406110125572,1
328,rejection+true,3.338331126107119,0.1367294357468684,0.07919531233300192,100,30,2000,2000,0.1,1.0,1.0,0.90756984341347,0.90756984341347,1
328,rejection+hat,3.338331126107119,0.1367294357468684,0.0827453123330019,100,30,2000,2000,0.1,1.0,1.0,0.90756984341347,0.90756984341347,1
328,plugin+true,1.3655075874659035,0.026530324137912665,0.08374531233300188,100,30,2000,2000,0.1,1.0,1.0,0.90756984341347,0.90756984341347,1
328,plugin+hat,0.01,0.052432112345537255,0.11749531233300199,100,30,2000,2000,0.1,1.0,1.0,0.90756984341347,0.90756984341347,1
329,rejection+true,0.22846702651445452,0.0355123863555491,0.11607617805371878,100,30,2000,2000,0.1,1.0,1.0,1.167125488828906,1.167125488828906,0
329,rejection+hat,0.22846702651445452,0.0355123863555491,0.019676178053718574,100,30,2000,2000,0.1,1.0,1.0,1.167125488828906,1.167125488828906,0
329,plugin+true,2.135068261712694,0.12262026602445379,0.07997617805371854,100,30,2000,2000,0.1,1.0,1.0,1.167125488828906,1.167125488828906,0
329,plugin+hat,0.03822547943598284,0.14386881789491177,0.018426178053718573,100,30,2000,2000,0.1,1.0,1.0,1.167125488828906,1.167125488828906,0
330,rejection+true,0.01,-0.0017989341169595714,0.11694482294716049,100,30,2000,2000,0.1,1.0,1.0,0.9726625970934468,0.9726625970934468,1
330,rejection+hat,0.01,-0.0017989341169595714,0.11694482294716049,100,30,2000,2000,0.1,1.0,1.0,0.9726625970934468,0.9726625970934468,1
330,plugin+true,0.22846702651445452,0.1539734243262297,0.10409482294716049,100,30,2000,2000,0.1,1.0,1.0,0.9726625970934468,0.9726625970934468,1
330,plugin+hat,0.1461187278110747,0.1579270573456518,0.018894822947160616,100,30,2000,2000,0.1,1.0,1.0,0.9726625970934468,0.9726625970934468,1
331,rejection+true,0.35722445018714644,0.3861820198595523,-0.011578613551984827,100,30,2000,2000,0.1,1.0,1.0,1.0209535434350148,1.0209535434350148,0
331,rejection+hat,0.35722445018714644,0.4129279581209023,-0.011578613551984819,100,30,2000,2000,0.1,1.0,1.0,1.0209535434350148,1.0209535434350148,0
331,plugin+true,0.05976825664072413,0.4540311329520354,0.08132138644801513,100,30,2000,2000,0.1,1.0,1.0,1.0209535434350148,1.0209535434350148,0
331,plugin+hat,0.558545842515421,0.45066147285837854,0.08057138644801516,100,30,2000,2000,0.1,1.0,1.0,1.0209535434350148,1.0209535434350148,0
332,rejection+true,3.338331126107119,0.20533702168613668,0.06779359457881176,100,30,2000,2000,0.1,1.0,1.0,1.035049156188144,1.035049156188144,0
332,rejection+hat,3.338331126107119,0.20533702168613668,0.07904359457881187,100,30,2000,2000,0.1,1.0,1.0,1.035049156188144,1.035049156188144,0
332,plugin+true,2.135068261712694,0.23353717235659904,0.08834359457881184,100,30,2000,2000,0.1,1.0,1.0,1.035049156188144,1.035049156188144,0
332,plugin+hat,0.03822547943598284,0.26598752430474787,0.11364359457881194,100,30,2000,2000,0.1,1.0,1.0,1.035049156188144,1.035049156188144,0
333,rejection+true,0.01,0.026253527899583178,0.010277081153455683,100,30,2000,2000,0.1,1.0,1.0,0.8553367475673456,0.8553367475673456,1
333,rejection+hat,0.35722445018714644,0.04865456968545913,0.10767708115345583,100,30,2000,2000,0.1,1.0,1.0,0.8553367475673456,0.8553367475673456,1
333,plugin+true,1.3655075874659035,0.11192530947002141,0.10247708115345579,100,30,2000,2000,0.1,1.0,1.0,0.8553367475673456,0.8553367475673456,1
333,plugin+hat,3.338331126107119,0.13789294593309304,0.07067708115345578,100,30,2000,2000,0.1,1.0,1.0,0.8553367475673456,0.8553367475673456,1
334,rejection+true,12.760930781150906,0.13952457383275035,0.07073931895524067,100,30,2000,2000,0.1,1.0,1.0,0.9560286238307281,0.9560286238307281,1
334,rejection+hat,8.161400793251818,0.16268958946069081,0.0747893189552408,100,30,2000,2000,0.1,1.0,1.0,0.9560286238307281,0.9560286238307281,1
334,plugin+true,19.952623149688797,0.10328486201313361,0.06943931895524076,100,30,2000,2000,0.1,1.0,1.0,0.9560286238307281,0.9560286238307281,1
334,plugin+hat,0.35722445018714644,0.0899974854650332,0.10843931895524074,100,30,2000,2000,0.1,1.0,1.0,0.9560286238307281,0.9560286238307281,1
335,rejection+true,2.135068261712694,0.4012369339664777,0.09171920365428453,100,30,2000,2000,0.1,1.0,1.0,1.0162767508162531,1.0162767508162531,0
335,rejection+hat,2.135068261712694,0.4219047293066979,0.0987692036542846,100,30,2000,2000,0.1,1.0,1.0,1.0162767508162531,1.0162767508162531,0
335,plugin+true,0.05976825664072413,0.18582546962567892,0.13516920365428486,100,30,2000,2000,0.1,1.0,1.0,1.0162767508162531,1.0162767508162531,0
335,plugin+hat,1.3655075874659035,0.1337973601793009,0.09791920365428468,100,30,2000,2000,0.1,1.0,1.0,1.0162767508162531,1.0162767508162531,0
336,rejection+true,2.135068261712694,-0.005170085032780965,0.044358214595690795,100,30,2000,2000,0.1,1.0,1.0,0.9531836899183072,0.9531836899183072,1
336,rejection+hat,2.135068261712694,-0.06084199051062265,0.06585821459569069,100,30,2000,2000,0.1,1.0,1.0,0.9531836899183072,0.9531836899183072,1
336,plugin+true,0.09345192145605369,0.0445963128373796,-0.005791785404309262,100,30,2000,2000,0.1,1.0,1.0,0.9531836899183072,0.9531836899183072,1
336,plugin+hat,0.22846702651445452,0.0592452238262697,-0.005641785404309272,100,30,2000,2000,0.1,1.0,1.0,0.9531836899183072,0.9531836899183072,1
337,rejection+true,2.135068261712694,0.28184714851280046,0.07864651385285469,100,30,2000,2000,0.1,1.0,1.0,0.9204532962675963,0.9204532962675963,1
337,rejection+hat,0.01,0.14231316881875197,0.012046513852854686,100,30,2000,2000,0.1,1.0,1.0,0.9204532962675963,0.9204532962675963,1
337,plugin+true,12.760930781150906,0.0913096827946866,0.06609651385285482,100,30,2000,2000,0.1,1.0,1.0,0.9204532962675963,0.9204532962675963,1
337,plugin+hat,2.135068261712694,0.13211219111731676,0.08504651385285464,100,30,2000,2000,0.1,1.0,1.0,0.9204532962675963,0.9204532962675963,1
338,rejection+true,1.3655075874659035,0.5136623173952104,0.05028496628835038,100,30,2000,2000,0.1,1.0,1.0,1.1408632821665226,1.1408632821665226,0
338,rejection+hat,1.3655075874659035,0.40072070360183715,0.054234966288350346,100,30,2000,2000,0.1,1.0,1.0,1.1408632821665226,1.1408632821665226,0
338,plugin+true,0.02444754724726473,0.194698997396492,-0.004165033711649678,100,30,2000,2000,0.1,1.0,1.0,1.1408632821665226,1.1408632821665226,0
338,plugin+hat,0.015635711447601203,0.15398532693770142,-0.004165033711649678,100,30,2000,2000,0.1,1.0,1.0,1.1408632821665226,1.1408632821665226,0
339,rejection+true,3.338331126107119,0.13277898977200187,0.08486259997704602,100,30,2000,2000,0.1,1.0,1.0,0.9679643038635485,0.9679643038635485,1
339,rejection+hat,2.135068261712694,0.1322771077354749,0.09756259997704608,100,30,2000,2000,0.1,1.0,1.0,0.9679643038635485,0.9679643038635485,1
339,plugin+true,0.8733261623828429,0.07934779057012381,0.12051259997704618,100,30,2000,2000,0.1,1.0,1.0,0.9679643038635485,0.9679643038635485,1
339,plugin+hat,0.35722445018714644,0.12629091131978482,0.12846259997704615,100,30,2000,2000,0.1,1.0,1.0,0.9679643038635485,0.9679643038635485,1
340,rejection+true,0.01,-0.09017260673766335,0.09894506251030415,100,30,2000,2000,0.1,1.0,1.0,0.9582506719545155,0.9582506719545155,1
340,rejection+hat,0.01,-0.09017260673766335,0.09894506251030415,100,30,2000,2000,0.1,1.0,1.0,0.9582506719545155,0.9582506719545155,1
340,plugin+true,0.558545842515421,-0.02307967770569822,0.08534506251030417,100,30,2000,2000,0.1,1.0,1.0,0.9582506719545155,0.9582506719545155,1
340,plugin+hat,0.01,-0.03986070721392121,0.09894506251030415,100,30,2000,2000,0.1,1.0,1.0,0.9582506719545155,0.9582506719545155,1
341,rejection+true,0.02444754724726473,0.577369901413719,-0.04263175110837848,100,30,2000,2000,0.1,1.0,1.0,1.0138046268083072,1.0138046268083072,0
341,rejection+hat,0.02444754724726473,0.577369901413719,-0.04263175110837848,100,30,2000,2000,0.1,1.0,1.0,1.0138046268083072,1.0138046268083072,0
341,plugin+true,0.015635711447601203,0.38934420637146544,-0.04263175110837848,100,30,2000,2000,0.1,1.0,1.0,1.0138046268083072,1.0138046268083072,0
341,plugin+hat,0.09345192145605369,0.3993306346006742,-0.04263175110837848,100,30,2000,2000,0.1,1.0,1.0,1.0138046268083072,1.0138046268083072,0
342,rejection+true,0.8733261623828429,-0.06428452581167221,0.05017473564883145,100,30,2000,2000,0.1,1.0,1.0,0.9879811764180867,0.9879811764180867,1
342,rejection+hat,0.8733261623828429,-0.06428452581167221,0.06257473564883163,100,30,2000,2000,0.1,1.0,1.0,0.9879811764180867,0.9879811764180867,1
342,plugin+true,0.01,-0.018897300356704307,0.06272473564883164,100,30,2000,2000,0.1,1.0,1.0,0.9879811764180867,0.9879811764180867,1
342,plugin+hat,0.22846702651445452,-0.05647952799133475,0.06272473564883164,100,30,2000,2000,0.1,1.0,1.0,0.9879811764180867,0.9879811764180867,1
343,rejection+true,3.338331126107119,0.2697197961465766,0.061126824326252924,100,30,2000,2000,0.1,1.0,1.0,1.0600890687498896,1.0600890687498896,0
343,rejection+hat,3.338331126107119,0.2697197961465766,0.06287682432625302,100,30,2000,2000,0.1,1.0,1.0,1.0600890687498896,1.0600890687498896,0
343,plugin+true,0.03822547943598284,0.1292414937870593,0.10347682432625306,100,30,2000,2000,0.1,1.0,1.0,1.0600890687498896,1.0600890687498896,0
343,plugin+hat,5.219718220435647,0.17326962691267161,0.06317682432625303,100,30,2000,2000,0.1,1.0,1.0,1.0600890687498896,1.0600890687498896,0
344,rejection+true,2.135068261712694,0.1808418954412142,0.09705695265779138,100,30,2000,2000,0.1,1.0,1.0,1.0451956022637392,1.0451956022637392,0
344,rejection+hat,5.219718220435647,0.16380588859319684,0.0751069526577912,100,30,2000,2000,0.1,1.0,1.0,1.0451956022637392,1.0451956022637392,0
344,plugin+true,0.09345192145605369,0.12884996557521147,0.1154569526577913,100,30,2000,2000,0.1,1.0,1.0,1.0451956022637392,1.0451956022637392,0
344,plugin+hat,0.01,0.13875272005158934,0.1154569526577913,100,30,2000,2000,0.1,1.0,1.0,1.0451956022637392,1.0451956022637392,0
345,rejection+true,0.09345192145605369,0.28544275915871065,0.10356640753172788,100,30,2000,2000,0.1,1.0,1.0,0.9905612844530198,0.9905612844530198,1
345,rejection+hat,2.135068261712694,0.302289455368494,0.07116640753172788,100,30,2000,2000,0.1,1.0,1.0,0.9905612844530198,0.9905612844530198,1
345,plugin+true,0.35722445018714644,0.23467666989220234,0.0971164075317279,100,30,2000,2000,0.1,1.0,1.0,0.9905612844530198,0.9905612844530198,1
345,plugin+hat,0.015635711447601203,0.27625663255998084,0.10366640753172789,100,30,2000,2000,0.1,1.0,1.0,0.9905612844530198,0.9905612844530198,1
346,rejection+true,3.338331126107119,0.1793905429542065,0.0402404618917593,100,30,2000,2000,0.1,1.0,1.0,0.9299942843065547,0.9299942843065547,1
346,rejection+hat,3.338331126107119,0.18011320605874065,0.04609046189175938,100,30,2000,2000,0.1,1.0,1.0,0.9299942843065547,0.9299942843065547,1
346,plugin+true,0.02444754724726473,-0.13484527370032545,0.07959046189175922,100,30,2000,2000,0.1,1.0,1.0,0.9299942843065547,0.9299942843065547,1
346,plugin+hat,12.760930781150906,-0.11778436589749115,0.03419046189175929,100,30,2000,2000,0.1,1.0,1.0,0.9299942843065547,0.9299942843065547,1
347,rejection+true,12.760930781150906,0.10245388839393854,0.05775073106065055,100,30,2000,2000,0.1,1.0,1.0,1.008505134752695,1.008505134752695,0
347,rejection+hat,0.01,0.09085954347004495,0.10480073106065044,100,30,2000,2000,0.1,1.0,1.0,1.008505134752695,1.008505134752695,0
347,plugin+true,0.01,0.1866800910201377,0.10480073106065044,100,30,2000,2000,0.1,1.0,1.0,1.008505134752695,1.008505134752695,0
347,plugin+hat,0.1461187278110747,0.12784617023726438,0.08415073106065049,100,30,2000,2000,0.1,1.0,1.0,1.008505134752695,1.008505134752695,0
348,rejection+true,3.338331126107119,-0.016419255609313642,0.06314445899991451,100,30,2000,2000,0.1,1.0,1.0,1.0611383463035386,1.0611383463035386,0
348,rejection+hat,2.135068261712694,-0.03449941910803319,0.06084445899991447,100,30,2000,2000,0.1,1.0,1.0,1.0611383463035386,1.0611383463035386,0
348,plugin+true,0.015635711447601203,0.03655043060328995,0.004944458999914544,100,30,2000,2000,0.1,1.0,1.0,1.0611383463035386,1.0611383463035386,0
348,plugin+hat,5.219718220435647,0.09745893918625623,0.06194445899991451,100,30,2000,2000,0.1,1.0,1.0,1.0611383463035386,1.0611383463035386,0
349,rejection+true,2.135068261712694,0.2262220554053783,0.06323401480394322,100,30,2000,2000,0.1,1.0,1.0,0.9500390408164825,0.9500390408164825,1
349,rejection+hat,2.135068261712694,0.22193597878019014,0.07943401480394317,100,30,2000,2000,0.1,1.0,1.0,0.9500390408164825,0.9500390408164825,1
349,plugin+true,0.01,0.1331538178636514,0.10063401480394338,100,30,2000,2000,0.1,1.0,1.0,0.9500390408164825,0.9500390408164825,1
349,plugin+hat,0.558545842515421,0.1430033488522227,0.10018401480394336,100,30,2000,2000,0.1,1.0,1.0,0.9500390408164825,0.9500390408164825,1
350,rejection+true,0.1461187278110747,0.06169838756322862,-0.011903516765055805,100,30,2000,2000,0.1,1.0,1.0,0.9987518444155828,0.9987518444155828,1
350,rejection+hat,0.1461187278110747,0.06169838756322862,-0.011903516765055805,100,30,2000,2000,0.1,1.0,1.0,0.9987518444155828,0.9987518444155828,1
350,plugin+true,0.22846702651445452,0.02683948300660289,-0.011903516765055805,100,30,2000,2000,0.1,1.0,1.0,0.9987518444155828,0.9987518444155828,1
350,plugin+hat,0.1461187278110747,-0.018653721456881565,-0.011903516765055805,100,30,2000,2000,0.1,1.0,1.0,0.9987518444155828,0.9987518444155828,1
351,rejection+true,0.8733261623828429,0.05634302049099158,0.08947638005390972,100,30,2000,2000,0.1,1.0,1.0,1.0294779202391466,1.0294779202391466,0
351,rejection+hat,0.8733261623828429,0.05634302049099158,0.08237638005390954,100,30,2000,2000,0.1,1.0,1.0,1.0294779202391466,1.0294779202391466,0
351,plugin+true,0.8733261623828429,0.07105904539410851,0.08947638005390972,100,30,2000,2000,0.1,1.0,1.0,1.0294779202391466,1.0294779202391466,0
351,plugin+hat,8.161400793251818,0.05350973293782792,0.0531763800539096,100,30,2000,2000,0.1,1.0,1.0,1.0294779202391466,1.0294779202391466,0
352,rejection+true,0.22846702651445452,0.2208889975833396,0.005351925737226844,100,30,2000,2000,0.1,1.0,1.0,0.852821228295039,0.852821228295039,1
352,rejection+hat,0.558545842515421,0.3037580446029703,0.06890192573722684,100,30,2000,2000,0.1,1.0,1.0,0.852821228295039,0.852821228295039,1
352,plugin+true,0.09345192145605369,0.19724671432954094,0.005251925737226845,100,30,2000,2000,0.1,1.0,1.0,0.852821228295039,0.852821228295039,1
352,plugin+hat,0.1461187278110747,0.16620354974917168,0.005251925737226845,100,30,2000,2000,0.1,1.0,1.0,0.852821228295039,0.852821228295039,1
353,rejection+true,0.03822547943598284,0.03275465409581859,-0.0031644322642078136,100,30,2000,2000,0.1,1.0,1.0,1.0130277216393422,1.0130277216393422,0
353,rejection+hat,0.03822547943598284,0.03275465409581859,-0.0031644322642078136,100,30,2000,2000,0.1,1.0,1.0,1.0130277216393422,1.0130277216393422,0
353,plugin+true,0.558545842515421,0.28351206736818546,0.09493556773579227,100,30,2000,2000,0.1,1.0,1.0,1.0130277216393422,1.0130277216393422,0
353,plugin+hat,0.22846702651445452,0.23977429803247197,0.0851355677357923,100,30,2000,2000,0.1,1.0,1.0,1.0130277216393422,1.0130277216393422,0
354,rejection+true,0.558545842515421,0.17823144470651944,0.05845322500920536,100,30,2000,2000,0.1,1.0,1.0,1.0622654462633092,1.0622654462633092,0
354,rejection+hat,0.558545842515421,0.18542228279014425,0.059153225009205376,100,30,2000,2000,0.1,1.0,1.0,1.0622654462633092,1.0622654462633092,0
354,plugin+true,0.8733261623828429,0.2567986302661459,0.04630322500920541,100,30,2000,2000,0.1,1.0,1.0,1.0622654462633092,1.0622654462633092,0
354,plugin+hat,0.35722445018714644,0.2629736348352413,0.06800322500920532,100,30,2000,2000,0.1,1.0,1.0,1.0622654462633092,1.0622654462633092,0
355,rejection+true,12.760930781150906,0.35438910499215126,0.0296429680660459,100,30,2000,2000,0.1,1.0,1.0,1.01420232118842,1.01420232118842,0
355,rejection+hat,12.760930781150906,0.35438910499215126,0.028392968066045934,100,30,2000,2000,0.1,1.0,1.0,1.01420232118842,1.01420232118842,0
355,plugin+true,0.1461187278110747,0.15100232003023972,-0.024407031933954153,100,30,2000,2000,0.1,1.0,1.0,1.01420232118842,1.01420232118842,0
355,plugin+hat,0.03822547943598284,0.16588529272432928,0.075092968066046,100,30,2000,2000,0.1,1.0,1.0,1.01420232118842,1.01420232118842,0
356,rejection+true,1.3655075874659035,0.1636048127120982,0.03996408589466139,100,30,2000,2000,0.1,1.0,1.0,1.0711507488564413,1.0711507488564413,0
356,rejection+hat,1.3655075874659035,0.14173250286839906,0.050314085894661464,100,30,2000,2000,0.1,1.0,1.0,1.0711507488564413,1.0711507488564413,0
356,plugin+true,0.01,0.02931700402000355,-0.029185914105338513,100,30,2000,2000,0.1,1.0,1.0,1.0711507488564413,1.0711507488564413,0
356,plugin+hat,0.02444754724726473,0.038894042070115764,-0.029185914105338513,100,30,2000,2000,0.1,1.0,1.0,1.0711507488564413,1.0711507488564413,0
357,rejection+true,3.338331126107119,0.2736958995461463,0.059695804890068385,100,30,2000,2000,0.1,1.0,1.0,1.13120066415134,1.13120066415134,0
357,rejection+hat,2.135068261712694,0.26031572868426633,0.06179580489006841,100,30,2000,2000,0.1,1.0,1.0,1.13120066415134,1.13120066415134,0
357,plugin+true,0.22846702651445452,0.2780008456378247,0.10099580489006814,100,30,2000,2000,0.1,1.0,1.0,1.13120066415134,1.13120066415134,0
357,plugin+hat,0.015635711447601203,0.2828124296285499,0.0015958048900683785,100,30,2000,2000,0.1,1.0,1.0,1.13120066415134,1.13120066415134,0
358,rejection+true,0.01,0.09549264137943587,0.1168895284900018,100,30,2000,2000,0.1,1.0,1.0,0.899433398658064,0.899433398658064,1
358,rejection+hat,0.01,0.09549264137943587,0.1168895284900018,100,30,2000,2000,0.1,1.0,1.0,0.899433398658064,0.899433398658064,1
358,plugin+true,0.558545842515421,0.06748497124519338,0.10728952849000174,100,30,2000,2000,0.1,1.0,1.0,0.899433398658064,0.899433398658064,1
358,plugin+hat,0.8733261623828429,0.04855385596815567,0.08898952849000175,100,30,2000,2000,0.1,1.0,1.0,0.899433398658064,0.899433398658064,1
359,rejection+true,3.338331126107119,-0.06678826366551219,0.07485896096364406,100,30,2000,2000,0.1,1.0,1.0,0.889447627936331,0.889447627936331,1
359,rejection+hat,0.8733261623828429,-0.05719740089649955,0.08870896096364414,100,30,2000,2000,0.1,1.0,1.0,0.889447627936331,0.889447627936331,1
359,plugin+true,0.03822547943598284,0.09514316866982489,0.10175896096364412,100,30,2000,2000,0.1,1.0,1.0,0.889447627936331,0.889447627936331,1
359,plugin+hat,0.02444754724726473,0.15167787908977048,0.10175896096364412,100,30,2000,2000,0.1,1.0,1.0,0.889447627936331,0.889447627936331,1
360,rejection+true,3.338331126107119,0.10482837495704492,0.051056766817422654,100,30,2000,2000,0.1,1.0,1.0,1.0767196947089572,1.0767196947089572,0
360,rejection+hat,2.135068261712694,0.10782294608652591,0.050706766817422595,100,30,2000,2000,0.1,1.0,1.0,1.0767196947089572,1.0767196947089572,0
360,plugin+true,3.338331126107119,0.21487151622623418,0.051056766817422654,100,30,2000,2000,0.1,1.0,1.0,1.0767196947089572,1.0767196947089572,0
360,plugin+hat,5.219718220435647,0.15873128574988615,0.04130676681742252,100,30,2000,2000,0.1,1.0,1.0,1.0767196947089572,1.0767196947089572,0
361,rejection+true,1.3655075874659035,0.37844339224199447,0.05184828908923857,100,30,2000,2000,0.1,1.0,1.0,1.0074103033741102,1.0074103033741102,0
361,rejection+hat,1.3655075874659035,0.37844339224199447,0.05424828908923856,100,30,2000,2000,0.1,1.0,1.0,1.0074103033741102,1.0074103033741102,0
361,plugin+true,0.8733261623828429,0.025520103188841042,0.0968982890892385,100,30,2000,2000,0.1,1.0,1.0,1.0074103033741102,1.0074103033741102,0
361,plugin+hat,1.3655075874659035,0.0012249595249713072,0.05424828908923856,100,30,2000,2000,0.1,1.0,1.0,1.0074103033741102,1.0074103033741102,0
362,rejection+true,8.161400793251818,0.2085630593045304,0.032655091600392185,100,30,2000,2000,0.1,1.0,1.0,0.9067147643065966,0.9067147643065966,1
362,rejection+hat,3.338331126107119,0.2841638254467398,0.03540509160039231,100,30,2000,2000,0.1,1.0,1.0,0.9067147643065966,0.9067147643065966,1
362,plugin+true,0.1461187278110747,0.19168449036386753,0.07560509160039236,100,30,2000,2000,0.1,1.0,1.0,0.9067147643065966,0.9067147643065966,1
362,plugin+hat,8.161400793251818,0.13964844109984806,0.032905091600392206,100,30,2000,2000,0.1,1.0,1.0,0.9067147643065966,0.9067147643065966,1
363,rejection+true,3.338331126107119,0.030704714357852936,0.039322830825465165,100,30,2000,2000,0.1,1.0,1.0,0.9690764780016422,0.9690764780016422,1
363,rejection+hat,3.338331126107119,0.053530135254065206,0.04182283082546512,100,30,2000,2000,0.1,1.0,1.0,0.9690764780016422,0.9690764780016422,1
363,plugin+true,5.219718220435647,0.18674967607892662,0.04332283082546517,100,30,2000,2000,0.1,1.0,1.0,0.9690764780016422,0.9690764780016422,1
363,plugin+hat,0.01,0.1944527684657286,0.08622283082546514,100,30,2000,2000,0.1,1.0,1.0,0.9690764780016422,0.9690764780016422,1
364,rejection+true,2.135068261712694,0.372851690898339,0.06335248179905434,100,30,2000,2000,0.1,1.0,1.0,0.9723938795287284,0.9723938795287284,1
364,rejection+hat,2.135068261712694,0.360187811901172,0.06905248179905431,100,30,2000,2000,0.1,1.0,1.0,0.9723938795287284,0.9723938795287284,1
364,plugin+true,0.8733261623828429,0.28449492584257163,0.08075248179905442,100,30,2000,2000,0.1,1.0,1.0,0.9723938795287284,0.9723938795287284,1
364,plugin+hat,0.01,0.35585023066927507,0.09610248179905448,100,30,2000,2000,0.1,1.0,1.0,0.9723938795287284,0.9723938795287284,1
365,rejection+true,0.8733261623828429,0.14712192912896474,0.11153372605138663,100,30,2000,2000,0.1,1.0,1.0,1.0756574444481983,1.0756574444481983,0
365,rejection+hat,0.8733261623828429,0.14712192912896474,0.09598372605138682,100,30,2000,2000,0.1,1.0,1.0,1.0756574444481983,1.0756574444481983,0
365,plugin+true,0.1461187278110747,0.3811991391710731,0.11773372605138664,100,30,2000,2000,0.1,1.0,1.0,1.0756574444481983,1.0756574444481983,0
365,plugin+hat,0.1461187278110747,0.28350944863808125,0.11773372605138664,100,30,2000,2000,0.1,1.0,1.0,1.0756574444481983,1.0756574444481983,0
366,rejection+true,0.09345192145605369,-0.11953930780291559,0.13138682524260523,100,30,2000,2000,0.1,1.0,1.0,0.9643529976368549,0.9643529976368549,1
366,rejection+hat,0.09345192145605369,-0.11953930780291559,0.13138682524260523,100,30,2000,2000,0.1,1.0,1.0,0.9643529976368549,0.9643529976368549,1
366,plugin+true,0.8733261623828429,-0.04947859424519682,0.11913682524260519,100,30,2000,2000,0.1,1.0,1.0,0.9643529976368549,0.9643529976368549,1
366,plugin+hat,0.22846702651445452,-0.06046393709659562,0.03263682524260512,100,30,2000,2000,0.1,1.0,1.0,0.9643529976368549,0.9643529976368549,1
367,rejection+true,0.558545842515421,0.2653710077206294,0.09308206087115149,100,30,2000,2000,0.1,1.0,1.0,1.0485214692755773,1.0485214692755773,0
367,rejection+hat,0.558545842515421,0.2653710077206294,0.09358206087115149,100,30,2000,2000,0.1,1.0,1.0,1.0485214692755773,1.0485214692755773,0
367,plugin+true,1.3655075874659035,0.13768716302847728,0.06833206087115151,100,30,2000,2000,0.1,1.0,1.0,1.0485214692755773,1.0485214692755773,0
367,plugin+hat,0.02444754724726473,0.13072169313446252,0.09728206087115154,100,30,2000,2000,0.1,1.0,1.0,1.0485214692755773,1.0485214692755773,0
368,rejection+true,1.3655075874659035,0.24372463005905348,0.0675219147352668,100,30,2000,2000,0.1,1.0,1.0,0.9775996936882703,0.9775996936882703,1
368,rejection+hat,1.3655075874659035,0.24372463005905348,0.06672191473526672,100,30,2000,2000,0.1,1.0,1.0,0.9775996936882703,0.9775996936882703,1
368,plugin+true,0.015635711447601203,0.15524312281385225,-0.01072808526473335,100,30,2000,2000,0.1,1.0,1.0,0.9775996936882703,0.9775996936882703,1
368,plugin+hat,5.219718220435647,0.17334433750716924,0.046371914735266764,100,30,2000,2000,0.1,1.0,1.0,0.9775996936882703,0.9775996936882703,1
369,rejection+true,0.558545842515421,0.1312649313360453,0.08680918127200724,100,30,2000,2000,0.1,1.0,1.0,0.970618381049737,0.970618381049737,1
369,rejection+hat,0.8733261623828429,0.05944022834300996,0.0853091812720072,100,30,2000,2000,0.1,1.0,1.0,0.970618381049737,0.970618381049737,1
369,plugin+true,0.01,0.1726872231864537,0.08685918127200724,100,30,2000,2000,0.1,1.0,1.0,0.970618381049737,0.970618381049737,1
369,plugin+hat,0.02444754724726473,0.18402950333393747,0.08685918127200724,100,30,2000,2000,0.1,1.0,1.0,0.970618381049737,0.970618381049737,1
370,rejection+true,0.01,0.11022502407431604,0.09934437970395407,100,30,2000,2000,0.1,1.0,1.0,1.0012055715761747,1.0012055715761747,0
370,rejection+hat,0.01,0.11022502407431604,0.09934437970395407,100,30,2000,2000,0.1,1.0,1.0,1.0012055715761747,1.0012055715761747,0
370,plugin+true,8.161400793251818,0.11131194797676214,0.05719437970395397,100,30,2000,2000,0.1,1.0,1.0,1.0012055715761747,1.0012055715761747,0
370,plugin+hat,0.015635711447601203,0.10911091469856468,0.0030943797039540318,100,30,2000,2000,0.1,1.0,1.0,1.0012055715761747,1.0012055715761747,0
371,rejection+true,2.135068261712694,0.21824257199962935,0.017571761111471615,100,30,2000,2000,0.1,1.0,1.0,0.9198486688543551,0.9198486688543551,1
371,rejection+hat,3.338331126107119,0.17164208193620042,0.020121761111471657,100,30,2000,2000,0.1,1.0,1.0,0.9198486688543551,0.9198486688543551,1
371,plugin+true,0.35722445018714644,0.020828766184744014,0.06542176111147163,100,30,2000,2000,0.1,1.0,1.0,0.9198486688543551,0.9198486688543551,1
371,plugin+hat,0.05976825664072413,-0.02208806533158559,0.06442176111147163,100,30,2000,2000,0.1,1.0,1.0,0.9198486688543551,0.9198486688543551,1
372,rejection+true,0.8733261623828429,0.06221920376022656,0.07540042342940821,100,30,2000,2000,0.1,1.0,1.0,0.982183184786938,0.982183184786938,1
372,rejection+hat,0.8733261623828429,0.06221920376022656,0.07640042342940817,100,30,2000,2000,0.1,1.0,1.0,0.982183184786938,0.982183184786938,1
372,plugin+true,8.161400793251818,0.18338337117901918,0.0503004234294083,100,30,2000,2000,0.1,1.0,1.0,0.982183184786938,0.982183184786938,1
372,plugin+hat,0.01,0.19586145907587232,0.09465042342940834,100,30,2000,2000,0.1,1.0,1.0,0.982183184786938,0.982183184786938,1
373,rejection+true,0.8733261623828429,0.37847440609087546,0.060222851748093144,100,30,2000,2000,0.1,1.0,1.0,0.9570869516740598,0.9570869516740598,1
373,rejection+hat,0.8733261623828429,0.37847440609087546,0.10212285174809327,100,30,2000,2000,0.1,1.0,1.0,0.9570869516740598,0.9570869516740598,1
373,plugin+true,0.015635711447601203,0.14178109144838605,0.11752285174809331,100,30,2000,2000,0.1,1.0,1.0,0.9570869516740598,0.9570869516740598,1
373,plugin+hat,0.09345192145605369,0.18568453884768227,0.1174228517480933,100,30,2000,2000,0.1,1.0,1.0,0.9570869516740598,0.9570869516740598,1
374,rejection+true,0.8733261623828429,0.27466438934206955,0.11065428120488456,100,30,2000,2000,0.1,1.0,1.0,0.9982683527494448,0.9982683527494448,1
374,rejection+hat,0.8733261623828429,0.27466438934206955,0.10920428120488454,100,30,2000,2000,0.1,1.0,1.0,0.9982683527494448,0.9982683527494448,1
374,plugin+true,0.02444754724726473,0.21006230082367772,0.01890428120488456,100,30,2000,2000,0.1,1.0,1.0,0.9982683527494448,0.9982683527494448,1
374,plugin+hat,0.02444754724726473,0.19213578180152244,0.01890428120488456,100,30,2000,2000,0.1,1.0,1.0,0.9982683527494448,0.9982683527494448,1
375,rejection+true,0.01,0.4310564816618959,0.05054604877794681,100,30,2000,2000,0.1,1.0,1.0,1.108820423591144,1.108820423591144,0
375,rejection+hat,0.01,0.4310564816618959,0.05054604877794681,100,30,2000,2000,0.1,1.0,1.0,1.108820423591144,1.108820423591144,0
375,plugin+true,2.135068261712694,0.11648749546702848,0.02514604877794691,100,30,2000,2000,0.1,1.0,1.0,1.108820423591144,1.108820423591144,0
375,plugin+hat,0.03822547943598284,0.07680146188664132,0.05054604877794681,100,30,2000,2000,0.1,1.0,1.0,1.108820423591144,1.108820423591144,0
376,rejection+true,0.01,0.1814585789417227,-0.015180058379855362,100,30,2000,2000,0.1,1.0,1.0,1.1040488124310588,1.1040488124310588,0
376,rejection+hat,0.01,0.1814585789417227,-0.015180058379855362,100,30,2000,2000,0.1,1.0,1.0,1.1040488124310588,1.1040488124310588,0
376,plugin+true,0.01,0.13124542505532477,-0.015180058379855362,100,30,2000,2000,0.1,1.0,1.0,1.1040488124310588,1.1040488124310588,0
376,plugin+hat,3.338331126107119,0.0954110202903102,0.04001994162014468,100,30,2000,2000,0.1,1.0,1.0,1.1040488124310588,1.1040488124310588,0
377,rejection+true,0.01,-0.19115906419853373,-0.0008796973599276669,100,30,2000,2000,0.1,1.0,1.0,1.0100846105188641,1.0100846105188641,0
377,rejection+hat,0.01,-0.19115906419853373,-0.0008796973599276669,100,30,2000,2000,0.1,1.0,1.0,1.0100846105188641,1.0100846105188641,0
377,plugin+true,0.01,-0.04272833696407434,-0.0008796973599276669,100,30,2000,2000,0.1,1.0,1.0,1.0100846105188641,1.0100846105188641,0
377,plugin+hat,0.558545842515421,-0.027590879625416807,-0.0003296973599276638,100,30,2000,2000,0.1,1.0,1.0,1.0100846105188641,1.0100846105188641,0
378,rejection+true,0.01,0.15825483736892537,0.11151368549689364,100,30,2000,2000,0.1,1.0,1.0,0.9503645140068098,0.9503645140068098,1
378,rejection+hat,0.01,0.15825483736892537,0.11151368549689364,100,30,2000,2000,0.1,1.0,1.0,0.9503645140068098,0.9503645140068098,1
378,plugin+true,1.3655075874659035,0.20387317077113448,0.08676368549689363,100,30,2000,2000,0.1,1.0,1.0,0.9503645140068098,0.9503645140068098,1
378,plugin+hat,0.01,0.22817855785999583,0.11151368549689364,100,30,2000,2000,0.1,1.0,1.0,0.9503645140068098,0.9503645140068098,1
379,rejection+true,0.8733261623828429,0.1824918591106931,0.06702310639874298,100,30,2000,2000,0.1,1.0,1.0,0.9180229370383487,0.9180229370383487,1
379,rejection+hat,0.558545842515421,0.1740197854737441,-0.0091268936012571,100,30,2000,2000,0.1,1.0,1.0,0.9180229370383487,0.9180229370383487,1
379,plugin+true,0.01,-0.02979546686929463,0.09012310639874323,100,30,2000,2000,0.1,1.0,1.0,0.9180229370383487,0.9180229370383487,1
379,plugin+hat,0.22846702651445452,-0.03201337030202384,0.09017310639874325,100,30,2000,2000,0.1,1.0,1.0,0.9180229370383487,0.9180229370383487,1
380,rejection+true,2.135068261712694,0.5704814299941064,0.07661351735465431,100,30,2000,2000,0.1,1.0,1.0,1.1467930129127455,1.1467930129127455,0
380,rejection+hat,0.01,0.5417162362486125,0.02231351735465448,100,30,2000,2000,0.1,1.0,1.0,1.1467930129127455,1.1467930129127455,0
380,plugin+true,2.135068261712694,0.36676305097240675,0.07661351735465431,100,30,2000,2000,0.1,1.0,1.0,1.1467930129127455,1.1467930129127455,0
380,plugin+hat,0.8733261623828429,0.39099011884367824,0.11076351735465442,100,30,2000,2000,0.1,1.0,1.0,1.1467930129127455,1.1467930129127455,0
381,rejection+true,0.8733261623828429,0.20040241082509355,0.06189428084133058,100,30,2000,2000,0.1,1.0,1.0,1.136202169292864,1.136202169292864,0
381,rejection+hat,1.3655075874659035,0.09540123442808787,0.04814428084133055,100,30,2000,2000,0.1,1.0,1.0,1.136202169292864,1.136202169292864,0
381,plugin+true,5.219718220435647,0.16360062925643293,0.04199428084133067,100,30,2000,2000,0.1,1.0,1.0,1.136202169292864,1.136202169292864,0
381,plugin+hat,0.35722445018714644,0.18462392097438068,-0.01880571915866944,100,30,2000,2000,0.1,1.0,1.0,1.136202169292864,1.136202169292864,0
382,rejection+true,12.760930781150906,0.1924018900841475,0.04314680556875396,100,30,2000,2000,0.1,1.0,1.0,0.8960049000253717,0.8960049000253717,1
382,rejection+hat,8.161400793251818,0.20390590193370978,0.05014680556875374,100,30,2000,2000,0.1,1.0,1.0,0.8960049000253717,0.8960049000253717,1
382,plugin+true,3.338331126107119,0.09040412507656226,0.04189680556875378,100,30,2000,2000,0.1,1.0,1.0,0.8960049000253717,0.8960049000253717,1
382,plugin+hat,0.015635711447601203,0.13714825420340432,0.09029680556875394,100,30,2000,2000,0.1,1.0,1.0,0.8960049000253717,0.8960049000253717,1
383,rejection+true,3.338331126107119,0.19915387993678454,0.11184221140878559,100,30,2000,2000,0.1,1.0,1.0,1.023099194386692,1.023099194386692,0
383,rejection+hat,3.338331126107119,0.19915387993678454,0.1152422114087856,100,30,2000,2000,0.1,1.0,1.0,1.023099194386692,1.023099194386692,0
383,plugin+true,0.015635711447601203,0.18554181854413346,0.052542211408785754,100,30,2000,2000,0.1,1.0,1.0,1.023099194386692,1.023099194386692,0
383,plugin+hat,0.1461187278110747,0.21735248422783587,0.052542211408785754,100,30,2000,2000,0.1,1.0,1.0,1.023099194386692,1.023099194386692,0
384,rejection+true,3.338331126107119,0.24141595661640172,0.10108887128674598,100,30,2000,2000,0.1,1.0,1.0,1.0208207353985512,1.0208207353985512,0
384,rejection+hat,3.338331126107119,0.24141595661640172,0.09798887128674603,100,30,2000,2000,0.1,1.0,1.0,1.0208207353985512,1.0208207353985512,0
384,plugin+true,0.02444754724726473,0.1218441474411758,0.13858887128674657,100,30,2000,2000,0.1,1.0,1.0,1.0208207353985512,1.0208207353985512,0
384,plugin+hat,0.05976825664072413,0.10661394892230491,0.13858887128674657,100,30,2000,2000,0.1,1.0,1.0,1.0208207353985512,1.0208207353985512,0
385,rejection+true,1.3655075874659035,0.15751352993150552,0.05121438386449529,100,30,2000,2000,0.1,1.0,1.0,0.9751022142783545,0.9751022142783545,1
385,rejection+hat,1.3655075874659035,0.15751352993150552,0.05541438386449523,100,30,2000,2000,0.1,1.0,1.0,0.9751022142783545,0.9751022142783545,1
385,plugin+true,0.22846702651445452,0.28022197402103327,-0.010385616135504802,100,30,2000,2000,0.1,1.0,1.0,0.9751022142783545,0.9751022142783545,1
385,plugin+hat,19.952623149688797,0.24799806456461856,0.030814383864495216,100,30,2000,2000,0.1,1.0,1.0,0.9751022142783545,0.9751022142783545,1
386,rejection+true,19.952623149688797,0.323866202433904,0.0723655658625416,100,30,2000,2000,0.1,1.0,1.0,1.059033274488865,1.059033274488865,0
386,rejection+hat,19.952623149688797,0.323866202433904,0.07186556586254153,100,30,2000,2000,0.1,1.0,1.0,1.059033274488865,1.059033274488865,0
386,plugin+true,1.3655075874659035,0.16947241058005152,0.09696556586254149,100,30,2000,2000,0.1,1.0,1.0,1.059033274488865,1.059033274488865,0
386,plugin+hat,0.22846702651445452,0.12939726852777442,0.11741556586254168,100,30,2000,2000,0.1,1.0,1.0,1.059033274488865,1.059033274488865,0
387,rejection+true,0.35722445018714644,0.3242675912876924,0.10009541560234635,100,30,2000,2000,0.1,1.0,1.0,0.9255465363562987,0.9255465363562987,1
387,rejection+hat,0.35722445018714644,0.29518161863088616,0.09939541560234635,100,30,2000,2000,0.1,1.0,1.0,0.9255465363562987,0.9255465363562987,1
387,plugin+true,3.338331126107119,0.21984059930725106,0.07009541560234622,100,30,2000,2000,0.1,1.0,1.0,0.9255465363562987,0.9255465363562987,1
387,plugin+hat,0.02444754724726473,0.2345548555103974,0.10084541560234635,100,30,2000,2000,0.1,1.0,1.0,0.9255465363562987,0.9255465363562987,1
388,rejection+true,19.952623149688797,0.22421254975100355,0.025210643086616948,100,30,2000,2000,0.1,1.0,1.0,1.0269327243287687,1.0269327243287687,0
388,rejection+hat,0.1461187278110747,0.20975916211803755,0.07286064308661686,100,30,2000,2000,0.1,1.0,1.0,1.0269327243287687,1.0269327243287687,0
388,plugin+true,0.05976825664072413,0.2397368784839608,0.07356064308661689,100,30,2000,2000,0.1,1.0,1.0,1.0269327243287687,1.0269327243287687,0
388,plugin+hat,0.02444754724726473,0.23964017376469196,0.07356064308661689,100,30,2000,2000,0.1,1.0,1.0,1.0269327243287687,1.0269327243287687,0
389,rejection+true,0.01,0.3071694927910963,0.11351475874060021,100,30,2000,2000,0.1,1.0,1.0,1.0760223537572906,1.0760223537572906,0
389,rejection+hat,0.01,0.3071694927910963,0.11351475874060021,100,30,2000,2000,0.1,1.0,1.0,1.0760223537572906,1.0760223537572906,0
389,plugin+true,0.05976825664072413,0.15903942841593272,0.11351475874060021,100,30,2000,2000,0.1,1.0,1.0,1.0760223537572906,1.0760223537572906,0
389,plugin+hat,0.35722445018714644,0.125425322800902,0.1133647587406002,100,30,2000,2000,0.1,1.0,1.0,1.0760223537572906,1.0760223537572906,0
390,rejection+true,19.952623149688797,0.3479248059292635,0.017098659970896324,100,30,2000,2000,0.1,1.0,1.0,0.9506993119666796,0.9506993119666796,1
390,rejection+hat,19.952623149688797,0.3479248059292635,0.016448659970896323,100,30,2000,2000,0.1,1.0,1.0,0.9506993119666796,0.9506993119666796,1
390,plugin+true,0.05976825664072413,0.15654087027029873,-0.03465134002910359,100,30,2000,2000,0.1,1.0,1.0,0.9506993119666796,0.9506993119666796,1
390,plugin+hat,0.35722445018714644,0.14959349263198032,-0.0342513400291036,100,30,2000,2000,0.1,1.0,1.0,0.9506993119666796,0.9506993119666796,1
391,rejection+true,5.219718220435647,0.5929133737459777,0.03644744229247138,100,30,2000,2000,0.1,1.0,1.0,1.0272192020832076,1.0272192020832076,0
391,rejection+hat,5.219718220435647,0.5235659563913941,0.03384744229247133,100,30,2000,2000,0.1,1.0,1.0,1.0272192020832076,1.0272192020832076,0
391,plugin+true,0.35722445018714644,0.16326723809174684,-0.02040255770752865,100,30,2000,2000,0.1,1.0,1.0,1.0272192020832076,1.0272192020832076,0
391,plugin+hat,0.1461187278110747,0.19088480336607344,0.07819744229247105,100,30,2000,2000,0.1,1.0,1.0,1.0272192020832076,1.0272192020832076,0
392,rejection+true,0.01,0.1341458674830695,0.08942631064241136,100,30,2000,2000,0.1,1.0,1.0,1.0413121962758287,1.0413121962758287,0
392,rejection+hat,0.01,0.1341458674830695,0.08927631064241137,100,30,2000,2000,0.1,1.0,1.0,1.0413121962758287,1.0413121962758287,0
392,plugin+true,1.3655075874659035,0.14859015971546974,0.044276310642411366,100,30,2000,2000,0.1,1.0,1.0,1.0413121962758287,1.0413121962758287,0
392,plugin+hat,0.09345192145605369,0.11202478329411894,0.0034263106424113786,100,30,2000,2000,0.1,1.0,1.0,1.0413121962758287,1.0413121962758287,0
393,rejection+true,2.135068261712694,0.30597548882166536,0.08093323043932825,100,30,2000,2000,0.1,1.0,1.0,0.9882131471219243,0.9882131471219243,1
393,rejection+hat,2.135068261712694,0.30597548882166536,0.07333323043932827,100,30,2000,2000,0.1,1.0,1.0,0.9882131471219243,0.9882131471219243,1
393,plugin+true,3.338331126107119,0.07150523109935766,0.08173323043932848,100,30,2000,2000,0.1,1.0,1.0,0.9882131471219243,0.9882131471219243,1
393,plugin+hat,19.952623149688797,0.08931748227318845,0.07323323043932858,100,30,2000,2000,0.1,1.0,1.0,0.9882131471219243,0.9882131471219243,1
394,rejection+true,5.219718220435647,0.4180481849471107,0.05873677458449408,100,30,2000,2000,0.1,1.0,1.0,0.96171464917824,0.96171464917824,1
394,rejection+hat,5.219718220435647,0.4507189113258695,0.06623677458449413,100,30,2000,2000,0.1,1.0,1.0,0.96171464917824,0.96171464917824,1
394,plugin+true,0.02444754724726473,0.3363322347759642,0.09523677458449421,100,30,2000,2000,0.1,1.0,1.0,0.96171464917824,0.96171464917824,1
394,plugin+hat,8.161400793251818,0.35956245965099,0.060636774584494096,100,30,2000,2000,0.1,1.0,1.0,0.96171464917824,0.96171464917824,1
395,rejection+true,8.161400793251818,0.22911339135219655,0.06131856587454507,100,30,2000,2000,0.1,1.0,1.0,0.8663354731980357,0.8663354731980357,1
395,rejection+hat,2.135068261712694,0.22304103778054318,0.058468565874545124,100,30,2000,2000,0.1,1.0,1.0,0.8663354731980357,0.8663354731980357,1
395,plugin+true,0.09345192145605369,0.09903784143174266,0.006668565874545151,100,30,2000,2000,0.1,1.0,1.0,0.8663354731980357,0.8663354731980357,1
395,plugin+hat,0.09345192145605369,0.08137519606243274,0.006668565874545151,100,30,2000,2000,0.1,1.0,1.0,0.8663354731980357,0.8663354731980357,1
396,rejection+true,0.8733261623828429,0.14478645289006337,0.0842597091611913,100,30,2000,2000,0.1,1.0,1.0,0.9676825182123816,0.9676825182123816,1
396,rejection+hat,19.952623149688797,0.1129329377319664,0.057759709161191296,100,30,2000,2000,0.1,1.0,1.0,0.9676825182123816,0.9676825182123816,1
396,plugin+true,0.05976825664072413,0.08352723994411966,0.004159709161191303,100,30,2000,2000,0.1,1.0,1.0,0.9676825182123816,0.9676825182123816,1
396,plugin+hat,0.015635711447601203,0.06094779739777987,0.004159709161191303,100,30,2000,2000,0.1,1.0,1.0,0.9676825182123816,0.9676825182123816,1
397,rejection+true,0.35722445018714644,0.14767511002719402,0.10696206807824034,100,30,2000,2000,0.1,1.0,1.0,1.0048305694047175,1.0048305694047175,0
397,rejection+hat,0.35722445018714644,0.14767511002719402,0.10891206807824026,100,30,2000,2000,0.1,1.0,1.0,1.0048305694047175,1.0048305694047175,0
397,plugin+true,0.03822547943598284,0.29669665882647334,0.10951206807824027,100,30,2000,2000,0.1,1.0,1.0,1.0048305694047175,1.0048305694047175,0
397,plugin+hat,0.558545842515421,0.32875052995727605,0.10946206807824024,100,30,2000,2000,0.1,1.0,1.0,1.0048305694047175,1.0048305694047175,0
398,rejection+true,0.01,0.3240807140789305,-0.00963395148797765,100,30,2000,2000,0.1,1.0,1.0,1.0331088762252592,1.0331088762252592,0
398,rejection+hat,0.01,0.3240807140789305,-0.00963395148797765,100,30,2000,2000,0.1,1.0,1.0,1.0331088762252592,1.0331088762252592,0
398,plugin+true,0.35722445018714644,0.2724411798549591,0.08876604851202237,100,30,2000,2000,0.1,1.0,1.0,1.0331088762252592,1.0331088762252592,0
398,plugin+hat,0.05976825664072413,0.3158943128891083,-0.00968395148797765,100,30,2000,2000,0.1,1.0,1.0,1.0331088762252592,1.0331088762252592,0
399,rejection+true,0.35722445018714644,0.23733569482962294,0.12571813587714573,100,30,2000,2000,0.1,1.0,1.0,1.132928676384788,1.132928676384788,0
399,rejection+hat,0.01,0.22238682806491847,0.12571813587714573,100,30,2000,2000,0.1,1.0,1.0,1.132928676384788,1.132928676384788,0
399,plugin+true,0.01,0.17448103972939127,0.12571813587714573,100,30,2000,2000,0.1,1.0,1.0,1.132928676384788,1.132928676384788,0
399,plugin+hat,0.8733261623828429,0.17852122871180892,0.11686813587714565,100,30,2000,2000,0.1,1.0,1.0,1.132928676384788,1.132928676384788,0
400,rejection+true,0.01,0.1421263678620259,0.11069421831296102,100,30,2000,2000,0.1,1.0,1.0,1.0727221080687246,1.0727221080687246,0
400,rejection+hat,12.760930781150906,0.14542489787563678,0.06344421831296099,100,30,2000,2000,0.1,1.0,1.0,1.0727221080687246,1.0727221080687246,0
400,plugin+true,0.22846702651445452,0.13773877424518913,0.11034421831296101,100,30,2000,2000,0.1,1.0,1.0,1.0727221080687246,1.0727221080687246,0
400,plugin+hat,5.219718220435647,0.0460381719407293,0.07399421831296096,100,30,2000,2000,0.1,1.0,1.0,1.0727221080687246,1.0727221080687246,0
401,rejection+true,8.161400793251818,0.14572702065731089,0.04890232894476345,100,30,2000,2000,0.1,1.0,1.0,0.9999399797631364,0.9999399797631364,1
401,rejection+hat,8.161400793251818,0.14572702065731089,0.05120232894476344,100,30,2000,2000,0.1,1.0,1.0,0.9999399797631364,0.9999399797631364,1
401,plugin+true,0.22846702651445452,0.21849903559148043,0.09540232894476348,100,30,2000,2000,0.1,1.0,1.0,0.9999399797631364,0.9999399797631364,1
401,plugin+hat,12.760930781150906,0.29989360394083675,0.04850232894476355,100,30,2000,2000,0.1,1.0,1.0,0.9999399797631364,0.9999399797631364,1
402,rejection+true,12.760930781150906,0.339302987853686,0.06363540330296043,100,30,2000,2000,0.1,1.0,1.0,1.0522960202695788,1.0522960202695788,0
402,rejection+hat,12.760930781150906,0.339302987853686,0.06293540330296045,100,30,2000,2000,0.1,1.0,1.0,1.0522960202695788,1.0522960202695788,0
402,plugin+true,0.09345192145605369,0.13997634027705044,0.10938540330296036,100,30,2000,2000,0.1,1.0,1.0,1.0522960202695788,1.0522960202695788,0
402,plugin+hat,2.135068261712694,0.14379374853006252,0.07783540330296047,100,30,2000,2000,0.1,1.0,1.0,1.0522960202695788,1.0522960202695788,0
403,rejection+true,3.338331126107119,0.35142619827141364,0.08717154977813302,100,30,2000,2000,0.1,1.0,1.0,1.0076904998269223,1.0076904998269223,0
403,rejection+hat,3.338331126107119,0.35142619827141364,0.08757154977813304,100,30,2000,2000,0.1,1.0,1.0,1.0076904998269223,1.0076904998269223,0
403,plugin+true,0.8733261623828429,0.1948082529581569,0.11507154977813287,100,30,2000,2000,0.1,1.0,1.0,1.0076904998269223,1.0076904998269223,0
403,plugin+hat,0.02444754724726473,0.20148380545390335,0.12387154977813288,100,30,2000,2000,0.1,1.0,1.0,1.0076904998269223,1.0076904998269223,0
404,rejection+true,0.01,0.2829649639936785,0.002699708781994163,100,30,2000,2000,0.1,1.0,1.0,1.0188767944769501,1.0188767944769501,0
404,rejection+hat,0.01,0.2829649639936785,0.002699708781994163,100,30,2000,2000,0.1,1.0,1.0,1.0188767944769501,1.0188767944769501,0
404,plugin+true,19.952623149688797,0.09053313671721924,0.054649708781994065,100,30,2000,2000,0.1,1.0,1.0,1.0188767944769501,1.0188767944769501,0
404,plugin+hat,0.1461187278110747,0.11970703459648153,0.004199708781994177,100,30,2000,2000,0.1,1.0,1.0,1.0188767944769501,1.0188767944769501,0
405,rejection+true,0.558545842515421,0.3107131754979492,0.05357841296123191,100,30,2000,2000,0.1,1.0,1.0,0.9247568053095137,0.9247568053095137,1
405,rejection+hat,0.8733261623828429,0.3917237389832735,0.012778412961231903,100,30,2000,2000,0.1,1.0,1.0,0.9247568053095137,0.9247568053095137,1
405,plugin+true,0.8733261623828429,0.07463339983549036,0.03392841296123196,100,30,2000,2000,0.1,1.0,1.0,0.9247568053095137,0.9247568053095137,1
405,plugin+hat,0.8733261623828429,0.059719869577573956,0.012778412961231903,100,30,2000,2000,0.1,1.0,1.0,0.9247568053095137,0.9247568053095137,1
406,rejection+true,3.338331126107119,0.14843319776312755,0.04597831930113289,100,30,2000,2000,0.1,1.0,1.0,0.9491939898597624,0.9491939898597624,1
406,rejection+hat,3.338331126107119,0.1333856346473719,0.04917831930113279,100,30,2000,2000,0.1,1.0,1.0,0.9491939898597624,0.9491939898597624,1
406,plugin+true,2.135068261712694,-0.0060795053435383495,0.06402831930113292,100,30,2000,2000,0.1,1.0,1.0,0.9491939898597624,0.9491939898597624,1
406,plugin+hat,0.09345192145605369,-0.04003520979457611,0.08737831930113284,100,30,2000,2000,0.1,1.0,1.0,0.9491939898597624,0.9491939898597624,1
407,rejection+true,0.22846702651445452,0.7050775917169327,0.09356317065111135,100,30,2000,2000,0.1,1.0,1.0,1.000469770133456,1.000469770133456,0
407,rejection+hat,0.22846702651445452,0.7050775917169327,0.09356317065111135,100,30,2000,2000,0.1,1.0,1.0,1.000469770133456,1.000469770133456,0
407,plugin+true,0.05976825664072413,0.4789668535780308,0.09356317065111135,100,30,2000,2000,0.1,1.0,1.0,1.000469770133456,1.000469770133456,0
407,plugin+hat,0.05976825664072413,0.49330504659416574,0.09356317065111135,100,30,2000,2000,0.1,1.0,1.0,1.000469770133456,1.000469770133456,0
408,rejection+true,0.01,0.45161578996727875,0.020164955547882134,100,30,2000,2000,0.1,1.0,1.0,1.0568005755383363,1.0568005755383363,0
408,rejection+hat,0.01,0.45161578996727875,0.020164955547882134,100,30,2000,2000,0.1,1.0,1.0,1.0568005755383363,1.0568005755383363,0
408,plugin+true,0.22846702651445452,0.11576357726863007,0.11911495554788218,100,30,2000,2000,0.1,1.0,1.0,1.0568005755383363,1.0568005755383363,0
408,plugin+hat,0.558545842515421,0.14592107691448505,0.08076495554788214,100,30,2000,2000,0.1,1.0,1.0,1.0568005755383363,1.0568005755383363,0
409,rejection+true,0.1461187278110747,0.1799558885395527,0.08160965382091591,100,30,2000,2000,0.1,1.0,1.0,1.0992280881156558,1.0992280881156558,0
409,rejection+hat,0.1461187278110747,0.1799558885395527,0.08160965382091591,100,30,2000,2000,0.1,1.0,1.0,1.0992280881156558,1.0992280881156558,0
409,plugin+true,0.22846702651445452,0.18789555111239803,0.08090965382091592,100,30,2000,2000,0.1,1.0,1.0,1.0992280881156558,1.0992280881156558,0
409,plugin+hat,0.09345192145605369,0.2648471494831576,0.08075965382091589,100,30,2000,2000,0.1,1.0,1.0,1.0992280881156558,1.0992280881156558,0
410,rejection+true,3.338331126107119,-0.1094310705550015,0.03280947968306328,100,30,2000,2000,0.1,1.0,1.0,0.9374330990414328,0.9374330990414328,1
410,rejection+hat,3.338331126107119,-0.10501561186586819,0.028359479683063266,100,30,2000,2000,0.1,1.0,1.0,0.9374330990414328,0.9374330990414328,1
410,plugin+true,0.35722445018714644,0.05884928751357856,0.0630094796830633,100,30,2000,2000,0.1,1.0,1.0,0.9374330990414328,0.9374330990414328,1
410,plugin+hat,0.1461187278110747,0.05799883877472417,0.06585947968306338,100,30,2000,2000,0.1,1.0,1.0,0.9374330990414328,0.9374330990414328,1
411,rejection+true,5.219718220435647,0.0646745078265667,0.04896117297006952,100,30,2000,2000,0.1,1.0,1.0,1.0535996659420177,1.0535996659420177,0
411,rejection+hat,5.219718220435647,0.0646745078265667,0.03951117297006948,100,30,2000,2000,0.1,1.0,1.0,1.0535996659420177,1.0535996659420177,0
411,plugin+true,2.135068261712694,0.024166442284616736,0.050561172970069464,100,30,2000,2000,0.1,1.0,1.0,1.0535996659420177,1.0535996659420177,0
411,plugin+hat,0.03822547943598284,0.0514700836420944,0.08456117297006943,100,30,2000,2000,0.1,1.0,1.0,1.0535996659420177,1.0535996659420177,0
412,rejection+true,1.3655075874659035,-0.0747717183083296,0.08039212848876431,100,30,2000,2000,0.1,1.0,1.0,0.9547345440962628,0.9547345440962628,1
412,rejection+hat,1.3655075874659035,-0.0747717183083296,0.09244212848876426,100,30,2000,2000,0.1,1.0,1.0,0.9547345440962628,0.9547345440962628,1
412,plugin+true,0.015635711447601203,0.08693976466838067,0.10679212848876424,100,30,2000,2000,0.1,1.0,1.0,0.9547345440962628,0.9547345440962628,1
412,plugin+hat,0.05976825664072413,0.11951995454673985,0.10679212848876424,100,30,2000,2000,0.1,1.0,1.0,0.9547345440962628,0.9547345440962628,1
413,rejection+true,0.01,0.07041828559401137,0.11080067414842171,100,30,2000,2000,0.1,1.0,1.0,0.9552234003341389,0.9552234003341389,1
413,rejection+hat,0.01,0.07041828559401137,0.11080067414842171,100,30,2000,2000,0.1,1.0,1.0,0.9552234003341389,0.9552234003341389,1
413,plugin+true,5.219718220435647,0.027186232072280353,0.061250674148421495,100,30,2000,2000,0.1,1.0,1.0,0.9552234003341389,0.9552234003341389,1
413,plugin+hat,0.1461187278110747,-0.009570309144031683,0.1107506741484217,100,30,2000,2000,0.1,1.0,1.0,0.9552234003341389,0.9552234003341389,1
414,rejection+true,3.338331126107119,0.275792057874302,0.07875949395941256,100,30,2000,2000,0.1,1.0,1.0,0.9451276534981927,0.9451276534981927,1
414,rejection+hat,3.338331126107119,0.2958151122555136,0.07460949395941248,100,30,2000,2000,0.1,1.0,1.0,0.9451276534981927,0.9451276534981927,1
414,plugin+true,0.01,0.14162192393932183,0.11270949395941234,100,30,2000,2000,0.1,1.0,1.0,0.9451276534981927,0.9451276534981927,1
414,plugin+hat,0.558545842515421,0.1103789193493125,0.11100949395941233,100,30,2000,2000,0.1,1.0,1.0,0.9451276534981927,0.9451276534981927,1
415,rejection+true,12.760930781150906,0.23851813351114592,0.039737620664465664,100,30,2000,2000,0.1,1.0,1.0,0.7925499186866759,0.7925499186866759,1
415,rejection+hat,12.760930781150906,0.23851813351114592,0.03998762066446571,100,30,2000,2000,0.1,1.0,1.0,0.7925499186866759,0.7925499186866759,1
415,plugin+true,0.015635711447601203,0.31408353372046055,0.08508762066446571,100,30,2000,2000,0.1,1.0,1.0,0.7925499186866759,0.7925499186866759,1
415,plugin+hat,0.03822547943598284,0.3088029215550066,0.08508762066446571,100,30,2000,2000,0.1,1.0,1.0,0.7925499186866759,0.7925499186866759,1
416,rejection+true,12.760930781150906,-0.09427128881216047,0.016977587458261577,100,30,2000,2000,0.1,1.0,1.0,1.1378008967965345,1.1378008967965345,0
416,rejection+hat,8.161400793251818,-0.09116099079449971,0.019127587458261576,100,30,2000,2000,0.1,1.0,1.0,1.1378008967965345,1.1378008967965345,0
416,plugin+true,0.35722445018714644,-0.1263888124245261,-0.037772412541738534,100,30,2000,2000,0.1,1.0,1.0,1.1378008967965345,1.1378008967965345,0
416,plugin+hat,0.22846702651445452,-0.14807620548183947,0.06172758745826154,100,30,2000,2000,0.1,1.0,1.0,1.1378008967965345,1.1378008967965345,0
417,rejection+true,2.135068261712694,0.3384950927148262,0.09472114512798402,100,30,2000,2000,0.1,1.0,1.0,1.1149529184463143,1.1149529184463143,0
417,rejection+hat,2.135068261712694,0.3161367274820804,0.07892114512798397,100,30,2000,2000,0.1,1.0,1.0,1.1149529184463143,1.1149529184463143,0
417,plugin+true,5.219718220435647,0.22097439963056814,0.0703211451279841,100,30,2000,2000,0.1,1.0,1.0,1.1149529184463143,1.1149529184463143,0
417,plugin+hat,0.03822547943598284,0.25264072149945,0.1131211451279839,100,30,2000,2000,0.1,1.0,1.0,1.1149529184463143,1.1149529184463143,0
418,rejection+true,0.35722445018714644,0.12797520346939567,0.06402970395811819,100,30,2000,2000,0.1,1.0,1.0,1.0894463525855982,1.0894463525855982,0
418,rejection+hat,0.35722445018714644,0.12797520346939567,0.05787970395811817,100,30,2000,2000,0.1,1.0,1.0,1.0894463525855982,1.0894463525855982,0
418,plugin+true,0.8733261623828429,0.05501696964603893,0.028529703958118227,100,30,2000,2000,0.1,1.0,1.0,1.0894463525855982,1.0894463525855982,0
418,plugin+hat,19.952623149688797,0.0871136703306866,0.01987970395811823,100,30,2000,2000,0.1,1.0,1.0,1.0894463525855982,1.0894463525855982,0
419,rejection+true,0.558545842515421,0.257204760486881,0.07488253318835923,100,30,2000,2000,0.1,1.0,1.0,1.0188533821845065,1.0188533821845065,0
419,rejection+hat,0.01,0.2558835025876761,0.07493253318835924,100,30,2000,2000,0.1,1.0,1.0,1.0188533821845065,1.0188533821845065,0
419,plugin+true,0.02444754724726473,0.09244217400482041,0.07493253318835924,100,30,2000,2000,0.1,1.0,1.0,1.0188533821845065,1.0188533821845065,0
419,plugin+hat,0.02444754724726473,0.15971586137093524,0.07493253318835924,100,30,2000,2000,0.1,1.0,1.0,1.0188533821845065,1.0188533821845065,0
420,rejection+true,0.8733261623828429,0.22392523059000577,0.07849074165739128,100,30,2000,2000,0.1,1.0,1.0,1.111013800267579,1.111013800267579,0
420,rejection+hat,0.558545842515421,0.22321190703660246,0.04929074165739105,100,30,2000,2000,0.1,1.0,1.0,1.111013800267579,1.111013800267579,0
420,plugin+true,12.760930781150906,0.2298154704228555,0.03304074165739115,100,30,2000,2000,0.1,1.0,1.0,1.111013800267579,1.111013800267579,0
420,plugin+hat,0.09345192145605369,0.2091952482237572,0.07929074165739124,100,30,2000,2000,0.1,1.0,1.0,1.111013800267579,1.111013800267579,0
421,rejection+true,0.01,-0.2828786842835446,-0.003062041130033862,100,30,2000,2000,0.1,1.0,1.0,1.0018023426014533,1.0018023426014533,0
421,rejection+hat,0.01,-0.2828786842835446,-0.003062041130033862,100,30,2000,2000,0.1,1.0,1.0,1.0018023426014533,1.0018023426014533,0
421,plugin+true,3.338331126107119,-0.07947932996599139,0.060937958869966086,100,30,2000,2000,0.1,1.0,1.0,1.0018023426014533,1.0018023426014533,0
421,plugin+hat,0.8733261623828429,-0.03903837501000633,0.05913795886996622,100,30,2000,2000,0.1,1.0,1.0,1.0018023426014533,1.0018023426014533,0
422,rejection+true,0.8733261623828429,0.17066488725443685,0.09001975043928853,100,30,2000,2000,0.1,1.0,1.0,1.100578944909912,1.100578944909912,0
422,rejection+hat,0.8733261623828429,0.18175905806322892,0.09271975043928854,100,30,2000,2000,0.1,1.0,1.0,1.100578944909912,1.100578944909912,0
422,plugin+true,2.135068261712694,0.2007864628411832,0.07391975043928845,100,30,2000,2000,0.1,1.0,1.0,1.100578944909912,1.100578944909912,0
422,plugin+hat,0.1461187278110747,0.1995895700772292,0.0032197504392885946,100,30,2000,2000,0.1,1.0,1.0,1.100578944909912,1.100578944909912,0
423,rejection+true,5.219718220435647,0.06921915523707867,0.08676372328085034,100,30,2000,2000,0.1,1.0,1.0,0.9709245933936432,0.9709245933936432,1
423,rejection+hat,5.219718220435647,0.06921915523707867,0.08916372328085037,100,30,2000,2000,0.1,1.0,1.0,0.9709245933936432,0.9709245933936432,1
423,plugin+true,1.3655075874659035,0.13029607390829395,0.09616372328085034,100,30,2000,2000,0.1,1.0,1.0,0.9709245933936432,0.9709245933936432,1
423,plugin+hat,0.35722445018714644,0.14118847716596186,0.13086372328085025,100,30,2000,2000,0.1,1.0,1.0,0.9709245933936432,0.9709245933936432,1
424,rejection+true,0.1461187278110747,0.06404015446702639,0.09476506608542937,100,30,2000,2000,0.1,1.0,1.0,0.8650154630022889,0.8650154630022889,1
424,rejection+hat,0.1461187278110747,0.06404015446702639,0.09476506608542937,100,30,2000,2000,0.1,1.0,1.0,0.8650154630022889,0.8650154630022889,1
424,plugin+true,0.35722445018714644,0.041112992812603055,0.09476506608542937,100,30,2000,2000,0.1,1.0,1.0,0.8650154630022889,0.8650154630022889,1
424,plugin+hat,1.3655075874659035,0.06799356513694274,0.06141506608542945,100,30,2000,2000,0.1,1.0,1.0,0.8650154630022889,0.8650154630022889,1
425,rejection+true,3.338331126107119,0.027817406505346292,0.06980767227951343,100,30,2000,2000,0.1,1.0,1.0,0.991876277164685,0.991876277164685,1
425,rejection+hat,3.338331126107119,0.027817406505346292,0.06955767227951344,100,30,2000,2000,0.1,1.0,1.0,0.991876277164685,0.991876277164685,1
425,plugin+true,0.35722445018714644,0.0908960313495103,0.09940767227951315,100,30,2000,2000,0.1,1.0,1.0,0.991876277164685,0.991876277164685,1
425,plugin+hat,0.01,0.09698004315314092,0.005107672279513313,100,30,2000,2000,0.1,1.0,1.0,0.991876277164685,0.991876277164685,1
426,rejection+true,19.952623149688797,-0.09486342168723545,0.04412084138129992,100,30,2000,2000,0.1,1.0,1.0,0.9075390052234692,0.9075390052234692,1
426,rejection+hat,8.161400793251818,-0.08341927425935866,0.05127084138130001,100,30,2000,2000,0.1,1.0,1.0,0.9075390052234692,0.9075390052234692,1
426,plugin+true,0.558545842515421,-0.10651036831866498,0.08942084138130026,100,30,2000,2000,0.1,1.0,1.0,0.9075390052234692,0.9075390052234692,1
426,plugin+hat,12.760930781150906,-0.14470085024351825,0.04717084138129997,100,30,2000,2000,0.1,1.0,1.0,0.9075390052234692,0.9075390052234692,1
427,rejection+true,0.558545842515421,0.190696715315183,-0.0025304871911534235,100,30,2000,2000,0.1,1.0,1.0,0.9790441764626203,0.9790441764626203,1
427,rejection+hat,0.558545842515421,0.190696715315183,0.08986951280884663,100,30,2000,2000,0.1,1.0,1.0,0.9790441764626203,0.9790441764626203,1
427,plugin+true,0.09345192145605369,0.2840948852853712,-0.005180487191153437,100,30,2000,2000,0.1,1.0,1.0,0.9790441764626203,0.9790441764626203,1
427,plugin+hat,0.05976825664072413,0.2976178642786396,-0.005180487191153437,100,30,2000,2000,0.1,1.0,1.0,0.9790441764626203,0.9790441764626203,1
428,rejection+true,0.01,0.08722104430198671,0.11903628203209894,100,30,2000,2000,0.1,1.0,1.0,0.9816202552648525,0.9816202552648525,1
428,rejection+hat,0.01,0.08722104430198671,0.11903628203209894,100,30,2000,2000,0.1,1.0,1.0,0.9816202552648525,0.9816202552648525,1
428,plugin+true,5.219718220435647,0.12233104792632021,0.08663628203209879,100,30,2000,2000,0.1,1.0,1.0,0.9816202552648525,0.9816202552648525,1
428,plugin+hat,1.3655075874659035,0.14569999442805598,0.10163628203209901,100,30,2000,2000,0.1,1.0,1.0,0.9816202552648525,0.9816202552648525,1
429,rejection+true,5.219718220435647,0.06914322183001786,0.029958384201640827,100,30,2000,2000,0.1,1.0,1.0,1.0359782317435504,1.0359782317435504,0
429,rejection+hat,19.952623149688797,-0.006233509065350517,0.028108384201640878,100,30,2000,2000,0.1,1.0,1.0,1.0359782317435504,1.0359782317435504,0
429,plugin+true,0.22846702651445452,-0.08270942634306201,0.07045838420164077,100,30,2000,2000,0.1,1.0,1.0,1.0359782317435504,1.0359782317435504,0
429,plugin+hat,0.05976825664072413,-0.07048379359487093,0.07205838420164071,100,30,2000,2000,0.1,1.0,1.0,1.0359782317435504,1.0359782317435504,0
430,rejection+true,12.760930781150906,0.44034887176627907,0.06394571485755458,100,30,2000,2000,0.1,1.0,1.0,1.158726075774659,1.158726075774659,0
430,rejection+hat,19.952623149688797,0.44257957634205625,0.06119571485755464,100,30,2000,2000,0.1,1.0,1.0,1.158726075774659,1.158726075774659,0
430,plugin+true,0.05976825664072413,0.3388524209884014,0.10879571485755463,100,30,2000,2000,0.1,1.0,1.0,1.158726075774659,1.158726075774659,0
430,plugin+hat,0.1461187278110747,0.24285795074408395,0.10879571485755463,100,30,2000,2000,0.1,1.0,1.0,1.158726075774659,1.158726075774659,0
431,rejection+true,5.219718220435647,0.20849006970723466,0.06140196356568538,100,30,2000,2000,0.1,1.0,1.0,0.9241667892623694,0.9241667892623694,1
431,rejection+hat,5.219718220435647,0.3247714877128602,0.06015196356568544,100,30,2000,2000,0.1,1.0,1.0,0.9241667892623694,0.9241667892623694,1
431,plugin+true,0.09345192145605369,0.014356982775630401,0.08320196356568538,100,30,2000,2000,0.1,1.0,1.0,0.9241667892623694,0.9241667892623694,1
431,plugin+hat,0.22846702651445452,0.01655649237066644,0.10315196356568551,100,30,2000,2000,0.1,1.0,1.0,0.9241667892623694,0.9241667892623694,1
432,rejection+true,0.05976825664072413,0.16573940512413776,-0.022715238535214174,100,30,2000,2000,0.1,1.0,1.0,0.9138939440612714,0.9138939440612714,1
432,rejection+hat,0.02444754724726473,0.1268609756914278,-0.022715238535214174,100,30,2000,2000,0.1,1.0,1.0,0.9138939440612714,0.9138939440612714,1
432,plugin+true,0.1461187278110747,0.06957340535501841,-0.022665238535214176,100,30,2000,2000,0.1,1.0,1.0,0.9138939440612714,0.9138939440612714,1
432,plugin+hat,0.09345192145605369,0.12545903856054924,-0.022715238535214174,100,30,2000,2000,0.1,1.0,1.0,0.9138939440612714,0.9138939440612714,1
433,rejection+true,0.35722445018714644,0.008545094728469847,0.10506910816310369,100,30,2000,2000,0.1,1.0,1.0,0.9144764405148283,0.9144764405148283,1
433,rejection+hat,0.35722445018714644,0.008545094728469847,0.10536910816310367,100,30,2000,2000,0.1,1.0,1.0,0.9144764405148283,0.9144764405148283,1
433,plugin+true,3.338331126107119,0.08998251093868959,0.058069108163103594,100,30,2000,2000,0.1,1.0,1.0,0.9144764405148283,0.9144764405148283,1
433,plugin+hat,0.1461187278110747,0.10293540304205699,0.006119108163103605,100,30,2000,2000,0.1,1.0,1.0,0.9144764405148283,0.9144764405148283,1
434,rejection+true,3.338331126107119,0.013384743531545003,0.06944548396261876,100,30,2000,2000,0.1,1.0,1.0,1.0100691845066265,1.0100691845066265,0
434,rejection+hat,3.338331126107119,0.013384743531545003,0.06834548396261876,100,30,2000,2000,0.1,1.0,1.0,1.0100691845066265,1.0100691845066265,0
434,plugin+true,0.01,0.05088373587792958,0.10929548396261886,100,30,2000,2000,0.1,1.0,1.0,1.0100691845066265,1.0100691845066265,0
434,plugin+hat,0.015635711447601203,0.09512824026451669,0.10929548396261886,100,30,2000,2000,0.1,1.0,1.0,1.0100691845066265,1.0100691845066265,0
435,rejection+true,0.8733261623828429,0.3502620240052542,0.1151114419007236,100,30,2000,2000,0.1,1.0,1.0,0.9491840740096202,0.9491840740096202,1
435,rejection+hat,0.8733261623828429,0.3502620240052542,0.11701144190072363,100,30,2000,2000,0.1,1.0,1.0,0.9491840740096202,0.9491840740096202,1
435,plugin+true,0.03822547943598284,0.2587428727257219,0.1283614419007236,100,30,2000,2000,0.1,1.0,1.0,0.9491840740096202,0.9491840740096202,1
435,plugin+hat,0.1461187278110747,0.26444091304946704,0.1283614419007236,100,30,2000,2000,0.1,1.0,1.0,0.9491840740096202,0.9491840740096202,1
436,rejection+true,3.338331126107119,0.1695384717235963,0.08666514749299517,100,30,2000,2000,0.1,1.0,1.0,0.9434550279664631,0.9434550279664631,1
436,rejection+hat,3.338331126107119,0.1695384717235963,0.07896514749299528,100,30,2000,2000,0.1,1.0,1.0,0.9434550279664631,0.9434550279664631,1
436,plugin+true,8.161400793251818,0.19709738052574197,0.07191514749299531,100,30,2000,2000,0.1,1.0,1.0,0.9434550279664631,0.9434550279664631,1
436,plugin+hat,0.35722445018714644,0.21210153490894523,0.11766514749299513,100,30,2000,2000,0.1,1.0,1.0,0.9434550279664631,0.9434550279664631,1
437,rejection+true,12.760930781150906,0.1255655013335248,0.05789954419324796,100,30,2000,2000,0.1,1.0,1.0,1.0462778034483886,1.0462778034483886,0
437,rejection+hat,3.338331126107119,0.14524819928531846,0.06799954419324784,100,30,2000,2000,0.1,1.0,1.0,1.0462778034483886,1.0462778034483886,0
437,plugin+true,8.161400793251818,0.11043323794494697,0.05989954419324805,100,30,2000,2000,0.1,1.0,1.0,1.0462778034483886,1.0462778034483886,0
437,plugin+hat,0.03822547943598284,0.13278768360506035,0.10579954419324794,100,30,2000,2000,0.1,1.0,1.0,1.0462778034483886,1.0462778034483886,0
438,rejection+true,5.219718220435647,0.44466838637987766,0.08454245659490059,100,30,2000,2000,0.1,1.0,1.0,0.9395807573016122,0.9395807573016122,1
438,rejection+hat,19.952623149688797,0.461822243531545,0.08104245659490064,100,30,2000,2000,0.1,1.0,1.0,0.9395807573016122,0.9395807573016122,1
438,plugin+true,0.558545842515421,0.3563191238067914,0.027042456594900746,100,30,2000,2000,0.1,1.0,1.0,0.9395807573016122,0.9395807573016122,1
438,plugin+hat,0.35722445018714644,0.34292498250473463,0.026642456594900724,100,30,2000,2000,0.1,1.0,1.0,0.9395807573016122,0.9395807573016122,1
439,rejection+true,0.01,0.4505102219991386,0.0739973141665152,100,30,2000,2000,0.1,1.0,1.0,0.9676486749265232,0.9676486749265232,1
439,rejection+hat,0.01,0.4505102219991386,0.0739973141665152,100,30,2000,2000,0.1,1.0,1.0,0.9676486749265232,0.9676486749265232,1
439,plugin+true,0.015635711447601203,0.2280200858930576,0.0739973141665152,100,30,2000,2000,0.1,1.0,1.0,0.9676486749265232,0.9676486749265232,1
439,plugin+hat,0.03822547943598284,0.20385657206826968,0.0739973141665152,100,30,2000,2000,0.1,1.0,1.0,0.9676486749265232,0.9676486749265232,1
440,rejection+true,0.558545842515421,0.3179359029978513,0.07242275373306967,100,30,2000,2000,0.1,1.0,1.0,0.9005148844454754,0.9005148844454754,1
440,rejection+hat,0.558545842515421,0.36683874192337196,0.05162275373306972,100,30,2000,2000,0.1,1.0,1.0,0.9005148844454754,0.9005148844454754,1
440,plugin+true,0.22846702651445452,0.49819850471611205,-0.024327246266930364,100,30,2000,2000,0.1,1.0,1.0,0.9005148844454754,0.9005148844454754,1
440,plugin+hat,0.01,0.4459446448412564,0.07337275373306959,100,30,2000,2000,0.1,1.0,1.0,0.9005148844454754,0.9005148844454754,1
441,rejection+true,0.8733261623828429,0.281579908138762,0.10863959172912017,100,30,2000,2000,0.1,1.0,1.0,1.097235860659501,1.097235860659501,0
441,rejection+hat,2.135068261712694,0.25184946143999704,0.08418959172912023,100,30,2000,2000,0.1,1.0,1.0,1.097235860659501,1.097235860659501,0
441,plugin+true,0.8733261623828429,0.11107160257659539,0.10863959172912017,100,30,2000,2000,0.1,1.0,1.0,1.097235860659501,1.097235860659501,0
441,plugin+hat,5.219718220435647,0.10724992533276037,0.08103959172912023,100,30,2000,2000,0.1,1.0,1.0,1.097235860659501,1.097235860659501,0
442,rejection+true,8.161400793251818,-0.027288654819130898,0.0570311429917668,100,30,2000,2000,0.1,1.0,1.0,1.0296472648202175,1.0296472648202175,0
442,rejection+hat,8.161400793251818,-0.027288654819130898,0.06073114299176685,100,30,2000,2000,0.1,1.0,1.0,1.0296472648202175,1.0296472648202175,0
442,plugin+true,0.015635711447601203,-0.12263813823951712,0.002081142991766765,100,30,2000,2000,0.1,1.0,1.0,1.0296472648202175,1.0296472648202175,0
442,plugin+hat,0.09345192145605369,-0.11460993809069878,0.002081142991766765,100,30,2000,2000,0.1,1.0,1.0,1.0296472648202175,1.0296472648202175,0
443,rejection+true,0.01,0.22247773607571916,0.060366402589718114,100,30,2000,2000,0.1,1.0,1.0,1.0789068817298622,1.0789068817298622,0
443,rejection+hat,0.01,0.22247773607571916,0.060366402589718114,100,30,2000,2000,0.1,1.0,1.0,1.0789068817298622,1.0789068817298622,0
443,plugin+true,0.03822547943598284,0.22944816799233636,0.060366402589718114,100,30,2000,2000,0.1,1.0,1.0,1.0789068817298622,1.0789068817298622,0
443,plugin+hat,0.03822547943598284,0.17489334897197564,0.060366402589718114,100,30,2000,2000,0.1,1.0,1.0,1.0789068817298622,1.0789068817298622,0
444,rejection+true,0.558545842515421,0.15324114238222436,0.08533575445263555,100,30,2000,2000,0.1,1.0,1.0,1.1046806479281608,1.1046806479281608,0
444,rejection+hat,0.35722445018714644,0.12187362052500246,0.08578575445263555,100,30,2000,2000,0.1,1.0,1.0,1.1046806479281608,1.1046806479281608,0
444,plugin+true,0.09345192145605369,0.14352017845182868,0.08583575445263555,100,30,2000,2000,0.1,1.0,1.0,1.1046806479281608,1.1046806479281608,0
444,plugin+hat,0.05976825664072413,0.19721030439120943,0.08583575445263555,100,30,2000,2000,0.1,1.0,1.0,1.1046806479281608,1.1046806479281608,0
445,rejection+true,12.760930781150906,-0.03969243651566405,0.08589058836253143,100,30,2000,2000,0.1,1.0,1.0,1.037065491334211,1.037065491334211,0
445,rejection+hat,12.760930781150906,-0.03969243651566405,0.08664058836253138,100,30,2000,2000,0.1,1.0,1.0,1.037065491334211,1.037065491334211,0
445,plugin+true,2.135068261712694,-0.03301790885455712,0.10249058836253123,100,30,2000,2000,0.1,1.0,1.0,1.037065491334211,1.037065491334211,0
445,plugin+hat,3.338331126107119,-0.017463391914728572,0.09579058836253142,100,30,2000,2000,0.1,1.0,1.0,1.037065491334211,1.037065491334211,0
446,rejection+true,0.01,0.4169712210694948,0.014635469384672332,100,30,2000,2000,0.1,1.0,1.0,1.1642269894194792,1.1642269894194792,0
446,rejection+hat,0.01,0.4169712210694948,0.014635469384672332,100,30,2000,2000,0.1,1.0,1.0,1.1642269894194792,1.1642269894194792,0
446,plugin+true,0.05976825664072413,0.3064553110083726,0.014635469384672332,100,30,2000,2000,0.1,1.0,1.0,1.1642269894194792,1.1642269894194792,0
446,plugin+hat,0.8733261623828429,0.29036819436514694,0.07788546938467239,100,30,2000,2000,0.1,1.0,1.0,1.1642269894194792,1.1642269894194792,0
447,rejection+true,3.338331126107119,0.08358076984683672,0.04818969387203792,100,30,2000,2000,0.1,1.0,1.0,0.8929505745405515,0.8929505745405515,1
447,rejection+hat,3.338331126107119,0.07288058971365291,0.04343969387203785,100,30,2000,2000,0.1,1.0,1.0,0.8929505745405515,0.8929505745405515,1
447,plugin+true,3.338331126107119,0.14034453179880466,0.04818969387203792,100,30,2000,2000,0.1,1.0,1.0,0.8929505745405515,0.8929505745405515,1
447,plugin+hat,8.161400793251818,0.18719632562509608,0.031389693872037695,100,30,2000,2000,0.1,1.0,1.0,0.8929505745405515,0.8929505745405515,1
448,rejection+true,12.760930781150906,0.26863902273277435,0.06587816760754948,100,30,2000,2000,0.1,1.0,1.0,0.8935342764770987,0.8935342764770987,1
448,rejection+hat,12.760930781150906,0.26863902273277435,0.06437816760754951,100,30,2000,2000,0.1,1.0,1.0,0.8935342764770987,0.8935342764770987,1
448,plugin+true,0.1461187278110747,0.07874436573649354,0.11252816760754943,100,30,2000,2000,0.1,1.0,1.0,0.8935342764770987,0.8935342764770987,1
448,plugin+hat,0.015635711447601203,0.06599499839106235,0.11252816760754943,100,30,2000,2000,0.1,1.0,1.0,0.8935342764770987,0.8935342764770987,1
449,rejection+true,8.161400793251818,0.3751683104007195,0.08299216405381606,100,30,2000,2000,0.1,1.0,1.0,1.11685370028965,1.11685370028965,0
449,rejection+hat,5.219718220435647,0.27589131275502343,0.08959216405381588,100,30,2000,2000,0.1,1.0,1.0,1.11685370028965,1.11685370028965,0
449,plugin+true,8.161400793251818,0.1819570382374806,0.08299216405381606,100,30,2000,2000,0.1,1.0,1.0,1.11685370028965,1.11685370028965,0
449,plugin+hat,0.05976825664072413,0.2002528018935676,0.027942164053815857,100,30,2000,2000,0.1,1.0,1.0,1.11685370028965,1.11685370028965,0
450,rejection+true,8.161400793251818,0.014160034510617458,0.03947372614127341,100,30,2000,2000,0.1,1.0,1.0,0.9899782277808572,0.9899782277808572,1
450,rejection+hat,8.161400793251818,0.014160034510617458,0.037073726141273466,100,30,2000,2000,0.1,1.0,1.0,0.9899782277808572,0.9899782277808572,1
450,plugin+true,0.05976825664072413,-0.037649951695913314,0.08137372614127354,100,30,2000,2000,0.1,1.0,1.0,0.9899782277808572,0.9899782277808572,1
450,plugin+hat,0.8733261623828429,-0.03627317336869987,0.06247372614127336,100,30,2000,2000,0.1,1.0,1.0,0.9899782277808572,0.9899782277808572,1
451,rejection+true,5.219718220435647,0.2573154373715321,0.06132211159913362,100,30,2000,2000,0.1,1.0,1.0,0.9158271679617735,0.9158271679617735,1
451,rejection+hat,2.135068261712694,0.2589833680540323,0.06507211159913365,100,30,2000,2000,0.1,1.0,1.0,0.9158271679617735,0.9158271679617735,1
451,plugin+true,0.015635711447601203,0.3125473316976707,0.09792211159913376,100,30,2000,2000,0.1,1.0,1.0,0.9158271679617735,0.9158271679617735,1
451,plugin+hat,0.22846702651445452,0.3376007938536062,0.09792211159913376,100,30,2000,2000,0.1,1.0,1.0,0.9158271679617735,0.9158271679617735,1
452,rejection+true,3.338331126107119,0.013720240816473961,0.06482945747894145,100,30,2000,2000,0.1,1.0,1.0,0.8792307109611879,0.8792307109611879,1
452,rejection+hat,2.135068261712694,0.023208074892560646,0.0936294574789415,100,30,2000,2000,0.1,1.0,1.0,0.8792307109611879,0.8792307109611879,1
452,plugin+true,0.8733261623828429,0.05487375130409182,0.09622945747894159,100,30,2000,2000,0.1,1.0,1.0,0.8792307109611879,0.8792307109611879,1
452,plugin+hat,5.219718220435647,0.031240964875418765,0.08102945747894148,100,30,2000,2000,0.1,1.0,1.0,0.8792307109611879,0.8792307109611879,1
453,rejection+true,5.219718220435647,0.1962332356721163,0.03201079541761197,100,30,2000,2000,0.1,1.0,1.0,1.0548606721021354,1.0548606721021354,0
453,rejection+hat,8.161400793251818,0.17739667731026812,0.018260795417612025,100,30,2000,2000,0.1,1.0,1.0,1.0548606721021354,1.0548606721021354,0
453,plugin+true,1.3655075874659035,0.158592095137334,0.03566079541761194,100,30,2000,2000,0.1,1.0,1.0,1.0548606721021354,1.0548606721021354,0
453,plugin+hat,0.05976825664072413,0.2344016046773834,-0.032789204582388064,100,30,2000,2000,0.1,1.0,1.0,1.0548606721021354,1.0548606721021354,0
454,rejection+true,19.952623149688797,0.2074823599308729,0.05410562509851144,100,30,2000,2000,0.1,1.0,1.0,0.9663809471776378,0.9663809471776378,1
454,rejection+hat,19.952623149688797,0.2074823599308729,0.053555625098511535,100,30,2000,2000,0.1,1.0,1.0,0.9663809471776378,0.9663809471776378,1
454,plugin+true,0.1461187278110747,0.16558580775817883,0.06585562509851146,100,30,2000,2000,0.1,1.0,1.0,0.9663809471776378,0.9663809471776378,1
454,plugin+hat,0.8733261623828429,0.19272184522016508,0.0882056250985116,100,30,2000,2000,0.1,1.0,1.0,0.9663809471776378,0.9663809471776378,1
455,rejection+true,12.760930781150906,0.37289639065663027,0.039998861189481136,100,30,2000,2000,0.1,1.0,1.0,0.8817134443372346,0.8817134443372346,1
455,rejection+hat,12.760930781150906,0.37289639065663027,0.044098861189481094,100,30,2000,2000,0.1,1.0,1.0,0.8817134443372346,0.8817134443372346,1
455,plugin+true,0.02444754724726473,0.10733272583344318,0.08834886118948108,100,30,2000,2000,0.1,1.0,1.0,0.8817134443372346,0.8817134443372346,1
455,plugin+hat,0.22846702651445452,0.10533880912973029,0.08809886118948111,100,30,2000,2000,0.1,1.0,1.0,0.8817134443372346,0.8817134443372346,1
456,rejection+true,5.219718220435647,0.31085827512045694,0.03436624450777587,100,30,2000,2000,0.1,1.0,1.0,0.9887807827295867,0.9887807827295867,1
456,rejection+hat,5.219718220435647,0.31085827512045694,0.03331624450777587,100,30,2000,2000,0.1,1.0,1.0,0.9887807827295867,0.9887807827295867,1
456,plugin+true,0.015635711447601203,-0.05660340527750833,0.08486624450777576,100,30,2000,2000,0.1,1.0,1.0,0.9887807827295867,0.9887807827295867,1
456,plugin+hat,0.22846702651445452,-0.05996098249785105,0.08481624450777576,100,30,2000,2000,0.1,1.0,1.0,0.9887807827295867,0.9887807827295867,1
457,rejection+true,0.01,0.2771320097148419,-0.0002031586423536021,100,30,2000,2000,0.1,1.0,1.0,0.9740502566958311,0.9740502566958311,1
457,rejection+hat,0.01,0.2771320097148419,-0.0002031586423536021,100,30,2000,2000,0.1,1.0,1.0,0.9740502566958311,0.9740502566958311,1
457,plugin+true,0.8733261623828429,0.31403782731182367,0.0900968413576464,100,30,2000,2000,0.1,1.0,1.0,0.9740502566958311,0.9740502566958311,1
457,plugin+hat,0.8733261623828429,0.3465460425760394,0.09129684135764637,100,30,2000,2000,0.1,1.0,1.0,0.9740502566958311,0.9740502566958311,1
458,rejection+true,2.135068261712694,0.11199261515090864,0.04752747192392568,100,30,2000,2000,0.1,1.0,1.0,1.0524107442718045,1.0524107442718045,0
458,rejection+hat,19.952623149688797,0.0667281923815608,0.043377471923925784,100,30,2000,2000,0.1,1.0,1.0,1.0524107442718045,1.0524107442718045,0
458,plugin+true,0.558545842515421,-0.01379790599333736,0.0919274719239258,100,30,2000,2000,0.1,1.0,1.0,1.0524107442718045,1.0524107442718045,0
458,plugin+hat,8.161400793251818,-0.018263872897110442,0.043727471923925815,100,30,2000,2000,0.1,1.0,1.0,1.0524107442718045,1.0524107442718045,0
459,rejection+true,0.22846702651445452,0.1594004397590955,0.12018018940985423,100,30,2000,2000,0.1,1.0,1.0,1.1320078795994102,1.1320078795994102,0
459,rejection+hat,0.22846702651445452,0.1594004397590955,0.1208301894098542,100,30,2000,2000,0.1,1.0,1.0,1.1320078795994102,1.1320078795994102,0
459,plugin+true,0.1461187278110747,0.199052645540584,0.1208301894098542,100,30,2000,2000,0.1,1.0,1.0,1.1320078795994102,1.1320078795994102,0
459,plugin+hat,0.22846702651445452,0.1657844978707974,0.1208301894098542,100,30,2000,2000,0.1,1.0,1.0,1.1320078795994102,1.1320078795994102,0
460,rejection+true,2.135068261712694,0.20429646655296282,0.09565699664687342,100,30,2000,2000,0.1,1.0,1.0,1.0495081414540917,1.0495081414540917,0
460,rejection+hat,2.135068261712694,0.37521222516273467,0.08715699664687328,100,30,2000,2000,0.1,1.0,1.0,1.0495081414540917,1.0495081414540917,0
460,plugin+true,12.760930781150906,0.21051132869633565,0.07625699664687328,100,30,2000,2000,0.1,1.0,1.0,1.0495081414540917,1.0495081414540917,0
460,plugin+hat,0.22846702651445452,0.17095464348756984,0.1192069966468734,100,30,2000,2000,0.1,1.0,1.0,1.0495081414540917,1.0495081414540917,0
461,rejection+true,0.8733261623828429,0.3285662109653156,0.05196929141341684,100,30,2000,2000,0.1,1.0,1.0,0.8763893336726688,0.8763893336726688,1
461,rejection+hat,3.338331126107119,0.3548635058104992,0.06271929141341677,100,30,2000,2000,0.1,1.0,1.0,0.8763893336726688,0.8763893336726688,1
461,plugin+true,0.22846702651445452,0.17231658613023865,0.07856929141341693,100,30,2000,2000,0.1,1.0,1.0,0.8763893336726688,0.8763893336726688,1
461,plugin+hat,0.35722445018714644,0.18199672693736468,0.07546929141341692,100,30,2000,2000,0.1,1.0,1.0,0.8763893336726688,0.8763893336726688,1
462,rejection+true,0.01,0.1320120285575589,0.10560897929890303,100,30,2000,2000,0.1,1.0,1.0,0.9679891763826907,0.9679891763826907,1
462,rejection+hat,2.135068261712694,0.15513032755504055,0.0549089792989027,100,30,2000,2000,0.1,1.0,1.0,0.9679891763826907,0.9679891763826907,1
462,plugin+true,0.09345192145605369,0.2886419551887506,0.10560897929890303,100,30,2000,2000,0.1,1.0,1.0,0.9679891763826907,0.9679891763826907,1
462,plugin+hat,0.09345192145605369,0.239919681496399,0.10560897929890303,100,30,2000,2000,0.1,1.0,1.0,0.9679891763826907,0.9679891763826907,1
463,rejection+true,3.338331126107119,0.3873823111255963,0.0709436104848965,100,30,2000,2000,0.1,1.0,1.0,0.9828033112726442,0.9828033112726442,1
463,rejection+hat,3.338331126107119,0.4107491359114646,0.06959361048489647,100,30,2000,2000,0.1,1.0,1.0,0.9828033112726442,0.9828033112726442,1
463,plugin+true,0.22846702651445452,0.26299476971574626,0.05594361048489631,100,30,2000,2000,0.1,1.0,1.0,0.9828033112726442,0.9828033112726442,1
463,plugin+hat,0.02444754724726473,0.2918613590765939,0.008693610484896261,100,30,2000,2000,0.1,1.0,1.0,0.9828033112726442,0.9828033112726442,1
464,rejection+true,0.01,0.27582069950488713,0.05705066186997154,100,30,2000,2000,0.1,1.0,1.0,1.073937552183107,1.073937552183107,0
464,rejection+hat,1.3655075874659035,0.2897591113578528,0.027600661869971583,100,30,2000,2000,0.1,1.0,1.0,1.073937552183107,1.073937552183107,0
464,plugin+true,19.952623149688797,0.2173283360774362,0.008200661869971605,100,30,2000,2000,0.1,1.0,1.0,1.073937552183107,1.073937552183107,0
464,plugin+hat,8.161400793251818,0.23699249835754124,0.014750661869971598,100,30,2000,2000,0.1,1.0,1.0,1.073937552183107,1.073937552183107,0
465,rejection+true,3.338331126107119,0.06952128559350967,0.021834650310554076,100,30,2000,2000,0.1,1.0,1.0,1.1195615872481233,1.1195615872481233,0
465,rejection+hat,3.338331126107119,0.06952128559350967,0.027484650310554103,100,30,2000,2000,0.1,1.0,1.0,1.1195615872481233,1.1195615872481233,0
465,plugin+true,12.760930781150906,0.054546667666736014,0.02443465031055407,100,30,2000,2000,0.1,1.0,1.0,1.1195615872481233,1.1195615872481233,0
465,plugin+hat,0.558545842515421,0.026438063939605672,0.05403465031055414,100,30,2000,2000,0.1,1.0,1.0,1.1195615872481233,1.1195615872481233,0
466,rejection+true,5.219718220435647,0.28408354471127184,0.030901745755053698,100,30,2000,2000,0.1,1.0,1.0,0.9451039452363367,0.9451039452363367,1
466,rejection+hat,1.3655075874659035,0.29920237710078557,0.053051745755053684,100,30,2000,2000,0.1,1.0,1.0,0.9451039452363367,0.9451039452363367,1
466,plugin+true,0.015635711447601203,0.3233241792362478,0.07255174575505388,100,30,2000,2000,0.1,1.0,1.0,0.9451039452363367,0.9451039452363367,1
466,plugin+hat,0.558545842515421,0.2512345479747948,0.03185174575505375,100,30,2000,2000,0.1,1.0,1.0,0.9451039452363367,0.9451039452363367,1
467,rejection+true,0.01,0.028224488968650496,-0.00886019519675936,100,30,2000,2000,0.1,1.0,1.0,0.944374027716665,0.944374027716665,1
467,rejection+hat,0.01,0.028224488968650496,-0.00886019519675936,100,30,2000,2000,0.1,1.0,1.0,0.944374027716665,0.944374027716665,1
467,plugin+true,0.558545842515421,-0.13719001926363403,0.08873980480324077,100,30,2000,2000,0.1,1.0,1.0,0.944374027716665,0.944374027716665,1
467,plugin+hat,12.760930781150906,-0.14904587749947917,0.04538980480324055,100,30,2000,2000,0.1,1.0,1.0,0.944374027716665,0.944374027716665,1
468,rejection+true,3.338331126107119,0.05871529181798298,0.05258281286571425,100,30,2000,2000,0.1,1.0,1.0,0.9373649280248578,0.9373649280248578,1
468,rejection+hat,3.338331126107119,0.05871529181798298,0.05108281286571426,100,30,2000,2000,0.1,1.0,1.0,0.9373649280248578,0.9373649280248578,1
468,plugin+true,0.1461187278110747,0.09853505158558623,-0.004217187134285706,100,30,2000,2000,0.1,1.0,1.0,0.9373649280248578,0.9373649280248578,1
468,plugin+hat,0.22846702651445452,0.1120422825428716,0.08603281286571435,100,30,2000,2000,0.1,1.0,1.0,0.9373649280248578,0.9373649280248578,1
469,rejection+true,1.3655075874659035,0.029989152650038403,0.09533627687886889,100,30,2000,2000,0.1,1.0,1.0,0.9916113638952041,0.9916113638952041,1
469,rejection+hat,1.3655075874659035,0.029989152650038403,0.0929362768788689,100,30,2000,2000,0.1,1.0,1.0,0.9916113638952041,0.9916113638952041,1
469,plugin+true,0.558545842515421,0.07504858187261046,0.10158627687886886,100,30,2000,2000,0.1,1.0,1.0,0.9916113638952041,0.9916113638952041,1
469,plugin+hat,2.135068261712694,0.11275585426827647,0.07388627687886892,100,30,2000,2000,0.1,1.0,1.0,0.9916113638952041,0.9916113638952041,1
470,rejection+true,1.3655075874659035,0.08354237924019497,0.03947423270371576,100,30,2000,2000,0.1,1.0,1.0,1.0220385230921591,1.0220385230921591,0
470,rejection+hat,0.01,0.06420978804429374,0.08032423270371579,100,30,2000,2000,0.1,1.0,1.0,1.0220385230921591,1.0220385230921591,0
470,plugin+true,0.22846702651445452,0.2612501770090093,0.08027423270371581,100,30,2000,2000,0.1,1.0,1.0,1.0220385230921591,1.0220385230921591,0
470,plugin+hat,0.05976825664072413,0.234491198246714,0.08032423270371579,100,30,2000,2000,0.1,1.0,1.0,1.0220385230921591,1.0220385230921591,0
471,rejection+true,1.3655075874659035,0.1538734150429567,0.03246420479751433,100,30,2000,2000,0.1,1.0,1.0,1.064757031704932,1.064757031704932,0
471,rejection+hat,5.219718220435647,0.11121590559681258,0.021214204797514336,100,30,2000,2000,0.1,1.0,1.0,1.064757031704932,1.064757031704932,0
471,plugin+true,0.03822547943598284,0.2972275525847623,0.06161420479751425,100,30,2000,2000,0.1,1.0,1.0,1.064757031704932,1.064757031704932,0
471,plugin+hat,0.03822547943598284,0.32080575853803106,0.06161420479751425,100,30,2000,2000,0.1,1.0,1.0,1.064757031704932,1.064757031704932,0
472,rejection+true,1.3655075874659035,0.2523375262816748,0.05201611720375324,100,30,2000,2000,0.1,1.0,1.0,0.9190906622638062,0.9190906622638062,1
472,rejection+hat,3.338331126107119,0.2811212174594403,0.04146611720375316,100,30,2000,2000,0.1,1.0,1.0,0.9190906622638062,0.9190906622638062,1
472,plugin+true,0.03822547943598284,0.2639960509046689,-0.017833882796246765,100,30,2000,2000,0.1,1.0,1.0,0.9190906622638062,0.9190906622638062,1
472,plugin+hat,0.8733261623828429,0.29169936351932035,0.06836611720375328,100,30,2000,2000,0.1,1.0,1.0,0.9190906622638062,0.9190906622638062,1
473,rejection+true,19.952623149688797,0.0783855977623413,0.05600624106358534,100,30,2000,2000,0.1,1.0,1.0,0.9119842902257523,0.9119842902257523,1
473,rejection+hat,19.952623149688797,0.0783855977623413,0.05500624106358525,100,30,2000,2000,0.1,1.0,1.0,0.9119842902257523,0.9119842902257523,1
473,plugin+true,5.219718220435647,0.1728496402509422,0.058406241063585246,100,30,2000,2000,0.1,1.0,1.0,0.9119842902257523,0.9119842902257523,1
473,plugin+hat,3.338331126107119,0.13175778716618136,0.06975624106358545,100,30,2000,2000,0.1,1.0,1.0,0.9119842902257523,0.9119842902257523,1
474,rejection+true,0.01,0.09092484861612318,0.10392766173208523,100,30,2000,2000,0.1,1.0,1.0,1.0013468364012885,1.0013468364012885,0
474,rejection+hat,0.01,0.09092484861612318,0.10392766173208523,100,30,2000,2000,0.1,1.0,1.0,1.0013468364012885,1.0013468364012885,0
474,plugin+true,0.22846702651445452,0.12829747649632817,0.10277766173208522,100,30,2000,2000,0.1,1.0,1.0,1.0013468364012885,1.0013468364012885,0
474,plugin+hat,0.03822547943598284,0.1292562846219995,0.10392766173208523,100,30,2000,2000,0.1,1.0,1.0,1.0013468364012885,1.0013468364012885,0
475,rejection+true,0.01,0.23193684096137684,0.11740145774068336,100,30,2000,2000,0.1,1.0,1.0,0.9733005245784923,0.9733005245784923,1
475,rejection+hat,0.01,0.23193684096137684,0.11740145774068336,100,30,2000,2000,0.1,1.0,1.0,0.9733005245784923,0.9733005245784923,1
475,plugin+true,0.22846702651445452,0.180723014471551,0.11690145774068338,100,30,2000,2000,0.1,1.0,1.0,0.9733005245784923,0.9733005245784923,1
475,plugin+hat,5.219718220435647,0.14987327132289466,0.07320145774068323,100,30,2000,2000,0.1,1.0,1.0,0.9733005245784923,0.9733005245784923,1
476,rejection+true,3.338331126107119,0.3600877032304803,0.07728947610340609,100,30,2000,2000,0.1,1.0,1.0,0.9409757529444329,0.9409757529444329,1
476,rejection+hat,3.338331126107119,0.39856591479231906,0.07478947610340599,100,30,2000,2000,0.1,1.0,1.0,0.9409757529444329,0.9409757529444329,1
476,plugin+true,0.1461187278110747,0.247465108305696,0.11928947610340614,100,30,2000,2000,0.1,1.0,1.0,0.9409757529444329,0.9409757529444329,1
476,plugin+hat,0.09345192145605369,0.23123520920882107,0.1202894761034061,100,30,2000,2000,0.1,1.0,1.0,0.9409757529444329,0.9409757529444329,1
477,rejection+true,0.1461187278110747,0.19647129401564595,0.017598892300516044,100,30,2000,2000,0.1,1.0,1.0,0.9568113029761979,0.9568113029761979,1
477,rejection+hat,2.135068261712694,0.19566308123370008,0.10124889230051615,100,30,2000,2000,0.1,1.0,1.0,0.9568113029761979,0.9568113029761979,1
477,plugin+true,0.02444754724726473,0.17379379341535842,0.017598892300516044,100,30,2000,2000,0.1,1.0,1.0,0.9568113029761979,0.9568113029761979,1
477,plugin+hat,3.338331126107119,0.24322366908941975,0.07104889230051603,100,30,2000,2000,0.1,1.0,1.0,0.9568113029761979,0.9568113029761979,1
478,rejection+true,3.338331126107119,0.09154031115273636,0.058322903310131846,100,30,2000,2000,0.1,1.0,1.0,0.929557940112008,0.929557940112008,1
478,rejection+hat,3.338331126107119,0.09154031115273636,0.0549729033101319,100,30,2000,2000,0.1,1.0,1.0,0.929557940112008,0.929557940112008,1
478,plugin+true,0.03822547943598284,0.1286256934025528,0.09557290331013181,100,30,2000,2000,0.1,1.0,1.0,0.929557940112008,0.929557940112008,1
478,plugin+hat,0.03822547943598284,0.09248994602347974,0.09557290331013181,100,30,2000,2000,0.1,1.0,1.0,0.929557940112008,0.929557940112008,1
479,rejection+true,2.135068261712694,0.13324158877755204,0.06495046195187046,100,30,2000,2000,0.1,1.0,1.0,1.0732125467661855,1.0732125467661855,0
479,rejection+hat,0.01,0.07947651743888853,-0.00719953804812959,100,30,2000,2000,0.1,1.0,1.0,1.0732125467661855,1.0732125467661855,0
479,plugin+true,0.03822547943598284,0.10578428212262299,-0.00719953804812959,100,30,2000,2000,0.1,1.0,1.0,1.0732125467661855,1.0732125467661855,0
479,plugin+hat,1.3655075874659035,0.10782568841014703,0.06675046195187048,100,30,2000,2000,0.1,1.0,1.0,1.0732125467661855,1.0732125467661855,0
480,rejection+true,0.558545842515421,0.2098861361853778,0.060334872024003415,100,30,2000,2000,0.1,1.0,1.0,0.961778922581693,0.961778922581693,1
480,rejection+hat,0.22846702651445452,0.20785595827425524,-0.029665127975996526,100,30,2000,2000,0.1,1.0,1.0,0.961778922581693,0.961778922581693,1
480,plugin+true,0.015635711447601203,0.07892015559900897,-0.029665127975996526,100,30,2000,2000,0.1,1.0,1.0,0.961778922581693,0.961778922581693,1
480,plugin+hat,0.05976825664072413,0.11850697744291405,-0.029665127975996526,100,30,2000,2000,0.1,1.0,1.0,0.961778922581693,0.961778922581693,1
481,rejection+true,1.3655075874659035,0.08154391273856161,0.06614904593419284,100,30,2000,2000,0.1,1.0,1.0,0.975337655093387,0.975337655093387,1
481,rejection+hat,3.338331126107119,0.1298327582577864,0.048099045934192904,100,30,2000,2000,0.1,1.0,1.0,0.975337655093387,0.975337655093387,1
481,plugin+true,2.135068261712694,0.11502739485487372,0.04829904593419293,100,30,2000,2000,0.1,1.0,1.0,0.975337655093387,0.975337655093387,1
481,plugin+hat,0.35722445018714644,0.13195014593679777,0.08424904593419281,100,30,2000,2000,0.1,1.0,1.0,0.975337655093387,0.975337655093387,1
482,rejection+true,8.161400793251818,0.18889166219159964,0.03980712312086207,100,30,2000,2000,0.1,1.0,1.0,0.9629964573970565,0.9629964573970565,1
482,rejection+hat,8.161400793251818,0.18889166219159964,0.04070712312086189,100,30,2000,2000,0.1,1.0,1.0,0.9629964573970565,0.9629964573970565,1
482,plugin+true,0.03822547943598284,0.1090145815091386,0.08505712312086214,100,30,2000,2000,0.1,1.0,1.0,0.9629964573970565,0.9629964573970565,1
482,plugin+hat,0.02444754724726473,0.06836435676339721,0.08505712312086214,100,30,2000,2000,0.1,1.0,1.0,0.9629964573970565,0.9629964573970565,1
483,rejection+true,0.558545842515421,0.13561631664633747,0.11304142718494034,100,30,2000,2000,0.1,1.0,1.0,0.8612203934831062,0.8612203934831062,1
483,rejection+hat,0.558545842515421,0.13561631664633747,0.11314142718494032,100,30,2000,2000,0.1,1.0,1.0,0.8612203934831062,0.8612203934831062,1
483,plugin+true,0.03822547943598284,0.10042748176366938,0.11329142718494031,100,30,2000,2000,0.1,1.0,1.0,0.8612203934831062,0.8612203934831062,1
483,plugin+hat,2.135068261712694,0.0956790159777895,0.09029142718494026,100,30,2000,2000,0.1,1.0,1.0,0.8612203934831062,0.8612203934831062,1
484,rejection+true,8.161400793251818,0.30124275361498204,0.04263908718323656,100,30,2000,2000,0.1,1.0,1.0,0.9748112753341713,0.9748112753341713,1
484,rejection+hat,8.161400793251818,0.30124275361498204,0.04008908718323657,100,30,2000,2000,0.1,1.0,1.0,0.9748112753341713,0.9748112753341713,1
484,plugin+true,0.22846702651445452,0.23435282835477406,0.08073908718323672,100,30,2000,2000,0.1,1.0,1.0,0.9748112753341713,0.9748112753341713,1
484,plugin+hat,3.338331126107119,0.2659151202110547,0.030739087183236702,100,30,2000,2000,0.1,1.0,1.0,0.9748112753341713,0.9748112753341713,1
485,rejection+true,8.161400793251818,0.02620125487446785,0.11176299490534812,100,30,2000,2000,0.1,1.0,1.0,0.8930437105383086,0.8930437105383086,1
485,rejection+hat,3.338331126107119,0.03112897661825021,0.11211299490534825,100,30,2000,2000,0.1,1.0,1.0,0.8930437105383086,0.8930437105383086,1
485,plugin+true,8.161400793251818,0.196623722187669,0.11176299490534812,100,30,2000,2000,0.1,1.0,1.0,0.8930437105383086,0.8930437105383086,1
485,plugin+hat,0.01,0.1874241322814587,0.05456299490534854,100,30,2000,2000,0.1,1.0,1.0,0.8930437105383086,0.8930437105383086,1
486,rejection+true,0.8733261623828429,0.6130564699570338,0.012560067334638603,100,30,2000,2000,0.1,1.0,1.0,1.0681951165061059,1.0681951165061059,0
486,rejection+hat,0.015635711447601203,0.5731808995207149,0.012360067334638604,100,30,2000,2000,0.1,1.0,1.0,1.0681951165061059,1.0681951165061059,0
486,plugin+true,5.219718220435647,0.22224563996886276,0.07361006733463853,100,30,2000,2000,0.1,1.0,1.0,1.0681951165061059,1.0681951165061059,0
486,plugin+hat,0.1461187278110747,0.2634017865832532,0.012360067334638604,100,30,2000,2000,0.1,1.0,1.0,1.0681951165061059,1.0681951165061059,0
487,rejection+true,0.01,0.1548189098636309,0.08932773135130202,100,30,2000,2000,0.1,1.0,1.0,1.0238193848776034,1.0238193848776034,0
487,rejection+hat,0.01,0.1548189098636309,0.08932773135130202,100,30,2000,2000,0.1,1.0,1.0,1.0238193848776034,1.0238193848776034,0
487,plugin+true,0.35722445018714644,0.0972229656689649,0.08872773135130199,100,30,2000,2000,0.1,1.0,1.0,1.0238193848776034,1.0238193848776034,0
487,plugin+hat,3.338331126107119,0.0927247527157065,0.0446277313513019,100,30,2000,2000,0.1,1.0,1.0,1.0238193848776034,1.0238193848776034,0
488,rejection+true,1.3655075874659035,0.4236218824982643,0.08343940253455923,100,30,2000,2000,0.1,1.0,1.0,0.9191880360063904,0.9191880360063904,1
488,rejection+hat,1.3655075874659035,0.42153971741596863,0.09363940253455921,100,30,2000,2000,0.1,1.0,1.0,0.9191880360063904,0.9191880360063904,1
488,plugin+true,1.3655075874659035,0.15170182220774048,0.08343940253455923,100,30,2000,2000,0.1,1.0,1.0,0.9191880360063904,0.9191880360063904,1
488,plugin+hat,0.05976825664072413,0.1531038282397328,0.10633940253455933,100,30,2000,2000,0.1,1.0,1.0,0.9191880360063904,0.9191880360063904,1
489,rejection+true,2.135068261712694,0.23636127803474669,0.07707450383922264,100,30,2000,2000,0.1,1.0,1.0,0.986304067507934,0.986304067507934,1
489,rejection+hat,5.219718220435647,0.2080047346030672,0.062024503839222596,100,30,2000,2000,0.1,1.0,1.0,0.986304067507934,0.986304067507934,1
489,plugin+true,0.015635711447601203,0.206752452725362,0.10417450383922268,100,30,2000,2000,0.1,1.0,1.0,0.986304067507934,0.986304067507934,1
489,plugin+hat,0.1461187278110747,0.19715266160285794,0.10417450383922268,100,30,2000,2000,0.1,1.0,1.0,0.986304067507934,0.986304067507934,1
490,rejection+true,0.01,0.3901091847568751,0.0954716513818121,100,30,2000,2000,0.1,1.0,1.0,0.8381109953372974,0.8381109953372974,1
490,rejection+hat,0.01,0.3901091847568751,0.0954716513818121,100,30,2000,2000,0.1,1.0,1.0,0.8381109953372974,0.8381109953372974,1
490,plugin+true,2.135068261712694,0.39820359547261536,0.06457165138181209,100,30,2000,2000,0.1,1.0,1.0,0.8381109953372974,0.8381109953372974,1
490,plugin+hat,0.02444754724726473,0.4638922366611736,0.0954716513818121,100,30,2000,2000,0.1,1.0,1.0,0.8381109953372974,0.8381109953372974,1
491,rejection+true,0.01,0.30197648024186485,0.09578216398016307,100,30,2000,2000,0.1,1.0,1.0,1.0001628609163784,1.0001628609163784,0
491,rejection+hat,0.01,0.30197648024186485,0.09578216398016307,100,30,2000,2000,0.1,1.0,1.0,1.0001628609163784,1.0001628609163784,0
491,plugin+true,8.161400793251818,0.14780541218375715,0.04348216398016301,100,30,2000,2000,0.1,1.0,1.0,1.0001628609163784,1.0001628609163784,0
491,plugin+hat,0.01,0.21553772566928214,0.09578216398016307,100,30,2000,2000,0.1,1.0,1.0,1.0001628609163784,1.0001628609163784,0
492,rejection+true,8.161400793251818,0.041798617194096256,0.09461381663514272,100,30,2000,2000,0.1,1.0,1.0,1.0103580307219489,1.0103580307219489,0
492,rejection+hat,8.161400793251818,0.041798617194096256,0.09501381663514284,100,30,2000,2000,0.1,1.0,1.0,1.0103580307219489,1.0103580307219489,0
492,plugin+true,12.760930781150906,0.19581382237937564,0.09136381663514284,100,30,2000,2000,0.1,1.0,1.0,1.0103580307219489,1.0103580307219489,0
492,plugin+hat,1.3655075874659035,0.15462584805279428,0.1249138166351429,100,30,2000,2000,0.1,1.0,1.0,1.0103580307219489,1.0103580307219489,0
493,rejection+true,0.558545842515421,0.2602959762793035,0.013479205590559118,100,30,2000,2000,0.1,1.0,1.0,0.9455956306233497,0.9455956306233497,1
493,rejection+hat,0.558545842515421,0.2602959762793035,0.013479205590559118,100,30,2000,2000,0.1,1.0,1.0,0.9455956306233497,0.9455956306233497,1
493,plugin+true,0.8733261623828429,0.1251626390112174,0.1060292055905591,100,30,2000,2000,0.1,1.0,1.0,0.9455956306233497,0.9455956306233497,1
493,plugin+hat,0.35722445018714644,0.11030849908914239,0.013479205590559118,100,30,2000,2000,0.1,1.0,1.0,0.9455956306233497,0.9455956306233497,1
494,rejection+true,0.01,-0.01693315965433916,0.07071571975149929,100,30,2000,2000,0.1,1.0,1.0,1.0094222303312952,1.0094222303312952,0
494,rejection+hat,0.01,-0.01693315965433916,0.07071571975149929,100,30,2000,2000,0.1,1.0,1.0,1.0094222303312952,1.0094222303312952,0
494,plugin+true,0.02444754724726473,0.09015143569916659,0.07071571975149929,100,30,2000,2000,0.1,1.0,1.0,1.0094222303312952,1.0094222303312952,0
494,plugin+hat,0.02444754724726473,0.08646376069746861,0.07071571975149929,100,30,2000,2000,0.1,1.0,1.0,1.0094222303312952,1.0094222303312952,0
495,rejection+true,1.3655075874659035,0.13742998423986133,0.09614910412110135,100,30,2000,2000,0.1,1.0,1.0,0.9853793893368743,0.9853793893368743,1
495,rejection+hat,0.8733261623828429,0.10790143691313765,0.0994991041211012,100,30,2000,2000,0.1,1.0,1.0,0.9853793893368743,0.9853793893368743,1
495,plugin+true,0.558545842515421,0.21484768943438706,0.10739910412110129,100,30,2000,2000,0.1,1.0,1.0,0.9853793893368743,0.9853793893368743,1
495,plugin+hat,0.015635711447601203,0.2936728400641702,0.02004910412110132,100,30,2000,2000,0.1,1.0,1.0,0.9853793893368743,0.9853793893368743,1
496,rejection+true,0.01,0.2589815119902293,0.12070418721834984,100,30,2000,2000,0.1,1.0,1.0,0.9981881960289025,0.9981881960289025,1
496,rejection+hat,0.01,0.2589815119902293,0.12070418721834984,100,30,2000,2000,0.1,1.0,1.0,0.9981881960289025,0.9981881960289025,1
496,plugin+true,0.558545842515421,0.2839011060940083,0.11890418721834986,100,30,2000,2000,0.1,1.0,1.0,0.9981881960289025,0.9981881960289025,1
496,plugin+hat,0.09345192145605369,0.28536156519402994,0.12285418721834986,100,30,2000,2000,0.1,1.0,1.0,0.9981881960289025,0.9981881960289025,1
497,rejection+true,1.3655075874659035,0.2999699616183838,0.07082671246466589,100,30,2000,2000,0.1,1.0,1.0,0.9430802589373329,0.9430802589373329,1
497,rejection+hat,1.3655075874659035,0.2999699616183838,0.06727671246466589,100,30,2000,2000,0.1,1.0,1.0,0.9430802589373329,0.9430802589373329,1
497,plugin+true,0.03822547943598284,0.18370769319781227,-0.012573287535334066,100,30,2000,2000,0.1,1.0,1.0,0.9430802589373329,0.9430802589373329,1
497,plugin+hat,0.05976825664072413,0.20694452849397876,-0.012573287535334066,100,30,2000,2000,0.1,1.0,1.0,0.9430802589373329,0.9430802589373329,1
498,rejection+true,2.135068261712694,0.3485712980075429,0.04298533746803288,100,30,2000,2000,0.1,1.0,1.0,0.9627826106589027,0.9627826106589027,1
498,rejection+hat,2.135068261712694,0.3177295942946027,0.04133533746803284,100,30,2000,2000,0.1,1.0,1.0,0.9627826106589027,0.9627826106589027,1
498,plugin+true,3.338331126107119,0.13592079368866178,0.03043533746803289,100,30,2000,2000,0.1,1.0,1.0,0.9627826106589027,0.9627826106589027,1
498,plugin+hat,1.3655075874659035,0.17682881518320281,0.05443533746803286,100,30,2000,2000,0.1,1.0,1.0,0.9627826106589027,0.9627826106589027,1
499,rejection+true,8.161400793251818,0.2801314189409217,0.045412444955576496,100,30,2000,2000,0.1,1.0,1.0,0.8784110733264615,0.8784110733264615,1
499,rejection+hat,0.35722445018714644,0.27487542356053996,-0.011337555044423596,100,30,2000,2000,0.1,1.0,1.0,0.8784110733264615,0.8784110733264615,1
499,plugin+true,0.01,0.14611060179587246,0.08836244495557644,100,30,2000,2000,0.1,1.0,1.0,0.8784110733264615,0.8784110733264615,1
499,plugin+hat,0.02444754724726473,0.17875477499365727,0.08836244495557644,100,30,2000,2000,0.1,1.0,1.0,0.8784110733264615,0.8784110733264615,1
500,rejection+true,0.1461187278110747,0.056881493330001844,0.11064160094132793,100,30,2000,2000,0.1,1.0,1.0,0.9521741992081119,0.9521741992081119,1
500,rejection+hat,8.161400793251818,0.04423186940451463,0.06474160094132778,100,30,2000,2000,0.1,1.0,1.0,0.9521741992081119,0.9521741992081119,1
500,plugin+true,8.161400793251818,0.14270919191709672,0.06574160094132767,100,30,2000,2000,0.1,1.0,1.0,0.9521741992081119,0.9521741992081119,1
500,plugin+hat,19.952623149688797,0.15563131667160363,0.06399160094132772,100,30,2000,2000,0.1,1.0,1.0,0.9521741992081119,0.9521741992081119,1
501,rejection+true,12.760930781150906,-0.14721653362115228,0.046226257099527636,100,30,2000,2000,0.1,1.0,1.0,1.0070302981119463,1.0070302981119463,0
501,rejection+hat,12.760930781150906,-0.14721653362115228,0.04642625709952772,100,30,2000,2000,0.1,1.0,1.0,1.0070302981119463,1.0070302981119463,0
501,plugin+true,0.22846702651445452,-0.0974263566795942,0.09007625709952784,100,30,2000,2000,0.1,1.0,1.0,1.0070302981119463,1.0070302981119463,0
501,plugin+hat,1.3655075874659035,-0.06266634475897902,0.08007625709952772,100,30,2000,2000,0.1,1.0,1.0,1.0070302981119463,1.0070302981119463,0
502,rejection+true,0.8733261623828429,-0.12736346225719902,0.07002158096085644,100,30,2000,2000,0.1,1.0,1.0,0.8974088757266407,0.8974088757266407,1
502,rejection+hat,0.8733261623828429,-0.12736346225719902,0.06372158096085642,100,30,2000,2000,0.1,1.0,1.0,0.8974088757266407,0.8974088757266407,1
502,plugin+true,0.22846702651445452,-0.03006605604449399,0.08937158096085653,100,30,2000,2000,0.1,1.0,1.0,0.8974088757266407,0.8974088757266407,1
502,plugin+hat,5.219718220435647,-0.06377999521293715,0.043521580960856385,100,30,2000,2000,0.1,1.0,1.0,0.8974088757266407,0.8974088757266407,1
503,rejection+true,12.760930781150906,0.1427963855365912,0.051559105788507816,100,30,2000,2000,0.1,1.0,1.0,1.1058408033951221,1.1058408033951221,0
503,rejection+hat,0.22846702651445452,0.11306664372483892,0.09770910578850786,100,30,2000,2000,0.1,1.0,1.0,1.1058408033951221,1.1058408033951221,0
503,plugin+true,0.558545842515421,0.06970177176827408,0.09770910578850786,100,30,2000,2000,0.1,1.0,1.0,1.1058408033951221,1.1058408033951221,0
503,plugin+hat,0.015635711447601203,0.11043061306448192,0.09770910578850786,100,30,2000,2000,0.1,1.0,1.0,1.1058408033951221,1.1058408033951221,0
504,rejection+true,8.161400793251818,0.13375760950148102,0.04859770093520019,100,30,2000,2000,0.1,1.0,1.0,0.9729799824579664,0.9729799824579664,1
504,rejection+hat,8.161400793251818,0.13375760950148102,0.04804770093520017,100,30,2000,2000,0.1,1.0,1.0,0.9729799824579664,0.9729799824579664,1
504,plugin+true,2.135068261712694,0.1448221438632726,0.05714770093520017,100,30,2000,2000,0.1,1.0,1.0,0.9729799824579664,0.9729799824579664,1
504,plugin+hat,5.219718220435647,0.17547284924304057,0.05219770093520022,100,30,2000,2000,0.1,1.0,1.0,0.9729799824579664,0.9729799824579664,1
505,rejection+true,3.338331126107119,0.41336202534536526,0.06893244332717899,100,30,2000,2000,0.1,1.0,1.0,1.0426433977584568,1.0426433977584568,0
505,rejection+hat,3.338331126107119,0.41336202534536526,0.06673244332717904,100,30,2000,2000,0.1,1.0,1.0,1.0426433977584568,1.0426433977584568,0
505,plugin+true,12.760930781150906,0.24567153901830313,0.06068244332717911,100,30,2000,2000,0.1,1.0,1.0,1.0426433977584568,1.0426433977584568,0
505,plugin+hat,0.558545842515421,0.21300246021921265,0.10143244332717904,100,30,2000,2000,0.1,1.0,1.0,1.0426433977584568,1.0426433977584568,0
506,rejection+true,1.3655075874659035,0.15076918549214796,0.06023642165851254,100,30,2000,2000,0.1,1.0,1.0,0.9248303638786811,0.9248303638786811,1
506,rejection+hat,0.558545842515421,0.11168051632121208,0.06093642165851246,100,30,2000,2000,0.1,1.0,1.0,0.9248303638786811,0.9248303638786811,1
506,plugin+true,0.22846702651445452,0.06874433168788277,0.0941864216585126,100,30,2000,2000,0.1,1.0,1.0,0.9248303638786811,0.9248303638786811,1
506,plugin+hat,0.02444754724726473,0.03509837354164588,0.09463642165851259,100,30,2000,2000,0.1,1.0,1.0,0.9248303638786811,0.9248303638786811,1
507,rejection+true,5.219718220435647,0.48350363969802856,0.06308701292486917,100,30,2000,2000,0.1,1.0,1.0,1.021136167195651,1.021136167195651,0
507,rejection+hat,5.219718220435647,0.48350363969802856,0.06018701292486913,100,30,2000,2000,0.1,1.0,1.0,1.021136167195651,1.021136167195651,0
507,plugin+true,0.8733261623828429,0.18078902403579986,0.08558701292486919,100,30,2000,2000,0.1,1.0,1.0,1.021136167195651,1.021136167195651,0
507,plugin+hat,0.35722445018714644,0.12103078519361646,0.09658701292486918,100,30,2000,2000,0.1,1.0,1.0,1.021136167195651,1.021136167195651,0
508,rejection+true,1.3655075874659035,0.3792229455197231,0.0670807053009254,100,30,2000,2000,0.1,1.0,1.0,1.0167228297537094,1.0167228297537094,0
508,rejection+hat,0.35722445018714644,0.5302398335421457,0.08503070530092545,100,30,2000,2000,0.1,1.0,1.0,1.0167228297537094,1.0167228297537094,0
508,plugin+true,0.02444754724726473,0.2128437917782156,0.08503070530092545,100,30,2000,2000,0.1,1.0,1.0,1.0167228297537094,1.0167228297537094,0
508,plugin+hat,0.1461187278110747,0.1936795309464662,0.08503070530092545,100,30,2000,2000,0.1,1.0,1.0,1.0167228297537094,1.0167228297537094,0
509,rejection+true,0.01,-0.04083589545140664,-0.006043447514412589,100,30,2000,2000,0.1,1.0,1.0,1.078629227003773,1.078629227003773,0
509,rejection+hat,0.01,-0.04083589545140664,-0.006043447514412589,100,30,2000,2000,0.1,1.0,1.0,1.078629227003773,1.078629227003773,0
509,plugin+true,0.02444754724726473,0.10377594452755674,-0.006043447514412589,100,30,2000,2000,0.1,1.0,1.0,1.078629227003773,1.078629227003773,0
509,plugin+hat,0.02444754724726473,0.10957770273282127,-0.006043447514412589,100,30,2000,2000,0.1,1.0,1.0,1.078629227003773,1.078629227003773,0
510,rejection+true,1.3655075874659035,0.027874062551806366,0.037716126871483034,100,30,2000,2000,0.1,1.0,1.0,0.9935950776453045,0.9935950776453045,1
510,rejection+hat,1.3655075874659035,0.027874062551806366,0.04006612687148307,100,30,2000,2000,0.1,1.0,1.0,0.9935950776453045,0.9935950776453045,1
510,plugin+true,0.8733261623828429,0.128983207141391,0.05396612687148308,100,30,2000,2000,0.1,1.0,1.0,0.9935950776453045,0.9935950776453045,1
510,plugin+hat,1.3655075874659035,0.12332387062128936,0.04006612687148307,100,30,2000,2000,0.1,1.0,1.0,0.9935950776453045,0.9935950776453045,1
511,rejection+true,0.8733261623828429,0.31366577943166096,0.038413214126634516,100,30,2000,2000,0.1,1.0,1.0,0.97224072164193,0.97224072164193,1
511,rejection+hat,0.8733261623828429,0.31366577943166096,0.07406321412663468,100,30,2000,2000,0.1,1.0,1.0,0.97224072164193,0.97224072164193,1
511,plugin+true,0.09345192145605369,0.3021022276644306,-0.01078678587336546,100,30,2000,2000,0.1,1.0,1.0,0.97224072164193,0.97224072164193,1
511,plugin+hat,0.22846702651445452,0.3315530596808588,-0.01078678587336546,100,30,2000,2000,0.1,1.0,1.0,0.97224072164193,0.97224072164193,1
512,rejection+true,1.3655075874659035,0.24965843992928666,0.06370654365976185,100,30,2000,2000,0.1,1.0,1.0,1.0507975255295088,1.0507975255295088,0
512,rejection+hat,1.3655075874659035,0.22455997355282312,0.07645654365976177,100,30,2000,2000,0.1,1.0,1.0,1.0507975255295088,1.0507975255295088,0
512,plugin+true,0.02444754724726473,0.15798410059275766,-0.005943456340238201,100,30,2000,2000,0.1,1.0,1.0,1.0507975255295088,1.0507975255295088,0
512,plugin+hat,0.02444754724726473,0.1955076854108729,-0.005943456340238201,100,30,2000,2000,0.1,1.0,1.0,1.0507975255295088,1.0507975255295088,0
513,rejection+true,1.3655075874659035,0.09771310330058137,0.05447037030249218,100,30,2000,2000,0.1,1.0,1.0,1.0985807045882219,1.0985807045882219,0
513,rejection+hat,5.219718220435647,0.10915441898396239,0.041270370302492185,100,30,2000,2000,0.1,1.0,1.0,1.0985807045882219,1.0985807045882219,0
513,plugin+true,0.558545842515421,0.09861491562055778,0.07232037030249223,100,30,2000,2000,0.1,1.0,1.0,1.0985807045882219,1.0985807045882219,0
513,plugin+hat,0.09345192145605369,0.06659391782405677,-0.014029629697507788,100,30,2000,2000,0.1,1.0,1.0,1.0985807045882219,1.0985807045882219,0
514,rejection+true,19.952623149688797,0.0936117889980475,0.05415974276430348,100,30,2000,2000,0.1,1.0,1.0,0.9143092718377607,0.9143092718377607,1
514,rejection+hat,19.952623149688797,0.0936117889980475,0.05565974276430347,100,30,2000,2000,0.1,1.0,1.0,0.9143092718377607,0.9143092718377607,1
514,plugin+true,0.02444754724726473,-0.04335036161710441,0.10150974276430338,100,30,2000,2000,0.1,1.0,1.0,0.9143092718377607,0.9143092718377607,1
514,plugin+hat,0.8733261623828429,-0.059084779495606185,0.0944597427643034,100,30,2000,2000,0.1,1.0,1.0,0.9143092718377607,0.9143092718377607,1
515,rejection+true,0.558545842515421,0.22541989278979604,0.1072718535210078,100,30,2000,2000,0.1,1.0,1.0,0.9603238969239701,0.9603238969239701,1
515,rejection+hat,0.558545842515421,0.22578405034728352,0.10722185352100783,100,30,2000,2000,0.1,1.0,1.0,0.9603238969239701,0.9603238969239701,1
515,plugin+true,1.3655075874659035,0.16536060138924885,0.08062185352100795,100,30,2000,2000,0.1,1.0,1.0,0.9603238969239701,0.9603238969239701,1
515,plugin+hat,0.09345192145605369,0.15911120857414682,0.008671853521007869,100,30,2000,2000,0.1,1.0,1.0,0.9603238969239701,0.9603238969239701,1
516,rejection+true,8.161400793251818,0.1347946045299371,0.042828226723976744,100,30,2000,2000,0.1,1.0,1.0,0.9238954093027283,0.9238954093027283,1
516,rejection+hat,8.161400793251818,0.1347946045299371,0.04787822672397662,100,30,2000,2000,0.1,1.0,1.0,0.9238954093027283,0.9238954093027283,1
516,plugin+true,0.01,0.04710524870547357,0.08922822672397672,100,30,2000,2000,0.1,1.0,1.0,0.9238954093027283,0.9238954093027283,1
516,plugin+hat,5.219718220435647,0.06661033997216252,0.04697822672397674,100,30,2000,2000,0.1,1.0,1.0,0.9238954093027283,0.9238954093027283,1
517,rejection+true,1.3655075874659035,0.05452062984307606,0.09565341205598134,100,30,2000,2000,0.1,1.0,1.0,0.9091931892018783,0.9091931892018783,1
517,rejection+hat,8.161400793251818,-0.00020380656545360886,0.08520341205598152,100,30,2000,2000,0.1,1.0,1.0,0.9091931892018783,0.9091931892018783,1
517,plugin+true,0.35722445018714644,0.26239764815760813,0.11520341205598147,100,30,2000,2000,0.1,1.0,1.0,0.9091931892018783,0.9091931892018783,1
517,plugin+hat,0.01,0.22873762764494496,0.12540341205598146,100,30,2000,2000,0.1,1.0,1.0,0.9091931892018783,0.9091931892018783,1
518,rejection+true,1.3655075874659035,0.36115147781868784,0.08700329456689174,100,30,2000,2000,0.1,1.0,1.0,0.9898014281041565,0.9898014281041565,1
518,rejection+hat,1.3655075874659035,0.36115147781868784,0.10990329456689163,100,30,2000,2000,0.1,1.0,1.0,0.9898014281041565,0.9898014281041565,1
518,plugin+true,8.161400793251818,0.2685858575299328,0.08600329456689151,100,30,2000,2000,0.1,1.0,1.0,0.9898014281041565,0.9898014281041565,1
518,plugin+hat,2.135068261712694,0.31667453009895896,0.1039032945668916,100,30,2000,2000,0.1,1.0,1.0,0.9898014281041565,0.9898014281041565,1
519,rejection+true,12.760930781150906,0.3670967516256497,0.055910533967504804,100,30,2000,2000,0.1,1.0,1.0,0.9647724535898008,0.9647724535898008,1
519,rejection+hat,12.760930781150906,0.3670967516256497,0.056110533967504754,100,30,2000,2000,0.1,1.0,1.0,0.9647724535898008,0.9647724535898008,1
519,plugin+true,0.22846702651445452,0.37805974188776986,0.10266053396750488,100,30,2000,2000,0.1,1.0,1.0,0.9647724535898008,0.9647724535898008,1
519,plugin+hat,0.01,0.3829469679472717,0.10266053396750488,100,30,2000,2000,0.1,1.0,1.0,0.9647724535898008,0.9647724535898008,1
520,rejection+true,5.219718220435647,0.10996872931718826,0.06090106454229417,100,30,2000,2000,0.1,1.0,1.0,0.9405106635186401,0.9405106635186401,1
520,rejection+hat,0.35722445018714644,0.08208680227398871,0.004201064542294126,100,30,2000,2000,0.1,1.0,1.0,0.9405106635186401,0.9405106635186401,1
520,plugin+true,0.8733261623828429,0.1017227128301565,0.07955106454229416,100,30,2000,2000,0.1,1.0,1.0,0.9405106635186401,0.9405106635186401,1
520,plugin+hat,0.8733261623828429,0.11725534288270364,0.0750510645422941,100,30,2000,2000,0.1,1.0,1.0,0.9405106635186401,0.9405106635186401,1
521,rejection+true,1.3655075874659035,0.13688485150535898,0.09207631692132993,100,30,2000,2000,0.1,1.0,1.0,1.0593443811280499,1.0593443811280499,0
521,rejection+hat,0.8733261623828429,0.14081471189856526,0.06547631692132985,100,30,2000,2000,0.1,1.0,1.0,1.0593443811280499,1.0593443811280499,0
521,plugin+true,0.03822547943598284,0.06446238374066268,0.1029263169213298,100,30,2000,2000,0.1,1.0,1.0,1.0593443811280499,1.0593443811280499,0
521,plugin+hat,0.8733261623828429,0.07050081237372463,0.06547631692132985,100,30,2000,2000,0.1,1.0,1.0,1.0593443811280499,1.0593443811280499,0
522,rejection+true,5.219718220435647,0.29066712136069933,0.06382532033142055,100,30,2000,2000,0.1,1.0,1.0,0.950256327868099,0.950256327868099,1
522,rejection+hat,5.219718220435647,0.29066712136069933,0.059125320331420504,100,30,2000,2000,0.1,1.0,1.0,0.950256327868099,0.950256327868099,1
522,plugin+true,0.015635711447601203,0.12311086160488734,0.005925320331420644,100,30,2000,2000,0.1,1.0,1.0,0.950256327868099,0.950256327868099,1
522,plugin+hat,0.05976825664072413,0.1184144070908026,0.005925320331420644,100,30,2000,2000,0.1,1.0,1.0,0.950256327868099,0.950256327868099,1
523,rejection+true,3.338331126107119,0.21707990740736322,0.0821554295543487,100,30,2000,2000,0.1,1.0,1.0,1.0386224180223702,1.0386224180223702,0
523,rejection+hat,3.338331126107119,0.21707990740736322,0.08070542955434848,100,30,2000,2000,0.1,1.0,1.0,1.0386224180223702,1.0386224180223702,0
523,plugin+true,0.1461187278110747,0.19098864327156279,0.020605429554348475,100,30,2000,2000,0.1,1.0,1.0,1.0386224180223702,1.0386224180223702,0
523,plugin+hat,1.3655075874659035,0.2056976612505732,0.09960542955434847,100,30,2000,2000,0.1,1.0,1.0,1.0386224180223702,1.0386224180223702,0
524,rejection+true,0.8733261623828429,0.023909758279720937,0.10806006572641287,100,30,2000,2000,0.1,1.0,1.0,0.8703908937584109,0.8703908937584109,1
524,rejection+hat,1.3655075874659035,0.03124901925524075,0.10026006572641286,100,30,2000,2000,0.1,1.0,1.0,0.8703908937584109,0.8703908937584109,1
524,plugin+true,0.35722445018714644,0.08829256970681465,0.10911006572641288,100,30,2000,2000,0.1,1.0,1.0,0.8703908937584109,0.8703908937584109,1
524,plugin+hat,0.02444754724726473,0.11875813219824646,0.10936006572641288,100,30,2000,2000,0.1,1.0,1.0,0.8703908937584109,0.8703908937584109,1
525,rejection+true,0.558545842515421,0.5662862185388805,0.021480944178179646,100,30,2000,2000,0.1,1.0,1.0,0.9624544608502859,0.9624544608502859,1
525,rejection+hat,0.558545842515421,0.5662862185388805,0.08518094417817965,100,30,2000,2000,0.1,1.0,1.0,0.9624544608502859,0.9624544608502859,1
525,plugin+true,0.015635711447601203,0.24905146661166078,-0.009869055821820358,100,30,2000,2000,0.1,1.0,1.0,0.9624544608502859,0.9624544608502859,1
525,plugin+hat,0.8733261623828429,0.2523235745231653,0.08688094417817957,100,30,2000,2000,0.1,1.0,1.0,0.9624544608502859,0.9624544608502859,1
526,rejection+true,0.01,0.2003163872907559,0.15479786154305558,100,30,2000,2000,0.1,1.0,1.0,1.0770151579866372,1.0770151579866372,0
526,rejection+hat,0.01,0.2003163872907559,0.1549478615430556,100,30,2000,2000,0.1,1.0,1.0,1.0770151579866372,1.0770151579866372,0
526,plugin+true,1.3655075874659035,0.18106875808559922,0.11229786154305596,100,30,2000,2000,0.1,1.0,1.0,1.0770151579866372,1.0770151579866372,0
526,plugin+hat,0.22846702651445452,0.22351943668853252,0.1549478615430556,100,30,2000,2000,0.1,1.0,1.0,1.0770151579866372,1.0770151579866372,0
527,rejection+true,12.760930781150906,-0.17193710356950756,0.08075749329602407,100,30,2000,2000,0.1,1.0,1.0,1.015716038269469,1.015716038269469,0
527,rejection+hat,12.760930781150906,-0.17193710356950756,0.08000749329602395,100,30,2000,2000,0.1,1.0,1.0,1.015716038269469,1.015716038269469,0
527,plugin+true,0.03822547943598284,-0.0666875538858582,0.12510749329602394,100,30,2000,2000,0.1,1.0,1.0,1.015716038269469,1.015716038269469,0
527,plugin+hat,0.015635711447601203,-0.05605340361197928,0.12510749329602394,100,30,2000,2000,0.1,1.0,1.0,1.015716038269469,1.015716038269469,0
528,rejection+true,0.01,0.35181462230781707,0.09916574603120057,100,30,2000,2000,0.1,1.0,1.0,0.9228695309660921,0.9228695309660921,1
528,rejection+hat,0.01,0.35181462230781707,0.09916574603120057,100,30,2000,2000,0.1,1.0,1.0,0.9228695309660921,0.9228695309660921,1
528,plugin+true,0.1461187278110747,0.2040540094367663,0.09916574603120057,100,30,2000,2000,0.1,1.0,1.0,0.9228695309660921,0.9228695309660921,1
528,plugin+hat,0.02444754724726473,0.17838451936277266,0.09916574603120057,100,30,2000,2000,0.1,1.0,1.0,0.9228695309660921,0.9228695309660921,1
529,rejection+true,0.01,-0.14005099659164746,0.12515046419088358,100,30,2000,2000,0.1,1.0,1.0,1.0302897831456939,1.0302897831456939,0
529,rejection+hat,0.01,-0.14005099659164746,0.12515046419088358,100,30,2000,2000,0.1,1.0,1.0,1.0302897831456939,1.0302897831456939,0
529,plugin+true,0.558545842515421,-0.10530322696860865,0.03450046419088366,100,30,2000,2000,0.1,1.0,1.0,1.0302897831456939,1.0302897831456939,0
529,plugin+hat,0.558545842515421,-0.09178138088345898,0.1244004641908836,100,30,2000,2000,0.1,1.0,1.0,1.0302897831456939,1.0302897831456939,0
530,rejection+true,0.01,0.3709446224073568,-0.04989959000253988,100,30,2000,2000,0.1,1.0,1.0,0.95999796175491,0.95999796175491,1
530,rejection+hat,0.01,0.3709446224073568,-0.04989959000253988,100,30,2000,2000,0.1,1.0,1.0,0.95999796175491,0.95999796175491,1
530,plugin+true,0.8733261623828429,0.4042685621076919,0.03585040999746009,100,30,2000,2000,0.1,1.0,1.0,0.95999796175491,0.95999796175491,1
530,plugin+hat,0.558545842515421,0.4335589213253157,-0.049849590002539884,100,30,2000,2000,0.1,1.0,1.0,0.95999796175491,0.95999796175491,1
531,rejection+true,0.01,0.27177133436004314,0.11911539888561574,100,30,2000,2000,0.1,1.0,1.0,0.8577616448000069,0.8577616448000069,1
531,rejection+hat,0.01,0.27177133436004314,0.11911539888561574,100,30,2000,2000,0.1,1.0,1.0,0.8577616448000069,0.8577616448000069,1
531,plugin+true,0.22846702651445452,0.2729690035045152,0.11901539888561576,100,30,2000,2000,0.1,1.0,1.0,0.8577616448000069,0.8577616448000069,1
531,plugin+hat,0.01,0.2848737574721628,0.11911539888561574,100,30,2000,2000,0.1,1.0,1.0,0.8577616448000069,0.8577616448000069,1
532,rejection+true,1.3655075874659035,0.29877222155531247,0.06968491489757724,100,30,2000,2000,0.1,1.0,1.0,1.007592978969754,1.007592978969754,0
532,rejection+hat,1.3655075874659035,0.29877222155531247,0.06658491489757716,100,30,2000,2000,0.1,1.0,1.0,1.007592978969754,1.007592978969754,0
532,plugin+true,8.161400793251818,0.21639556450652414,0.05483491489757723,100,30,2000,2000,0.1,1.0,1.0,1.007592978969754,1.007592978969754,0
532,plugin+hat,0.8733261623828429,0.24452523570753923,0.08203491489757717,100,30,2000,2000,0.1,1.0,1.0,1.007592978969754,1.007592978969754,0
533,rejection+true,12.760930781150906,0.16721339169889685,0.06145582028949156,100,30,2000,2000,0.1,1.0,1.0,0.9165854426553715,0.9165854426553715,1
533,rejection+hat,2.135068261712694,0.21321788959515592,0.07910582028949141,100,30,2000,2000,0.1,1.0,1.0,0.9165854426553715,0.9165854426553715,1
533,plugin+true,0.558545842515421,0.07619377752318869,0.05920582028949159,100,30,2000,2000,0.1,1.0,1.0,0.9165854426553715,0.9165854426553715,1
533,plugin+hat,0.1461187278110747,0.12703491557275556,0.10945582028949138,100,30,2000,2000,0.1,1.0,1.0,0.9165854426553715,0.9165854426553715,1
534,rejection+true,0.8733261623828429,0.21870854124426842,0.07250189245509663,100,30,2000,2000,0.1,1.0,1.0,0.8698449094328515,0.8698449094328515,1
534,rejection+hat,0.8733261623828429,0.21870854124426842,0.0683018924550966,100,30,2000,2000,0.1,1.0,1.0,0.8698449094328515,0.8698449094328515,1
534,plugin+true,0.05976825664072413,0.11929057076743885,-0.001998107544903421,100,30,2000,2000,0.1,1.0,1.0,0.8698449094328515,0.8698449094328515,1
534,plugin+hat,0.22846702651445452,0.15855806645073098,-0.001998107544903421,100,30,2000,2000,0.1,1.0,1.0,0.8698449094328515,0.8698449094328515,1
535,rejection+true,0.09345192145605369,0.16804267919311924,0.09795832480386746,100,30,2000,2000,0.1,1.0,1.0,0.9571684178491862,0.9571684178491862,1
535,rejection+hat,0.09345192145605369,0.16804267919311924,0.09795832480386746,100,30,2000,2000,0.1,1.0,1.0,0.9571684178491862,0.9571684178491862,1
535,plugin+true,0.35722445018714644,-0.023073233966029998,0.012358324803867327,100,30,2000,2000,0.1,1.0,1.0,0.9571684178491862,0.9571684178491862,1
535,plugin+hat,0.1461187278110747,-0.047746559251444484,0.09795832480386746,100,30,2000,2000,0.1,1.0,1.0,0.9571684178491862,0.9571684178491862,1
536,rejection+true,19.952623149688797,-0.015110267698764798,0.059946724252021945,100,30,2000,2000,0.1,1.0,1.0,0.9963091708362337,0.9963091708362337,1
536,rejection+hat,19.952623149688797,-0.015110267698764798,0.06199672425202186,100,30,2000,2000,0.1,1.0,1.0,0.9963091708362337,0.9963091708362337,1
536,plugin+true,0.015635711447601203,0.08197485472829094,0.009646724252021933,100,30,2000,2000,0.1,1.0,1.0,0.9963091708362337,0.9963091708362337,1
536,plugin+hat,0.02444754724726473,0.029349499810227657,0.009646724252021933,100,30,2000,2000,0.1,1.0,1.0,0.9963091708362337,0.9963091708362337,1
537,rejection+true,0.8733261623828429,0.08410671055316923,0.06770252377089372,100,30,2000,2000,0.1,1.0,1.0,0.8984581262690062,0.8984581262690062,1
537,rejection+hat,0.8733261623828429,0.040317103266716,0.0818525237708937,100,30,2000,2000,0.1,1.0,1.0,0.8984581262690062,0.8984581262690062,1
537,plugin+true,0.8733261623828429,0.043520084313313986,0.06770252377089372,100,30,2000,2000,0.1,1.0,1.0,0.8984581262690062,0.8984581262690062,1
537,plugin+hat,0.01,0.074060782505077,-0.008747476229106366,100,30,2000,2000,0.1,1.0,1.0,0.8984581262690062,0.8984581262690062,1
538,rejection+true,0.558545842515421,0.20500316048661865,0.09605766955393184,100,30,2000,2000,0.1,1.0,1.0,0.9286856915184543,0.9286856915184543,1
538,rejection+hat,0.558545842515421,0.20500316048661865,0.08215766955393196,100,30,2000,2000,0.1,1.0,1.0,0.9286856915184543,0.9286856915184543,1
538,plugin+true,0.8733261623828429,0.18289959304295225,0.08650766955393192,100,30,2000,2000,0.1,1.0,1.0,0.9286856915184543,0.9286856915184543,1
538,plugin+hat,0.015635711447601203,0.15053895547916235,0.00020766955393212256,100,30,2000,2000,0.1,1.0,1.0,0.9286856915184543,0.9286856915184543,1
539,rejection+true,3.338331126107119,0.1351050172001123,0.06959044659633627,100,30,2000,2000,0.1,1.0,1.0,0.8847355609277622,0.8847355609277622,1
539,rejection+hat,3.338331126107119,0.181462853277723,0.06674044659633618,100,30,2000,2000,0.1,1.0,1.0,0.8847355609277622,0.8847355609277622,1
539,plugin+true,0.01,0.1498194504275044,0.005840446596336126,100,30,2000,2000,0.1,1.0,1.0,0.8847355609277622,0.8847355609277622,1
539,plugin+hat,0.22846702651445452,0.15188762651448792,0.105540446596336,100,30,2000,2000,0.1,1.0,1.0,0.8847355609277622,0.8847355609277622,1
540,rejection+true,3.338331126107119,0.21871067523413026,0.025924111086942335,100,30,2000,2000,0.1,1.0,1.0,1.0158686351089021,1.0158686351089021,0
540,rejection+hat,3.338331126107119,0.21871067523413026,0.022374111086942317,100,30,2000,2000,0.1,1.0,1.0,1.0158686351089021,1.0158686351089021,0
540,plugin+true,0.05976825664072413,0.02753547630892837,0.056324111086942304,100,30,2000,2000,0.1,1.0,1.0,1.0158686351089021,1.0158686351089021,0
540,plugin+hat,0.015635711447601203,0.04399371345703582,0.056324111086942304,100,30,2000,2000,0.1,1.0,1.0,1.0158686351089021,1.0158686351089021,0
541,rejection+true,5.219718220435647,0.08478555049126349,0.05506721214934476,100,30,2000,2000,0.1,1.0,1.0,1.0472247749870314,1.0472247749870314,0
541,rejection+hat,5.219718220435647,0.08478555049126349,0.05611721214934476,100,30,2000,2000,0.1,1.0,1.0,1.0472247749870314,1.0472247749870314,0
541,plugin+true,0.02444754724726473,0.17082780505866596,-0.0027327878506552255,100,30,2000,2000,0.1,1.0,1.0,1.0472247749870314,1.0472247749870314,0
541,plugin+hat,0.8733261623828429,0.1424794493897316,0.06141721214934478,100,30,2000,2000,0.1,1.0,1.0,1.0472247749870314,1.0472247749870314,0
542,rejection+true,8.161400793251818,0.11309105753898623,0.08275685085489434,100,30,2000,2000,0.1,1.0,1.0,0.9996842662614095,0.9996842662614095,1
542,rejection+hat,8.161400793251818,0.11309105753898623,0.08320685085489422,100,30,2000,2000,0.1,1.0,1.0,0.9996842662614095,0.9996842662614095,1
542,plugin+true,12.760930781150906,-0.002295475029592429,0.08185685085489425,100,30,2000,2000,0.1,1.0,1.0,0.9996842662614095,0.9996842662614095,1
542,plugin+hat,0.35722445018714644,0.014885241943322835,0.02900685085489413,100,30,2000,2000,0.1,1.0,1.0,0.9996842662614095,0.9996842662614095,1
543,rejection+true,0.22846702651445452,0.22360890534085529,0.09507649459469465,100,30,2000,2000,0.1,1.0,1.0,1.0009711146862423,1.0009711146862423,0
543,rejection+hat,0.22846702651445452,0.22360890534085529,0.09507649459469465,100,30,2000,2000,0.1,1.0,1.0,1.0009711146862423,1.0009711146862423,0
543,plugin+true,0.01,0.28259407494899536,0.09507649459469465,100,30,2000,2000,0.1,1.0,1.0,1.0009711146862423,1.0009711146862423,0
543,plugin+hat,0.05976825664072413,0.3116923223863568,0.09507649459469465,100,30,2000,2000,0.1,1.0,1.0,1.0009711146862423,1.0009711146862423,0
544,rejection+true,0.8733261623828429,0.14922399750600263,0.08183355375430763,100,30,2000,2000,0.1,1.0,1.0,1.0189234989939036,1.0189234989939036,0
544,rejection+hat,0.8733261623828429,0.14922399750600263,0.07313355375430747,100,30,2000,2000,0.1,1.0,1.0,1.0189234989939036,1.0189234989939036,0
544,plugin+true,0.03822547943598284,0.16297649468531888,0.10208355375430746,100,30,2000,2000,0.1,1.0,1.0,1.0189234989939036,1.0189234989939036,0
544,plugin+hat,0.1461187278110747,0.16024099497129413,0.10208355375430746,100,30,2000,2000,0.1,1.0,1.0,1.0189234989939036,1.0189234989939036,0
545,rejection+true,0.8733261623828429,0.25949119385331876,0.10220218141437658,100,30,2000,2000,0.1,1.0,1.0,0.9158945638720468,0.9158945638720468,1
545,rejection+hat,1.3655075874659035,0.2778970488036672,0.11640218141437665,100,30,2000,2000,0.1,1.0,1.0,0.9158945638720468,0.9158945638720468,1
545,plugin+true,0.1461187278110747,-0.03800276873400432,0.03475218141437668,100,30,2000,2000,0.1,1.0,1.0,0.9158945638720468,0.9158945638720468,1
545,plugin+hat,0.05976825664072413,-0.02474745705529687,0.03475218141437668,100,30,2000,2000,0.1,1.0,1.0,0.9158945638720468,0.9158945638720468,1
546,rejection+true,5.219718220435647,0.42061039085189494,0.05379886981566899,100,30,2000,2000,0.1,1.0,1.0,1.007404824535958,1.007404824535958,0
546,rejection+hat,5.219718220435647,0.42061039085189494,0.05589886981566894,100,30,2000,2000,0.1,1.0,1.0,1.007404824535958,1.007404824535958,0
546,plugin+true,1.3655075874659035,0.20842345267520956,0.07529886981566912,100,30,2000,2000,0.1,1.0,1.0,1.007404824535958,1.007404824535958,0
546,plugin+hat,5.219718220435647,0.22007095245156288,0.05589886981566894,100,30,2000,2000,0.1,1.0,1.0,1.007404824535958,1.007404824535958,0
547,rejection+true,0.22846702651445452,0.05697496392919371,0.07967279150267047,100,30,2000,2000,0.1,1.0,1.0,0.9043986316269416,0.9043986316269416,1
547,rejection+hat,0.1461187278110747,-0.0023403698345646267,-0.006527208497329634,100,30,2000,2000,0.1,1.0,1.0,0.9043986316269416,0.9043986316269416,1
547,plugin+true,0.01,-0.025029156583069933,0.09312279150267051,100,30,2000,2000,0.1,1.0,1.0,0.9043986316269416,0.9043986316269416,1
547,plugin+hat,0.01,0.030428658796316815,0.09312279150267051,100,30,2000,2000,0.1,1.0,1.0,0.9043986316269416,0.9043986316269416,1
548,rejection+true,0.09345192145605369,0.18548069826016828,0.1212939624890207,100,30,2000,2000,0.1,1.0,1.0,0.9702820974394205,0.9702820974394205,1
548,rejection+hat,0.09345192145605369,0.18548069826016828,0.1212939624890207,100,30,2000,2000,0.1,1.0,1.0,0.9702820974394205,0.9702820974394205,1
548,plugin+true,0.22846702651445452,0.12603868706103155,0.1212939624890207,100,30,2000,2000,0.1,1.0,1.0,0.9702820974394205,0.9702820974394205,1
548,plugin+hat,0.1461187278110747,0.05008233320174921,0.1212939624890207,100,30,2000,2000,0.1,1.0,1.0,0.9702820974394205,0.9702820974394205,1
549,rejection+true,3.338331126107119,-0.16206766366958622,0.04884823257755589,100,30,2000,2000,0.1,1.0,1.0,1.0147631661239882,1.0147631661239882,0
549,rejection+hat,3.338331126107119,-0.16206766366958622,0.045598232577555874,100,30,2000,2000,0.1,1.0,1.0,1.0147631661239882,1.0147631661239882,0
549,plugin+true,0.09345192145605369,-0.1212373228844725,0.08569823257755596,100,30,2000,2000,0.1,1.0,1.0,1.0147631661239882,1.0147631661239882,0
549,plugin+hat,0.1461187278110747,-0.12417856463342387,0.08569823257755596,100,30,2000,2000,0.1,1.0,1.0,1.0147631661239882,1.0147631661239882,0
550,rejection+true,2.135068261712694,0.030629428227742513,0.08981353323384102,100,30,2000,2000,0.1,1.0,1.0,0.9885296418799893,0.9885296418799893,1
550,rejection+hat,2.135068261712694,0.030629428227742513,0.08771353323384115,100,30,2000,2000,0.1,1.0,1.0,0.9885296418799893,0.9885296418799893,1
550,plugin+true,0.03822547943598284,0.018320941609508843,0.019913533233841072,100,30,2000,2000,0.1,1.0,1.0,0.9885296418799893,0.9885296418799893,1
550,plugin+hat,0.03822547943598284,0.07529660732549329,0.019913533233841072,100,30,2000,2000,0.1,1.0,1.0,0.9885296418799893,0.9885296418799893,1
551,rejection+true,3.338331126107119,0.022024688598078986,0.08402507599319761,100,30,2000,2000,0.1,1.0,1.0,0.9318811815059544,0.9318811815059544,1
551,rejection+hat,3.338331126107119,0.03300190913335731,0.08587507599319782,100,30,2000,2000,0.1,1.0,1.0,0.9318811815059544,0.9318811815059544,1
551,plugin+true,0.1461187278110747,0.06340169791077824,0.12232507599319754,100,30,2000,2000,0.1,1.0,1.0,0.9318811815059544,0.9318811815059544,1
551,plugin+hat,0.35722445018714644,0.06182554789055311,0.11832507599319755,100,30,2000,2000,0.1,1.0,1.0,0.9318811815059544,0.9318811815059544,1
552,rejection+true,0.01,0.15903210379183289,-0.0046463633603356725,100,30,2000,2000,0.1,1.0,1.0,1.1026331992188896,1.1026331992188896,0
552,rejection+hat,0.01,0.15903210379183289,-0.0046463633603356725,100,30,2000,2000,0.1,1.0,1.0,1.1026331992188896,1.1026331992188896,0
552,plugin+true,0.558545842515421,0.11442268153547246,0.09325363663966431,100,30,2000,2000,0.1,1.0,1.0,1.1026331992188896,1.1026331992188896,0
552,plugin+hat,1.3655075874659035,0.09906512976378823,0.060103636639664296,100,30,2000,2000,0.1,1.0,1.0,1.1026331992188896,1.1026331992188896,0
553,rejection+true,3.338331126107119,0.4864736866749202,0.07853647334775293,100,30,2000,2000,0.1,1.0,1.0,1.006476684954805,1.006476684954805,0
553,rejection+hat,3.338331126107119,0.4864736866749202,0.06908647334775292,100,30,2000,2000,0.1,1.0,1.0,1.006476684954805,1.006476684954805,0
553,plugin+true,2.135068261712694,0.17795091838238913,0.0871364733477529,100,30,2000,2000,0.1,1.0,1.0,1.006476684954805,1.006476684954805,0
553,plugin+hat,0.1461187278110747,0.19679961706206478,0.11803647334775265,100,30,2000,2000,0.1,1.0,1.0,1.006476684954805,1.006476684954805,0
554,rejection+true,5.219718220435647,0.06591715763012566,0.032917947165846534,100,30,2000,2000,0.1,1.0,1.0,0.9299889990665476,0.9299889990665476,1
554,rejection+hat,5.219718220435647,0.11356444632013636,0.033567947165846566,100,30,2000,2000,0.1,1.0,1.0,0.9299889990665476,0.9299889990665476,1
554,plugin+true,0.05976825664072413,0.18105697894054842,-0.027482052834153437,100,30,2000,2000,0.1,1.0,1.0,0.9299889990665476,0.9299889990665476,1
554,plugin+hat,12.760930781150906,0.15006435756419073,0.02701794716584655,100,30,2000,2000,0.1,1.0,1.0,0.9299889990665476,0.9299889990665476,1
555,rejection+true,3.338331126107119,0.19542623387339214,0.050210636793104536,100,30,2000,2000,0.1,1.0,1.0,1.0472691381140538,1.0472691381140538,0
555,rejection+hat,5.219718220435647,0.3264063360945632,0.04541063679310441,100,30,2000,2000,0.1,1.0,1.0,1.0472691381140538,1.0472691381140538,0
555,plugin+true,0.05976825664072413,0.18126153151011867,0.08356063679310444,100,30,2000,2000,0.1,1.0,1.0,1.0472691381140538,1.0472691381140538,0
555,plugin+hat,2.135068261712694,0.15407726906660824,0.043610636793104375,100,30,2000,2000,0.1,1.0,1.0,1.0472691381140538,1.0472691381140538,0
556,rejection+true,0.01,0.42925510952870044,0.06345794836572062,100,30,2000,2000,0.1,1.0,1.0,1.0383687451396788,1.0383687451396788,0
556,rejection+hat,0.01,0.42925510952870044,0.06345794836572062,100,30,2000,2000,0.1,1.0,1.0,1.0383687451396788,1.0383687451396788,0
556,plugin+true,0.03822547943598284,0.24169341365672659,0.06345794836572062,100,30,2000,2000,0.1,1.0,1.0,1.0383687451396788,1.0383687451396788,0
556,plugin+hat,0.015635711447601203,0.24946586973723867,0.06345794836572062,100,30,2000,2000,0.1,1.0,1.0,1.0383687451396788,1.0383687451396788,0
557,rejection+true,0.01,-0.04585946617492785,0.09494501822638372,100,30,2000,2000,0.1,1.0,1.0,0.9544079296261976,0.9544079296261976,1
557,rejection+hat,0.01,-0.04585946617492785,0.09494501822638372,100,30,2000,2000,0.1,1.0,1.0,0.9544079296261976,0.9544079296261976,1
557,plugin+true,0.03822547943598284,0.13436603742686293,0.09494501822638372,100,30,2000,2000,0.1,1.0,1.0,0.9544079296261976,0.9544079296261976,1
557,plugin+hat,3.338331126107119,0.0886749423024306,0.06554501822638356,100,30,2000,2000,0.1,1.0,1.0,0.9544079296261976,0.9544079296261976,1
558,rejection+true,0.558545842515421,0.3167374278108278,0.0003395408743229198,100,30,2000,2000,0.1,1.0,1.0,1.0059213200996313,1.0059213200996313,0
558,rejection+hat,0.558545842515421,0.3167374278108278,0.08168954087432274,100,30,2000,2000,0.1,1.0,1.0,1.0059213200996313,1.0059213200996313,0
558,plugin+true,0.8733261623828429,0.24622761375003885,0.07378954087432277,100,30,2000,2000,0.1,1.0,1.0,1.0059213200996313,1.0059213200996313,0
558,plugin+hat,0.22846702651445452,0.16618216738425107,-0.0007104591256770604,100,30,2000,2000,0.1,1.0,1.0,1.0059213200996313,1.0059213200996313,0
559,rejection+true,3.338331126107119,0.15640937437613806,0.08509518466309375,100,30,2000,2000,0.1,1.0,1.0,0.8955529252075315,0.8955529252075315,1
559,rejection+hat,5.219718220435647,0.17419307256738345,0.08139518466309371,100,30,2000,2000,0.1,1.0,1.0,0.8955529252075315,0.8955529252075315,1
559,plugin+true,0.02444754724726473,0.21969607826139376,0.021845184663093722,100,30,2000,2000,0.1,1.0,1.0,0.8955529252075315,0.8955529252075315,1
559,plugin+hat,0.8733261623828429,0.21008666247647306,0.11089518466309392,100,30,2000,2000,0.1,1.0,1.0,0.8955529252075315,0.8955529252075315,1
560,rejection+true,0.8733261623828429,0.22691033358375226,0.09402690348107201,100,30,2000,2000,0.1,1.0,1.0,1.019214490644743,1.019214490644743,0
560,rejection+hat,0.8733261623828429,0.22691033358375226,0.08707690348107198,100,30,2000,2000,0.1,1.0,1.0,1.019214490644743,1.019214490644743,0
560,plugin+true,12.760930781150906,-0.014930668946405327,0.050276903481071965,100,30,2000,2000,0.1,1.0,1.0,1.019214490644743,1.019214490644743,0
560,plugin+hat,0.03822547943598284,-0.0005857332723665822,-0.0016730965189280145,100,30,2000,2000,0.1,1.0,1.0,1.019214490644743,1.019214490644743,0
561,rejection+true,2.135068261712694,0.13424528452257312,0.10204922571485328,100,30,2000,2000,0.1,1.0,1.0,0.9830799025966298,0.9830799025966298,1
561,rejection+hat,2.135068261712694,0.13424528452257312,0.08164922571485297,100,30,2000,2000,0.1,1.0,1.0,0.9830799025966298,0.9830799025966298,1
561,plugin+true,19.952623149688797,0.049447563440704376,0.07074922571485318,100,30,2000,2000,0.1,1.0,1.0,0.9830799025966298,0.9830799025966298,1
561,plugin+hat,0.03822547943598284,0.04922076784041122,0.018299225714853182,100,30,2000,2000,0.1,1.0,1.0,0.9830799025966298,0.9830799025966298,1
562,rejection+true,2.135068261712694,0.2504884712398052,0.0920015328737169,100,30,2000,2000,0.1,1.0,1.0,1.1327154170640699,1.1327154170640699,0
562,rejection+hat,12.760930781150906,0.19146134008963903,0.09280153287371698,100,30,2000,2000,0.1,1.0,1.0,1.1327154170640699,1.1327154170640699,0
562,plugin+true,0.02444754724726473,0.021647630033029164,0.04175153287371677,100,30,2000,2000,0.1,1.0,1.0,1.1327154170640699,1.1327154170640699,0
562,plugin+hat,0.22846702651445452,0.025149754770583878,0.12950153287371693,100,30,2000,2000,0.1,1.0,1.0,1.1327154170640699,1.1327154170640699,0
563,rejection+true,5.219718220435647,0.26759729261199633,0.06777558958113938,100,30,2000,2000,0.1,1.0,1.0,1.1451198918607726,1.1451198918607726,0
563,rejection+hat,1.3655075874659035,0.22551687788218264,0.09157558958113943,100,30,2000,2000,0.1,1.0,1.0,1.1451198918607726,1.1451198918607726,0
563,plugin+true,0.03822547943598284,0.1925545566351373,0.009725589581139357,100,30,2000,2000,0.1,1.0,1.0,1.1451198918607726,1.1451198918607726,0
563,plugin+hat,0.1461187278110747,0.1655910369186978,0.009825589581139361,100,30,2000,2000,0.1,1.0,1.0,1.1451198918607726,1.1451198918607726,0
564,rejection+true,5.219718220435647,0.05667631495743989,0.09116704332861038,100,30,2000,2000,0.1,1.0,1.0,0.9124693775304555,0.9124693775304555,1
564,rejection+hat,0.8733261623828429,0.08685546809186538,0.11751704332861024,100,30,2000,2000,0.1,1.0,1.0,0.9124693775304555,0.9124693775304555,1
564,plugin+true,0.558545842515421,0.24138124188831714,0.03606704332861045,100,30,2000,2000,0.1,1.0,1.0,0.9124693775304555,0.9124693775304555,1
564,plugin+hat,0.09345192145605369,0.21353077340346394,0.03601704332861047,100,30,2000,2000,0.1,1.0,1.0,0.9124693775304555,0.9124693775304555,1
565,rejection+true,0.8733261623828429,-0.06592679223200927,0.04594466053010887,100,30,2000,2000,0.1,1.0,1.0,1.0258059857121107,1.0258059857121107,0
565,rejection+hat,0.01,-0.11807893416068209,-0.0306553394698911,100,30,2000,2000,0.1,1.0,1.0,1.0258059857121107,1.0258059857121107,0
565,plugin+true,3.338331126107119,-0.07362560185762186,0.0370946605301089,100,30,2000,2000,0.1,1.0,1.0,1.0258059857121107,1.0258059857121107,0
565,plugin+hat,0.1461187278110747,-0.10962965477106686,-0.0306553394698911,100,30,2000,2000,0.1,1.0,1.0,1.0258059857121107,1.0258059857121107,0
566,rejection+true,0.05976825664072413,0.3471012119514247,0.1141750498589429,100,30,2000,2000,0.1,1.0,1.0,1.0396976117942334,1.0396976117942334,0
566,rejection+hat,0.05976825664072413,0.3471012119514247,0.1143250498589429,100,30,2000,2000,0.1,1.0,1.0,1.0396976117942334,1.0396976117942334,0
566,plugin+true,12.760930781150906,0.21139996289954777,0.07277504985894297,100,30,2000,2000,0.1,1.0,1.0,1.0396976117942334,1.0396976117942334,0
566,plugin+hat,0.03822547943598284,0.2082276853791273,0.11782504985894293,100,30,2000,2000,0.1,1.0,1.0,1.0396976117942334,1.0396976117942334,0
567,rejection+true,3.338331126107119,0.2764474245409171,0.057335083756779835,100,30,2000,2000,0.1,1.0,1.0,1.0667467697804687,1.0667467697804687,0
567,rejection+hat,3.338331126107119,0.24454241717855135,0.0547350837567799,100,30,2000,2000,0.1,1.0,1.0,1.0667467697804687,1.0667467697804687,0
567,plugin+true,19.952623149688797,0.12399464904728899,0.04778508375677981,100,30,2000,2000,0.1,1.0,1.0,1.0667467697804687,1.0667467697804687,0
567,plugin+hat,0.015635711447601203,0.1253720988232054,0.09733508375677986,100,30,2000,2000,0.1,1.0,1.0,1.0667467697804687,1.0667467697804687,0
568,rejection+true,5.219718220435647,0.2596327697858215,0.017977851511649535,100,30,2000,2000,0.1,1.0,1.0,0.9819943557631624,0.9819943557631624,1
568,rejection+hat,5.219718220435647,0.2596327697858215,0.02332785151164955,100,30,2000,2000,0.1,1.0,1.0,0.9819943557631624,0.9819943557631624,1
568,plugin+true,0.015635711447601203,0.23078501174739316,0.0633278515116495,100,30,2000,2000,0.1,1.0,1.0,0.9819943557631624,0.9819943557631624,1
568,plugin+hat,0.09345192145605369,0.23940555404612868,0.0633278515116495,100,30,2000,2000,0.1,1.0,1.0,0.9819943557631624,0.9819943557631624,1
569,rejection+true,0.01,0.3926372768978278,0.06271674436007553,100,30,2000,2000,0.1,1.0,1.0,0.9329121869980238,0.9329121869980238,1
569,rejection+hat,0.01,0.3926372768978278,0.06271674436007553,100,30,2000,2000,0.1,1.0,1.0,0.9329121869980238,0.9329121869980238,1
569,plugin+true,0.03822547943598284,0.24284016166830386,0.06271674436007553,100,30,2000,2000,0.1,1.0,1.0,0.9329121869980238,0.9329121869980238,1
569,plugin+hat,0.35722445018714644,0.20410539446443438,0.059966744360075534,100,30,2000,2000,0.1,1.0,1.0,0.9329121869980238,0.9329121869980238,1
570,rejection+true,3.338331126107119,0.08274864753087362,0.012528297130646337,100,30,2000,2000,0.1,1.0,1.0,0.9550278209307309,0.9550278209307309,1
570,rejection+hat,0.8733261623828429,0.11837034796675047,0.03932829713064635,100,30,2000,2000,0.1,1.0,1.0,0.9550278209307309,0.9550278209307309,1
570,plugin+true,12.760930781150906,0.14310184541669727,0.0034782971306462707,100,30,2000,2000,0.1,1.0,1.0,0.9550278209307309,0.9550278209307309,1
570,plugin+hat,0.8733261623828429,0.05931861439275965,0.03932829713064635,100,30,2000,2000,0.1,1.0,1.0,0.9550278209307309,0.9550278209307309,1
571,rejection+true,0.558545842515421,0.27987940334326905,0.09342466826437913,100,30,2000,2000,0.1,1.0,1.0,0.9038290369885277,0.9038290369885277,1
571,rejection+hat,0.8733261623828429,0.2585080837015994,0.08287466826437924,100,30,2000,2000,0.1,1.0,1.0,0.9038290369885277,0.9038290369885277,1
571,plugin+true,0.1461187278110747,0.10857097549699787,0.09357466826437912,100,30,2000,2000,0.1,1.0,1.0,0.9038290369885277,0.9038290369885277,1
571,plugin+hat,0.05976825664072413,0.08022542753318347,0.09357466826437912,100,30,2000,2000,0.1,1.0,1.0,0.9038290369885277,0.9038290369885277,1
572,rejection+true,0.01,0.241393756493926,-0.027135015261262337,100,30,2000,2000,0.1,1.0,1.0,1.080814026018468,1.080814026018468,0
572,rejection+hat,0.01,0.241393756493926,-0.027135015261262337,100,30,2000,2000,0.1,1.0,1.0,1.080814026018468,1.080814026018468,0
572,plugin+true,8.161400793251818,0.19838607116458107,0.026614984738737687,100,30,2000,2000,0.1,1.0,1.0,1.080814026018468,1.080814026018468,0
572,plugin+hat,0.015635711447601203,0.25149165898753284,-0.027135015261262337,100,30,2000,2000,0.1,1.0,1.0,1.080814026018468,1.080814026018468,0
573,rejection+true,0.558545842515421,0.06760713762293259,0.07109130196489576,100,30,2000,2000,0.1,1.0,1.0,0.9979133192710512,0.9979133192710512,1
573,rejection+hat,0.558545842515421,0.06760713762293259,0.0732913019648957,100,30,2000,2000,0.1,1.0,1.0,0.9979133192710512,0.9979133192710512,1
573,plugin+true,0.35722445018714644,0.12031555461265715,0.07334130196489567,100,30,2000,2000,0.1,1.0,1.0,0.9979133192710512,0.9979133192710512,1
573,plugin+hat,19.952623149688797,0.12071126116838785,0.026341301964895862,100,30,2000,2000,0.1,1.0,1.0,0.9979133192710512,0.9979133192710512,1
574,rejection+true,0.558545842515421,0.04208243452012539,0.07474295250023626,100,30,2000,2000,0.1,1.0,1.0,0.993314643176975,0.993314643176975,1
574,rejection+hat,0.558545842515421,0.04208243452012539,0.07474295250023626,100,30,2000,2000,0.1,1.0,1.0,0.993314643176975,0.993314643176975,1
574,plugin+true,0.015635711447601203,0.0998174973409082,0.07474295250023626,100,30,2000,2000,0.1,1.0,1.0,0.993314643176975,0.993314643176975,1
574,plugin+hat,5.219718220435647,0.08533004578257326,0.03029295250023622,100,30,2000,2000,0.1,1.0,1.0,0.993314643176975,0.993314643176975,1
575,rejection+true,3.338331126107119,0.10555518108109634,0.05809883138745662,100,30,2000,2000,0.1,1.0,1.0,1.0333104045168535,1.0333104045168535,0
575,rejection+hat,3.338331126107119,0.10555518108109634,0.05714883138745659,100,30,2000,2000,0.1,1.0,1.0,1.0333104045168535,1.0333104045168535,0
575,plugin+true,0.02444754724726473,0.007811397523944483,0.09794883138745651,100,30,2000,2000,0.1,1.0,1.0,1.0333104045168535,1.0333104045168535,0
575,plugin+hat,0.02444754724726473,0.010547864789830561,0.09794883138745651,100,30,2000,2000,0.1,1.0,1.0,1.0333104045168535,1.0333104045168535,0
576,rejection+true,0.01,0.13848580407599612,0.08108878064232934,100,30,2000,2000,0.1,1.0,1.0,1.0513421790889264,1.0513421790889264,0
576,rejection+hat,0.01,0.13848580407599612,0.08108878064232934,100,30,2000,2000,0.1,1.0,1.0,1.0513421790889264,1.0513421790889264,0
576,plugin+true,0.22846702651445452,0.2072721875976517,0.014088780642329374,100,30,2000,2000,0.1,1.0,1.0,1.0513421790889264,1.0513421790889264,0
576,plugin+hat,0.01,0.18468885640777472,0.08108878064232934,100,30,2000,2000,0.1,1.0,1.0,1.0513421790889264,1.0513421790889264,0
577,rejection+true,3.338331126107119,0.16117522946248455,0.05616383682949208,100,30,2000,2000,0.1,1.0,1.0,0.9351382778448831,0.9351382778448831,1
577,rejection+hat,12.760930781150906,0.05429868927846352,0.040013836829492104,100,30,2000,2000,0.1,1.0,1.0,0.9351382778448831,0.9351382778448831,1
577,plugin+true,0.05976825664072413,0.14714051244209939,0.08661383682949222,100,30,2000,2000,0.1,1.0,1.0,0.9351382778448831,0.9351382778448831,1
577,plugin+hat,0.09345192145605369,0.14235601627942995,0.08661383682949222,100,30,2000,2000,0.1,1.0,1.0,0.9351382778448831,0.9351382778448831,1
578,rejection+true,0.8733261623828429,0.06174838269750277,0.10351044856006618,100,30,2000,2000,0.1,1.0,1.0,0.9238466583059594,0.9238466583059594,1
578,rejection+hat,5.219718220435647,-2.0550439755121862e-05,0.07906044856006632,100,30,2000,2000,0.1,1.0,1.0,0.9238466583059594,0.9238466583059594,1
578,plugin+true,0.22846702651445452,0.09809501175266491,0.11341044856006616,100,30,2000,2000,0.1,1.0,1.0,0.9238466583059594,0.9238466583059594,1
578,plugin+hat,0.03822547943598284,0.1556069136233054,0.11281044856006614,100,30,2000,2000,0.1,1.0,1.0,0.9238466583059594,0.9238466583059594,1
579,rejection+true,2.135068261712694,0.2916542244454225,0.054448620329572955,100,30,2000,2000,0.1,1.0,1.0,1.0973218071743207,1.0973218071743207,0
579,rejection+hat,1.3655075874659035,0.25564930761853855,0.05254862032957291,100,30,2000,2000,0.1,1.0,1.0,1.0973218071743207,1.0973218071743207,0
579,plugin+true,0.03822547943598284,0.14510206767230724,0.09169862032957296,100,30,2000,2000,0.1,1.0,1.0,1.0973218071743207,1.0973218071743207,0
579,plugin+hat,0.558545842515421,0.12762992009268645,0.06904862032957282,100,30,2000,2000,0.1,1.0,1.0,1.0973218071743207,1.0973218071743207,0
580,rejection+true,5.219718220435647,0.3859076081464688,0.05348307293622879,100,30,2000,2000,0.1,1.0,1.0,1.0269146135691771,1.0269146135691771,0
580,rejection+hat,5.219718220435647,0.3859076081464688,0.057433072936228825,100,30,2000,2000,0.1,1.0,1.0,1.0269146135691771,1.0269146135691771,0
580,plugin+true,0.1461187278110747,0.16657712076516956,0.0008830729362287902,100,30,2000,2000,0.1,1.0,1.0,1.0269146135691771,1.0269146135691771,0
580,plugin+hat,3.338331126107119,0.15103464398816055,0.05543307293622881,100,30,2000,2000,0.1,1.0,1.0,1.0269146135691771,1.0269146135691771,0
581,rejection+true,0.01,-0.08849914918343224,0.13079777328974798,100,30,2000,2000,0.1,1.0,1.0,0.9751849816144752,0.9751849816144752,1
581,rejection+hat,2.135068261712694,-0.08483239412307737,0.09219777328974779,100,30,2000,2000,0.1,1.0,1.0,0.9751849816144752,0.9751849816144752,1
581,plugin+true,1.3655075874659035,0.10714455719640144,0.11639777328974785,100,30,2000,2000,0.1,1.0,1.0,0.9751849816144752,0.9751849816144752,1
581,plugin+hat,0.02444754724726473,0.11573408043552831,0.13079777328974798,100,30,2000,2000,0.1,1.0,1.0,0.9751849816144752,0.9751849816144752,1
582,rejection+true,8.161400793251818,0.36205151528120033,-0.009103099577633403,100,30,2000,2000,0.1,1.0,1.0,0.9868952835133551,0.9868952835133551,1
582,rejection+hat,8.161400793251818,0.36205151528120033,-0.0060530995776334265,100,30,2000,2000,0.1,1.0,1.0,0.9868952835133551,0.9868952835133551,1
582,plugin+true,0.22846702651445452,0.16420464328882106,-0.06065309957763341,100,30,2000,2000,0.1,1.0,1.0,0.9868952835133551,0.9868952835133551,1
582,plugin+hat,0.03822547943598284,0.15987338901742237,-0.06065309957763341,100,30,2000,2000,0.1,1.0,1.0,0.9868952835133551,0.9868952835133551,1
583,rejection+true,19.952623149688797,0.3869064901644984,0.05103371496221952,100,30,2000,2000,0.1,1.0,1.0,1.0748888944869424,1.0748888944869424,0
583,rejection+hat,8.161400793251818,0.3873520428314805,0.049433714962219405,100,30,2000,2000,0.1,1.0,1.0,1.0748888944869424,1.0748888944869424,0
583,plugin+true,0.35722445018714644,0.18887656141239248,0.0659337149622194,100,30,2000,2000,0.1,1.0,1.0,1.0748888944869424,1.0748888944869424,0
583,plugin+hat,0.05976825664072413,0.20744216464932794,-0.001266285037780524,100,30,2000,2000,0.1,1.0,1.0,1.0748888944869424,1.0748888944869424,0
584,rejection+true,0.558545842515421,0.17767947586253285,0.09649938342099594,100,30,2000,2000,0.1,1.0,1.0,0.8961296173070279,0.8961296173070279,1
584,rejection+hat,0.8733261623828429,0.18259072906027238,0.08339938342099591,100,30,2000,2000,0.1,1.0,1.0,0.8961296173070279,0.8961296173070279,1
584,plugin+true,3.338331126107119,0.07807045753565046,0.048399383420995847,100,30,2000,2000,0.1,1.0,1.0,0.8961296173070279,0.8961296173070279,1
584,plugin+hat,0.558545842515421,0.08362537646084704,0.07174938342099582,100,30,2000,2000,0.1,1.0,1.0,0.8961296173070279,0.8961296173070279,1
585,rejection+true,5.219718220435647,0.07701639117052156,0.04696714129248171,100,30,2000,2000,0.1,1.0,1.0,1.0397839480438003,1.0397839480438003,0
585,rejection+hat,5.219718220435647,0.07701639117052156,0.0437671412924817,100,30,2000,2000,0.1,1.0,1.0,1.0397839480438003,1.0397839480438003,0
585,plugin+true,0.01,0.33921232662886724,0.08331714129248166,100,30,2000,2000,0.1,1.0,1.0,1.0397839480438003,1.0397839480438003,0
585,plugin+hat,0.05976825664072413,0.33641508309835283,0.08331714129248166,100,30,2000,2000,0.1,1.0,1.0,1.0397839480438003,1.0397839480438003,0
586,rejection+true,0.01,0.15347930284527445,0.11079233995520854,100,30,2000,2000,0.1,1.0,1.0,1.0455508515455918,1.0455508515455918,0
586,rejection+hat,0.01,0.15347930284527445,0.11079233995520854,100,30,2000,2000,0.1,1.0,1.0,1.0455508515455918,1.0455508515455918,0
586,plugin+true,0.35722445018714644,0.044952062949387764,0.011092339955208573,100,30,2000,2000,0.1,1.0,1.0,1.0455508515455918,1.0455508515455918,0
586,plugin+hat,0.02444754724726473,0.04363939147052111,0.11079233995520854,100,30,2000,2000,0.1,1.0,1.0,1.0455508515455918,1.0455508515455918,0
587,rejection+true,0.01,0.29742354924480113,0.11877092957289376,100,30,2000,2000,0.1,1.0,1.0,1.1544376639727443,1.1544376639727443,0
587,rejection+hat,19.952623149688797,0.31294980247815457,0.07097092957289365,100,30,2000,2000,0.1,1.0,1.0,1.1544376639727443,1.1544376639727443,0
587,plugin+true,0.22846702651445452,0.1473524482246262,0.11887092957289376,100,30,2000,2000,0.1,1.0,1.0,1.1544376639727443,1.1544376639727443,0
587,plugin+hat,0.558545842515421,0.14214574127893892,0.11857092957289378,100,30,2000,2000,0.1,1.0,1.0,1.1544376639727443,1.1544376639727443,0
588,rejection+true,0.01,0.3219961197891584,0.0931496239981307,100,30,2000,2000,0.1,1.0,1.0,0.9879565660819823,0.9879565660819823,1
588,rejection+hat,0.01,0.3219961197891584,0.0931496239981307,100,30,2000,2000,0.1,1.0,1.0,0.9879565660819823,0.9879565660819823,1
588,plugin+true,0.015635711447601203,0.28364800252132133,0.0931496239981307,100,30,2000,2000,0.1,1.0,1.0,0.9879565660819823,0.9879565660819823,1
588,plugin+hat,0.03822547943598284,0.2871928844064172,0.0931496239981307,100,30,2000,2000,0.1,1.0,1.0,0.9879565660819823,0.9879565660819823,1
589,rejection+true,0.01,0.20441273922721542,-0.01603927242194236,100,30,2000,2000,0.1,1.0,1.0,0.9367887041342311,0.9367887041342311,1
589,rejection+hat,0.01,0.20441273922721542,-0.01603927242194236,100,30,2000,2000,0.1,1.0,1.0,0.9367887041342311,0.9367887041342311,1
589,plugin+true,0.22846702651445452,0.33834545434782537,-0.015989272421942355,100,30,2000,2000,0.1,1.0,1.0,0.9367887041342311,0.9367887041342311,1
589,plugin+hat,2.135068261712694,0.321672183754831,0.04896072757805758,100,30,2000,2000,0.1,1.0,1.0,0.9367887041342311,0.9367887041342311,1
590,rejection+true,0.01,0.2606778237968683,0.07620320321332977,100,30,2000,2000,0.1,1.0,1.0,1.0918484199698795,1.0918484199698795,0
590,rejection+hat,0.01,0.2606778237968683,0.07620320321332977,100,30,2000,2000,0.1,1.0,1.0,1.0918484199698795,1.0918484199698795,0
590,plugin+true,0.09345192145605369,0.29560399480489197,0.07620320321332977,100,30,2000,2000,0.1,1.0,1.0,1.0918484199698795,1.0918484199698795,0
590,plugin+hat,0.8733261623828429,0.2086849453120946,0.056203203213329764,100,30,2000,2000,0.1,1.0,1.0,1.0918484199698795,1.0918484199698795,0
591,rejection+true,3.338331126107119,0.10381933649381,0.05990548872844016,100,30,2000,2000,0.1,1.0,1.0,0.9783099421019984,0.9783099421019984,1
591,rejection+hat,0.35722445018714644,0.13889440147516624,0.09465548872844033,100,30,2000,2000,0.1,1.0,1.0,0.9783099421019984,0.9783099421019984,1
591,plugin+true,0.35722445018714644,0.13240630755104654,0.09115548872844027,100,30,2000,2000,0.1,1.0,1.0,0.9783099421019984,0.9783099421019984,1
591,plugin+hat,0.35722445018714644,0.1256809921445885,0.09465548872844033,100,30,2000,2000,0.1,1.0,1.0,0.9783099421019984,0.9783099421019984,1
592,rejection+true,0.1461187278110747,0.42558746598660946,0.053041113372004,100,30,2000,2000,0.1,1.0,1.0,0.9420179052185118,0.9420179052185118,1
592,rejection+hat,0.1461187278110747,0.42558746598660946,0.060591113372004,100,30,2000,2000,0.1,1.0,1.0,0.9420179052185118,0.9420179052185118,1
592,plugin+true,0.558545842515421,0.1810761840552449,0.04299111337200404,100,30,2000,2000,0.1,1.0,1.0,0.9420179052185118,0.9420179052185118,1
592,plugin+hat,0.35722445018714644,0.20199168415147722,0.06039111337200398,100,30,2000,2000,0.1,1.0,1.0,0.9420179052185118,0.9420179052185118,1
593,rejection+true,3.338331126107119,0.11844036616384986,0.06875513257904299,100,30,2000,2000,0.1,1.0,1.0,0.9360489969294021,0.9360489969294021,1
593,rejection+hat,3.338331126107119,0.11844036616384986,0.06945513257904296,100,30,2000,2000,0.1,1.0,1.0,0.9360489969294021,0.9360489969294021,1
593,plugin+true,5.219718220435647,0.11162967398107353,0.070055132579043,100,30,2000,2000,0.1,1.0,1.0,0.9360489969294021,0.9360489969294021,1
593,plugin+hat,0.01,0.14949331416040196,0.10955513257904305,100,30,2000,2000,0.1,1.0,1.0,0.9360489969294021,0.9360489969294021,1
594,rejection+true,0.1461187278110747,-0.05020321682095528,0.09845074773919993,100,30,2000,2000,0.1,1.0,1.0,1.041253304595109,1.041253304595109,0
594,rejection+hat,0.1461187278110747,-0.05020321682095528,0.09875074773919994,100,30,2000,2000,0.1,1.0,1.0,1.041253304595109,1.041253304595109,0
594,plugin+true,0.35722445018714644,-0.018333722910636598,0.09825074773919994,100,30,2000,2000,0.1,1.0,1.0,1.041253304595109,1.041253304595109,0
594,plugin+hat,1.3655075874659035,-0.011880835472297433,0.0829507477391999,100,30,2000,2000,0.1,1.0,1.0,1.041253304595109,1.041253304595109,0
595,rejection+true,3.338331126107119,-0.013623705289016167,0.02932840897581105,100,30,2000,2000,0.1,1.0,1.0,0.9066845484054638,0.9066845484054638,1
595,rejection+hat,0.01,-0.03234990028043587,0.06637840897581102,100,30,2000,2000,0.1,1.0,1.0,0.9066845484054638,0.9066845484054638,1
595,plugin+true,0.35722445018714644,0.11828465256768954,0.066028408975811,100,30,2000,2000,0.1,1.0,1.0,0.9066845484054638,0.9066845484054638,1
595,plugin+hat,0.03822547943598284,0.05869878031492646,0.06637840897581102,100,30,2000,2000,0.1,1.0,1.0,0.9066845484054638,0.9066845484054638,1
596,rejection+true,0.558545842515421,0.24139480118950205,0.06440573665154062,100,30,2000,2000,0.1,1.0,1.0,0.9473519102287191,0.9473519102287191,1
596,rejection+hat,0.558545842515421,0.24586165597041448,0.06575573665154061,100,30,2000,2000,0.1,1.0,1.0,0.9473519102287191,0.9473519102287191,1
596,plugin+true,0.22846702651445452,0.30276430640236573,0.0661057366515406,100,30,2000,2000,0.1,1.0,1.0,0.9473519102287191,0.9473519102287191,1
596,plugin+hat,0.09345192145605369,0.2865049244281494,-0.03324426334845945,100,30,2000,2000,0.1,1.0,1.0,0.9473519102287191,0.9473519102287191,1
597,rejection+true,8.161400793251818,-0.07783723577546577,0.028445496415420192,100,30,2000,2000,0.1,1.0,1.0,0.9427321956276621,0.9427321956276621,1
597,rejection+hat,12.760930781150906,-0.07783723577546577,0.028745496415420173,100,30,2000,2000,0.1,1.0,1.0,0.9427321956276621,0.9427321956276621,1
597,plugin+true,0.558545842515421,0.04935899330611034,0.04414549641542003,100,30,2000,2000,0.1,1.0,1.0,0.9427321956276621,0.9427321956276621,1
597,plugin+hat,0.03822547943598284,0.09790010575817762,-0.028454503584579835,100,30,2000,2000,0.1,1.0,1.0,0.9427321956276621,0.9427321956276621,1
598,rejection+true,0.22846702651445452,0.16624929234385494,0.10631538642651317,100,30,2000,2000,0.1,1.0,1.0,0.9662785340401138,0.9662785340401138,1
598,rejection+hat,0.35722445018714644,0.16624929234385494,0.11551538642651328,100,30,2000,2000,0.1,1.0,1.0,0.9662785340401138,0.9662785340401138,1
598,plugin+true,0.01,0.018293648231353665,0.11571538642651329,100,30,2000,2000,0.1,1.0,1.0,0.9662785340401138,0.9662785340401138,1
598,plugin+hat,0.03822547943598284,0.041655286658558194,0.11571538642651329,100,30,2000,2000,0.1,1.0,1.0,0.9662785340401138,0.9662785340401138,1
599,rejection+true,0.01,0.21426239858071008,-0.012743510957928455,100,30,2000,2000,0.1,1.0,1.0,0.855675822077264,0.855675822077264,1
599,rejection+hat,0.01,0.21426239858071008,-0.012743510957928455,100,30,2000,2000,0.1,1.0,1.0,0.855675822077264,0.855675822077264,1
599,plugin+true,0.01,0.09352601934413374,-0.012743510957928455,100,30,2000,2000,0.1,1.0,1.0,0.855675822077264,0.855675822077264,1
599,plugin+hat,0.1461187278110747,0.11839867998916465,-0.012743510957928455,100,30,2000,2000,0.1,1.0,1.0,0.855675822077264,0.855675822077264,1
600,rejection+true,0.01,0.24265032658974328,0.08247600269038705,100,30,2000,2000,0.1,1.0,1.0,1.1502966324868737,1.1502966324868737,0
600,rejection+hat,0.01,0.24265032658974328,0.08247600269038705,100,30,2000,2000,0.1,1.0,1.0,1.1502966324868737,1.1502966324868737,0
600,plugin+true,2.135068261712694,0.104816587726283,0.04992600269038693,100,30,2000,2000,0.1,1.0,1.0,1.1502966324868737,1.1502966324868737,0
600,plugin+hat,0.05976825664072413,0.13984076686254754,0.08247600269038705,100,30,2000,2000,0.1,1.0,1.0,1.1502966324868737,1.1502966324868737,0
601,rejection+true,3.338331126107119,0.29332378276934234,0.043714065320973355,100,30,2000,2000,0.1,1.0,1.0,0.8614126000369865,0.8614126000369865,1
601,rejection+hat,2.135068261712694,0.37216055467724807,0.06221406532097343,100,30,2000,2000,0.1,1.0,1.0,0.8614126000369865,0.8614126000369865,1
601,plugin+true,0.35722445018714644,0.30664997245810843,-0.011985934679026674,100,30,2000,2000,0.1,1.0,1.0,0.8614126000369865,0.8614126000369865,1
601,plugin+hat,0.558545842515421,0.2712462180145099,-0.011985934679026674,100,30,2000,2000,0.1,1.0,1.0,0.8614126000369865,0.8614126000369865,1
602,rejection+true,0.558545842515421,0.056118604028597474,0.06938876963135733,100,30,2000,2000,0.1,1.0,1.0,1.0100955997994174,1.0100955997994174,0
602,rejection+hat,0.558545842515421,0.056118604028597474,0.09683876963135735,100,30,2000,2000,0.1,1.0,1.0,1.0100955997994174,1.0100955997994174,0
602,plugin+true,0.09345192145605369,-0.015111035625260097,0.10108876963135738,100,30,2000,2000,0.1,1.0,1.0,1.0100955997994174,1.0100955997994174,0
602,plugin+hat,5.219718220435647,-0.0028109416537390507,0.05288876963135729,100,30,2000,2000,0.1,1.0,1.0,1.0100955997994174,1.0100955997994174,0
603,rejection+true,19.952623149688797,0.3216269399970769,0.059755241927435206,100,30,2000,2000,0.1,1.0,1.0,0.9803047540774776,0.9803047540774776,1
603,rejection+hat,19.952623149688797,0.3216269399970769,0.06055524192743528,100,30,2000,2000,0.1,1.0,1.0,0.9803047540774776,0.9803047540774776,1
603,plugin+true,19.952623149688797,0.2694769987127858,0.059755241927435206,100,30,2000,2000,0.1,1.0,1.0,0.9803047540774776,0.9803047540774776,1
603,plugin+hat,0.015635711447601203,0.2873321589215337,0.10710524192743529,100,30,2000,2000,0.1,1.0,1.0,0.9803047540774776,0.9803047540774776,1
604,rejection+true,8.161400793251818,0.28834141964713733,0.06203627122306678,100,30,2000,2000,0.1,1.0,1.0,1.054109201788427,1.054109201788427,0
604,rejection+hat,8.161400793251818,0.28834141964713733,0.061886271223066884,100,30,2000,2000,0.1,1.0,1.0,1.054109201788427,1.054109201788427,0
604,plugin+true,0.35722445018714644,0.09048988832137071,0.10233627122306681,100,30,2000,2000,0.1,1.0,1.0,1.054109201788427,1.054109201788427,0
604,plugin+hat,0.05976825664072413,0.12413669971627092,0.10628627122306684,100,30,2000,2000,0.1,1.0,1.0,1.054109201788427,1.054109201788427,0
605,rejection+true,0.1461187278110747,0.389613270604362,0.030902858185687884,100,30,2000,2000,0.1,1.0,1.0,1.0584381501357727,1.0584381501357727,0
605,rejection+hat,0.22846702651445452,0.39362892343973127,0.030902858185687884,100,30,2000,2000,0.1,1.0,1.0,1.0584381501357727,1.0584381501357727,0
605,plugin+true,19.952623149688797,0.18237663959066033,0.08270285818568794,100,30,2000,2000,0.1,1.0,1.0,1.0584381501357727,1.0584381501357727,0
605,plugin+hat,0.8733261623828429,0.1279751428590048,0.12050285818568791,100,30,2000,2000,0.1,1.0,1.0,1.0584381501357727,1.0584381501357727,0
606,rejection+true,0.01,0.23285162628938755,0.11404685982439924,100,30,2000,2000,0.1,1.0,1.0,0.8743572598231563,0.8743572598231563,1
606,rejection+hat,0.01,0.23285162628938755,0.11404685982439924,100,30,2000,2000,0.1,1.0,1.0,0.8743572598231563,0.8743572598231563,1
606,plugin+true,0.1461187278110747,0.06436029776378496,0.11404685982439924,100,30,2000,2000,0.1,1.0,1.0,0.8743572598231563,0.8743572598231563,1
606,plugin+hat,0.03822547943598284,0.08240762121596189,0.11404685982439924,100,30,2000,2000,0.1,1.0,1.0,0.8743572598231563,0.8743572598231563,1
607,rejection+true,2.135068261712694,0.2874385119105379,0.06934477077123956,100,30,2000,2000,0.1,1.0,1.0,0.9769936489421026,0.9769936489421026,1
607,rejection+hat,2.135068261712694,0.2874385119105379,0.05974477077123968,100,30,2000,2000,0.1,1.0,1.0,0.9769936489421026,0.9769936489421026,1
607,plugin+true,8.161400793251818,0.22094613311581632,0.04979477077123967,100,30,2000,2000,0.1,1.0,1.0,0.9769936489421026,0.9769936489421026,1
607,plugin+hat,0.1461187278110747,0.2242815285968669,0.09279477077123949,100,30,2000,2000,0.1,1.0,1.0,0.9769936489421026,0.9769936489421026,1
608,rejection+true,3.338331126107119,0.4485612702866395,0.031120757639341134,100,30,2000,2000,0.1,1.0,1.0,0.9552904694949658,0.9552904694949658,1
608,rejection+hat,1.3655075874659035,0.48213781509548426,0.034120757639341096,100,30,2000,2000,0.1,1.0,1.0,0.9552904694949658,0.9552904694949658,1
608,plugin+true,0.558545842515421,0.18339303394884512,0.07092075763934119,100,30,2000,2000,0.1,1.0,1.0,0.9552904694949658,0.9552904694949658,1
608,plugin+hat,0.1461187278110747,0.22203775568834555,0.07097075763934117,100,30,2000,2000,0.1,1.0,1.0,0.9552904694949658,0.9552904694949658,1
609,rejection+true,0.01,0.1393463318546613,0.012749009352275218,100,30,2000,2000,0.1,1.0,1.0,1.0373013162759144,1.0373013162759144,0
609,rejection+hat,0.558545842515421,0.14036795720458034,0.014499009352275232,100,30,2000,2000,0.1,1.0,1.0,1.0373013162759144,1.0373013162759144,0
609,plugin+true,3.338331126107119,0.16271303490463002,0.07784900935227522,100,30,2000,2000,0.1,1.0,1.0,1.0373013162759144,1.0373013162759144,0
609,plugin+hat,1.3655075874659035,0.17140181623445783,0.09419900935227526,100,30,2000,2000,0.1,1.0,1.0,1.0373013162759144,1.0373013162759144,0
610,rejection+true,19.952623149688797,0.015211720640460651,0.058622317163609404,100,30,2000,2000,0.1,1.0,1.0,0.9478125759419138,0.9478125759419138,1
610,rejection+hat,19.952623149688797,0.015211720640460651,0.058572317163609486,100,30,2000,2000,0.1,1.0,1.0,0.9478125759419138,0.9478125759419138,1
610,plugin+true,3.338331126107119,0.05931550366428261,0.06927231716360956,100,30,2000,2000,0.1,1.0,1.0,0.9478125759419138,0.9478125759419138,1
610,plugin+hat,0.03822547943598284,0.07610187995125298,0.10762231716360934,100,30,2000,2000,0.1,1.0,1.0,0.9478125759419138,0.9478125759419138,1
611,rejection+true,5.219718220435647,0.17684279729922608,0.03384122581302898,100,30,2000,2000,0.1,1.0,1.0,1.1938115740233328,1.1938115740233328,0
611,rejection+hat,8.161400793251818,0.20037245800097786,0.027741225813028982,100,30,2000,2000,0.1,1.0,1.0,1.1938115740233328,1.1938115740233328,0
611,plugin+true,0.02444754724726473,0.09529942704452046,-0.02500877418697093,100,30,2000,2000,0.1,1.0,1.0,1.1938115740233328,1.1938115740233328,0
611,plugin+hat,0.8733261623828429,0.09410925504319205,0.06024122581302896,100,30,2000,2000,0.1,1.0,1.0,1.1938115740233328,1.1938115740233328,0
612,rejection+true,0.558545842515421,0.12451614315311113,0.08877898995278491,100,30,2000,2000,0.1,1.0,1.0,0.9690955538719408,0.9690955538719408,1
612,rejection+hat,0.558545842515421,0.12451614315311113,0.09007898995278481,100,30,2000,2000,0.1,1.0,1.0,0.9690955538719408,0.9690955538719408,1
612,plugin+true,0.558545842515421,0.022743320637269006,0.08877898995278491,100,30,2000,2000,0.1,1.0,1.0,0.9690955538719408,0.9690955538719408,1
612,plugin+hat,0.01,0.007934340567489012,0.1117289899527851,100,30,2000,2000,0.1,1.0,1.0,0.9690955538719408,0.9690955538719408,1
613,rejection+true,1.3655075874659035,0.2395364387581746,0.026474721160296154,100,30,2000,2000,0.1,1.0,1.0,0.9176199396976014,0.9176199396976014,1
613,rejection+hat,1.3655075874659035,0.27407417309780924,0.021824721160296177,100,30,2000,2000,0.1,1.0,1.0,0.9176199396976014,0.9176199396976014,1
613,plugin+true,0.03822547943598284,0.09764084503819456,0.05782472116029628,100,30,2000,2000,0.1,1.0,1.0,0.9176199396976014,0.9176199396976014,1
613,plugin+hat,0.22846702651445452,0.1813701788545998,0.05777472116029628,100,30,2000,2000,0.1,1.0,1.0,0.9176199396976014,0.9176199396976014,1
614,rejection+true,3.338331126107119,0.38043506331741817,0.01330980571881684,100,30,2000,2000,0.1,1.0,1.0,1.0476530664001027,1.0476530664001027,0
614,rejection+hat,2.135068261712694,0.3730391739557187,0.017809805718816837,100,30,2000,2000,0.1,1.0,1.0,1.0476530664001027,1.0476530664001027,0
614,plugin+true,0.35722445018714644,0.23153661859628274,-0.04769019428118316,100,30,2000,2000,0.1,1.0,1.0,1.0476530664001027,1.0476530664001027,0
614,plugin+hat,0.8733261623828429,0.25050778031370063,0.026959805718816815,100,30,2000,2000,0.1,1.0,1.0,1.0476530664001027,1.0476530664001027,0
615,rejection+true,0.1461187278110747,0.22366007789969444,-0.006119627191504772,100,30,2000,2000,0.1,1.0,1.0,0.9213271285542293,0.9213271285542293,1
615,rejection+hat,0.1461187278110747,0.22366007789969444,-0.006119627191504772,100,30,2000,2000,0.1,1.0,1.0,0.9213271285542293,0.9213271285542293,1
615,plugin+true,0.1461187278110747,0.155420996353944,-0.006119627191504772,100,30,2000,2000,0.1,1.0,1.0,0.9213271285542293,0.9213271285542293,1
615,plugin+hat,0.05976825664072413,0.1848491106664024,-0.006119627191504772,100,30,2000,2000,0.1,1.0,1.0,0.9213271285542293,0.9213271285542293,1
616,rejection+true,8.161400793251818,0.16416047737002376,0.04788669114395159,100,30,2000,2000,0.1,1.0,1.0,0.9099066883201045,0.9099066883201045,1
616,rejection+hat,8.161400793251818,0.16416047737002376,0.046486691143951535,100,30,2000,2000,0.1,1.0,1.0,0.9099066883201045,0.9099066883201045,1
616,plugin+true,8.161400793251818,0.0708839476954712,0.04788669114395159,100,30,2000,2000,0.1,1.0,1.0,0.9099066883201045,0.9099066883201045,1
616,plugin+hat,5.219718220435647,0.10126174060785416,0.05123669114395162,100,30,2000,2000,0.1,1.0,1.0,0.9099066883201045,0.9099066883201045,1
617,rejection+true,0.8733261623828429,0.039297147079681356,0.1009927257499526,100,30,2000,2000,0.1,1.0,1.0,1.0560828251454688,1.0560828251454688,0
617,rejection+hat,0.01,-0.09250003051323195,0.11839272574995273,100,30,2000,2000,0.1,1.0,1.0,1.0560828251454688,1.0560828251454688,0
617,plugin+true,0.1461187278110747,0.02606709283106463,0.11839272574995273,100,30,2000,2000,0.1,1.0,1.0,1.0560828251454688,1.0560828251454688,0
617,plugin+hat,0.02444754724726473,0.004090284018300683,0.11839272574995273,100,30,2000,2000,0.1,1.0,1.0,1.0560828251454688,1.0560828251454688,0
618,rejection+true,2.135068261712694,0.2544821872065465,0.058111113399765095,100,30,2000,2000,0.1,1.0,1.0,0.9900182388132927,0.9900182388132927,1
618,rejection+hat,3.338331126107119,0.2500572334975004,0.05616111339976503,100,30,2000,2000,0.1,1.0,1.0,0.9900182388132927,0.9900182388132927,1
618,plugin+true,0.01,0.1840351139122542,-0.0054388866002349065,100,30,2000,2000,0.1,1.0,1.0,0.9900182388132927,0.9900182388132927,1
618,plugin+hat,0.35722445018714644,0.14206844762405937,-0.0051388866002349005,100,30,2000,2000,0.1,1.0,1.0,0.9900182388132927,0.9900182388132927,1
619,rejection+true,0.8733261623828429,0.10133550340930622,0.087109717964186,100,30,2000,2000,0.1,1.0,1.0,0.9130384307560316,0.9130384307560316,1
619,rejection+hat,12.760930781150906,0.07478245024879773,0.041109717964186054,100,30,2000,2000,0.1,1.0,1.0,0.9130384307560316,0.9130384307560316,1
619,plugin+true,12.760930781150906,0.12055075519587236,0.04330971796418608,100,30,2000,2000,0.1,1.0,1.0,0.9130384307560316,0.9130384307560316,1
619,plugin+hat,2.135068261712694,0.11997356779895789,0.056609717964186096,100,30,2000,2000,0.1,1.0,1.0,0.9130384307560316,0.9130384307560316,1
620,rejection+true,0.01,0.06081933627525965,-0.02901982227364223,100,30,2000,2000,0.1,1.0,1.0,1.0708347314306061,1.0708347314306061,0
620,rejection+hat,0.01,0.06081933627525965,-0.02901982227364223,100,30,2000,2000,0.1,1.0,1.0,1.0708347314306061,1.0708347314306061,0
620,plugin+true,5.219718220435647,0.16075315058497747,0.024480177726357813,100,30,2000,2000,0.1,1.0,1.0,1.0708347314306061,1.0708347314306061,0
620,plugin+hat,12.760930781150906,0.14029621937280523,0.02393017772635776,100,30,2000,2000,0.1,1.0,1.0,1.0708347314306061,1.0708347314306061,0
621,rejection+true,1.3655075874659035,0.09752556029707193,0.09341382220788724,100,30,2000,2000,0.1,1.0,1.0,1.077342235793731,1.077342235793731,0
621,rejection+hat,1.3655075874659035,0.12554422896355394,0.10301382220788717,100,30,2000,2000,0.1,1.0,1.0,1.077342235793731,1.077342235793731,0
621,plugin+true,0.09345192145605369,0.2434755999343612,0.11271382220788714,100,30,2000,2000,0.1,1.0,1.0,1.077342235793731,1.077342235793731,0
621,plugin+hat,0.558545842515421,0.23450931477277864,0.034363822207887015,100,30,2000,2000,0.1,1.0,1.0,1.077342235793731,1.077342235793731,0
622,rejection+true,0.22846702651445452,0.20734736323356628,0.08837659005096396,100,30,2000,2000,0.1,1.0,1.0,1.001825589075463,1.001825589075463,0
622,rejection+hat,0.22846702651445452,0.20734736323356628,0.08837659005096396,100,30,2000,2000,0.1,1.0,1.0,1.001825589075463,1.001825589075463,0
622,plugin+true,1.3655075874659035,0.00017522128224292804,0.08302659005096388,100,30,2000,2000,0.1,1.0,1.0,1.001825589075463,1.001825589075463,0
622,plugin+hat,0.01,0.03986349807610129,0.08837659005096396,100,30,2000,2000,0.1,1.0,1.0,1.001825589075463,1.001825589075463,0
623,rejection+true,1.3655075874659035,0.26097760759294025,0.04604307039909985,100,30,2000,2000,0.1,1.0,1.0,1.0063984070844971,1.0063984070844971,0
623,rejection+hat,1.3655075874659035,0.26097760759294025,0.045343070399099815,100,30,2000,2000,0.1,1.0,1.0,1.0063984070844971,1.0063984070844971,0
623,plugin+true,0.03822547943598284,0.16716298254325082,-0.027406929600900205,100,30,2000,2000,0.1,1.0,1.0,1.0063984070844971,1.0063984070844971,0
623,plugin+hat,0.22846702651445452,0.17026557389700153,-0.027406929600900205,100,30,2000,2000,0.1,1.0,1.0,1.0063984070844971,1.0063984070844971,0
624,rejection+true,1.3655075874659035,0.21362501997500657,0.0794429730814697,100,30,2000,2000,0.1,1.0,1.0,1.0206502622076947,1.0206502622076947,0
624,rejection+hat,0.01,0.15516868624836203,0.10634297308146967,100,30,2000,2000,0.1,1.0,1.0,1.0206502622076947,1.0206502622076947,0
624,plugin+true,0.02444754724726473,0.0882594880321066,0.10634297308146967,100,30,2000,2000,0.1,1.0,1.0,1.0206502622076947,1.0206502622076947,0
624,plugin+hat,19.952623149688797,0.13848217990349593,0.05764297308146968,100,30,2000,2000,0.1,1.0,1.0,1.0206502622076947,1.0206502622076947,0
625,rejection+true,8.161400793251818,0.4852362686768175,0.05994219350521032,100,30,2000,2000,0.1,1.0,1.0,0.9885124022887054,0.9885124022887054,1
625,rejection+hat,8.161400793251818,0.4852362686768175,0.057092193505210345,100,30,2000,2000,0.1,1.0,1.0,0.9885124022887054,0.9885124022887054,1
625,plugin+true,8.161400793251818,0.24803952429018628,0.05994219350521032,100,30,2000,2000,0.1,1.0,1.0,0.9885124022887054,0.9885124022887054,1
625,plugin+hat,0.8733261623828429,0.23322382705082711,0.07729219350521042,100,30,2000,2000,0.1,1.0,1.0,0.9885124022887054,0.9885124022887054,1
626,rejection+true,1.3655075874659035,0.24210476940497752,0.05572986693342122,100,30,2000,2000,0.1,1.0,1.0,0.9619923149803435,0.9619923149803435,1
626,rejection+hat,8.161400793251818,0.08755092173814776,0.036379866933421136,100,30,2000,2000,0.1,1.0,1.0,0.9619923149803435,0.9619923149803435,1
626,plugin+true,3.338331126107119,0.13713712199585532,0.04002986693342117,100,30,2000,2000,0.1,1.0,1.0,0.9619923149803435,0.9619923149803435,1
626,plugin+hat,0.03822547943598284,0.12277283869127287,0.07212986693342119,100,30,2000,2000,0.1,1.0,1.0,0.9619923149803435,0.9619923149803435,1
627,rejection+true,2.135068261712694,0.14756214298928777,0.05135494796833484,100,30,2000,2000,0.1,1.0,1.0,1.0526510848026318,1.0526510848026318,0
627,rejection+hat,2.135068261712694,0.14756214298928777,0.06630494796833492,100,30,2000,2000,0.1,1.0,1.0,1.0526510848026318,1.0526510848026318,0
627,plugin+true,12.760930781150906,0.1530583229220004,0.047154947968334894,100,30,2000,2000,0.1,1.0,1.0,1.0526510848026318,1.0526510848026318,0
627,plugin+hat,0.02444754724726473,0.15141782250962588,-0.0056450520316651005,100,30,2000,2000,0.1,1.0,1.0,1.0526510848026318,1.0526510848026318,0
628,rejection+true,3.338331126107119,0.18975836715350552,0.08853850990496133,100,30,2000,2000,0.1,1.0,1.0,0.9047570049273675,0.9047570049273675,1
628,rejection+hat,3.338331126107119,0.18521283846348524,0.0790885099049613,100,30,2000,2000,0.1,1.0,1.0,0.9047570049273675,0.9047570049273675,1
628,plugin+true,0.01,0.2126140080391236,0.11828850990496145,100,30,2000,2000,0.1,1.0,1.0,0.9047570049273675,0.9047570049273675,1
628,plugin+hat,0.015635711447601203,0.252941970088307,0.11828850990496145,100,30,2000,2000,0.1,1.0,1.0,0.9047570049273675,0.9047570049273675,1
629,rejection+true,1.3655075874659035,0.016436094790697093,0.09937105947034752,100,30,2000,2000,0.1,1.0,1.0,0.9802012907361978,0.9802012907361978,1
629,rejection+hat,1.3655075874659035,0.016436094790697093,0.10892105947034754,100,30,2000,2000,0.1,1.0,1.0,0.9802012907361978,0.9802012907361978,1
629,plugin+true,0.01,0.18790074636615062,0.12477105947034753,100,30,2000,2000,0.1,1.0,1.0,0.9802012907361978,0.9802012907361978,1
629,plugin+hat,0.015635711447601203,0.24356110503006648,0.12477105947034753,100,30,2000,2000,0.1,1.0,1.0,0.9802012907361978,0.9802012907361978,1
630,rejection+true,3.338331126107119,0.2550734841575225,0.054601736059347164,100,30,2000,2000,0.1,1.0,1.0,1.058921070062267,1.058921070062267,0
630,rejection+hat,2.135068261712694,0.3776081893593073,0.06105173605934726,100,30,2000,2000,0.1,1.0,1.0,1.058921070062267,1.058921070062267,0
630,plugin+true,0.1461187278110747,0.2716800448975266,-0.009098263940652853,100,30,2000,2000,0.1,1.0,1.0,1.058921070062267,1.058921070062267,0
630,plugin+hat,0.09345192145605369,0.2853121415898791,-0.00869826394065285,100,30,2000,2000,0.1,1.0,1.0,1.058921070062267,1.058921070062267,0
631,rejection+true,19.952623149688797,0.4309837939838569,0.032463626643305724,100,30,2000,2000,0.1,1.0,1.0,1.048928196852196,1.048928196852196,0
631,rejection+hat,19.952623149688797,0.4309837939838569,0.03326362664330566,100,30,2000,2000,0.1,1.0,1.0,1.048928196852196,1.048928196852196,0
631,plugin+true,2.135068261712694,0.24630860529391688,0.05196362664330578,100,30,2000,2000,0.1,1.0,1.0,1.048928196852196,1.048928196852196,0
631,plugin+hat,19.952623149688797,0.25038134308036375,0.03326362664330566,100,30,2000,2000,0.1,1.0,1.0,1.048928196852196,1.048928196852196,0
632,rejection+true,3.338331126107119,0.33815696922441324,0.0516807284461261,100,30,2000,2000,0.1,1.0,1.0,1.1536888602656403,1.1536888602656403,0
632,rejection+hat,2.135068261712694,0.3788169919202725,0.053630728446126125,100,30,2000,2000,0.1,1.0,1.0,1.1536888602656403,1.1536888602656403,0
632,plugin+true,0.02444754724726473,0.07361313562553376,0.08638072844612601,100,30,2000,2000,0.1,1.0,1.0,1.1536888602656403,1.1536888602656403,0
632,plugin+hat,0.22846702651445452,0.08619325227882622,0.08638072844612601,100,30,2000,2000,0.1,1.0,1.0,1.1536888602656403,1.1536888602656403,0
633,rejection+true,0.01,0.18700397256761786,0.12534897843401469,100,30,2000,2000,0.1,1.0,1.0,0.9411219511561294,0.9411219511561294,1
633,rejection+hat,0.01,0.18700397256761786,0.12534897843401469,100,30,2000,2000,0.1,1.0,1.0,0.9411219511561294,0.9411219511561294,1
633,plugin+true,0.05976825664072413,0.1724862821399905,0.12534897843401469,100,30,2000,2000,0.1,1.0,1.0,0.9411219511561294,0.9411219511561294,1
633,plugin+hat,0.02444754724726473,0.19839131221192327,0.12534897843401469,100,30,2000,2000,0.1,1.0,1.0,0.9411219511561294,0.9411219511561294,1
634,rejection+true,2.135068261712694,0.12298111220200854,0.07027029183407409,100,30,2000,2000,0.1,1.0,1.0,0.9399693607385715,0.9399693607385715,1
634,rejection+hat,3.338331126107119,0.12444307506084444,0.05017029183407407,100,30,2000,2000,0.1,1.0,1.0,0.9399693607385715,0.9399693607385715,1
634,plugin+true,0.1461187278110747,0.13012718760508127,0.09587029183407411,100,30,2000,2000,0.1,1.0,1.0,0.9399693607385715,0.9399693607385715,1
634,plugin+hat,0.8733261623828429,0.10993786257889941,0.06972029183407404,100,30,2000,2000,0.1,1.0,1.0,0.9399693607385715,0.9399693607385715,1
635,rejection+true,0.8733261623828429,0.3062082070857287,0.08756256973740485,100,30,2000,2000,0.1,1.0,1.0,1.1383282011785374,1.1383282011785374,0
635,rejection+hat,0.22846702651445452,0.31454205103218563,0.0001125697374047798,100,30,2000,2000,0.1,1.0,1.0,1.1383282011785374,1.1383282011785374,0
635,plugin+true,0.03822547943598284,0.23426547885213872,0.0001125697374047798,100,30,2000,2000,0.1,1.0,1.0,1.1383282011785374,1.1383282011785374,0
635,plugin+hat,0.22846702651445452,0.250216692826397,0.0001125697374047798,100,30,2000,2000,0.1,1.0,1.0,1.1383282011785374,1.1383282011785374,0
636,rejection+true,0.558545842515421,0.41506167749563855,0.11238687340134361,100,30,2000,2000,0.1,1.0,1.0,0.9738754760700076,0.9738754760700076,1
636,rejection+hat,0.558545842515421,0.41506167749563855,0.1258868734013436,100,30,2000,2000,0.1,1.0,1.0,0.9738754760700076,0.9738754760700076,1
636,plugin+true,0.01,0.2600286387235694,0.1266368734013436,100,30,2000,2000,0.1,1.0,1.0,0.9738754760700076,0.9738754760700076,1
636,plugin+hat,0.09345192145605369,0.23906660712481198,0.1266368734013436,100,30,2000,2000,0.1,1.0,1.0,0.9738754760700076,0.9738754760700076,1
637,rejection+true,2.135068261712694,0.043422272180517515,0.0811139690428718,100,30,2000,2000,0.1,1.0,1.0,1.0150394213189535,1.0150394213189535,0
637,rejection+hat,2.135068261712694,0.043422272180517515,0.0694639690428718,100,30,2000,2000,0.1,1.0,1.0,1.0150394213189535,1.0150394213189535,0
637,plugin+true,0.015635711447601203,0.1665751769945343,0.008313969042871914,100,30,2000,2000,0.1,1.0,1.0,1.0150394213189535,1.0150394213189535,0
637,plugin+hat,0.015635711447601203,0.1673990828951488,0.008313969042871914,100,30,2000,2000,0.1,1.0,1.0,1.0150394213189535,1.0150394213189535,0
638,rejection+true,12.760930781150906,0.15921840798109774,0.03315429218395137,100,30,2000,2000,0.1,1.0,1.0,0.9519481390342034,0.9519481390342034,1
638,rejection+hat,12.760930781150906,0.15921840798109774,0.033104292183951375,100,30,2000,2000,0.1,1.0,1.0,0.9519481390342034,0.9519481390342034,1
638,plugin+true,0.1461187278110747,0.07480109491835582,-0.020145707816048564,100,30,2000,2000,0.1,1.0,1.0,0.9519481390342034,0.9519481390342034,1
638,plugin+hat,0.09345192145605369,0.11197917527772812,-0.020245707816048564,100,30,2000,2000,0.1,1.0,1.0,0.9519481390342034,0.9519481390342034,1
639,rejection+true,0.01,-0.13342192123333613,-0.011621207991491063,100,30,2000,2000,0.1,1.0,1.0,0.9155423086416279,0.9155423086416279,1
639,rejection+hat,1.3655075874659035,-0.06724379410346351,0.04952879200850896,100,30,2000,2000,0.1,1.0,1.0,0.9155423086416279,0.9155423086416279,1
639,plugin+true,12.760930781150906,0.024716631392631073,0.04202879200850887,100,30,2000,2000,0.1,1.0,1.0,0.9155423086416279,0.9155423086416279,1
639,plugin+hat,0.35722445018714644,0.02002061472979059,0.07802879200850868,100,30,2000,2000,0.1,1.0,1.0,0.9155423086416279,0.9155423086416279,1
640,rejection+true,2.135068261712694,0.2625214321538805,0.059450466826860233,100,30,2000,2000,0.1,1.0,1.0,1.0332476947043137,1.0332476947043137,0
640,rejection+hat,0.8733261623828429,0.10994057760884364,0.08600046682686019,100,30,2000,2000,0.1,1.0,1.0,1.0332476947043137,1.0332476947043137,0
640,plugin+true,5.219718220435647,-0.012211031072001428,0.04890046682686023,100,30,2000,2000,0.1,1.0,1.0,1.0332476947043137,1.0332476947043137,0
640,plugin+hat,0.09345192145605369,0.06718484584653739,0.09550046682686013,100,30,2000,2000,0.1,1.0,1.0,1.0332476947043137,1.0332476947043137,0
641,rejection+true,0.35722445018714644,0.04471657201647759,0.11219674916583358,100,30,2000,2000,0.1,1.0,1.0,0.9568401373213525,0.9568401373213525,1
641,rejection+hat,0.35722445018714644,0.04471657201647759,0.11249674916583356,100,30,2000,2000,0.1,1.0,1.0,0.9568401373213525,0.9568401373213525,1
641,plugin+true,5.219718220435647,0.04823463320694178,0.07414674916583368,100,30,2000,2000,0.1,1.0,1.0,0.9568401373213525,0.9568401373213525,1
641,plugin+hat,0.01,0.049020256501060254,0.012746749165833656,100,30,2000,2000,0.1,1.0,1.0,0.9568401373213525,0.9568401373213525,1
642,rejection+true,19.952623149688797,0.1384449606761336,0.039760371813315286,100,30,2000,2000,0.1,1.0,1.0,0.9595847089999914,0.9595847089999914,1
642,rejection+hat,19.952623149688797,0.1384449606761336,0.04111037181331527,100,30,2000,2000,0.1,1.0,1.0,0.9595847089999914,0.9595847089999914,1
642,plugin+true,0.02444754724726473,0.09696888433577347,-0.011739628186684727,100,30,2000,2000,0.1,1.0,1.0,0.9595847089999914,0.9595847089999914,1
642,plugin+hat,3.338331126107119,0.08078052344129934,0.05651037181331522,100,30,2000,2000,0.1,1.0,1.0,0.9595847089999914,0.9595847089999914,1
643,rejection+true,3.338331126107119,-0.12482440429739657,0.08013657212544345,100,30,2000,2000,0.1,1.0,1.0,1.1172152273318106,1.1172152273318106,0
643,rejection+hat,1.3655075874659035,-0.1578179070881257,0.08588657212544339,100,30,2000,2000,0.1,1.0,1.0,1.1172152273318106,1.1172152273318106,0
643,plugin+true,0.1461187278110747,-0.18037376072502698,0.11883657212544343,100,30,2000,2000,0.1,1.0,1.0,1.1172152273318106,1.1172152273318106,0
643,plugin+hat,1.3655075874659035,-0.1805573101436461,0.08588657212544339,100,30,2000,2000,0.1,1.0,1.0,1.1172152273318106,1.1172152273318106,0
644,rejection+true,0.01,0.1903725109994411,0.08026914207468351,100,30,2000,2000,0.1,1.0,1.0,0.9679101329795468,0.9679101329795468,1
644,rejection+hat,0.01,0.1903725109994411,0.08026914207468351,100,30,2000,2000,0.1,1.0,1.0,0.9679101329795468,0.9679101329795468,1
644,plugin+true,12.760930781150906,0.21025929811229588,0.03241914207468356,100,30,2000,2000,0.1,1.0,1.0,0.9679101329795468,0.9679101329795468,1
644,plugin+hat,1.3655075874659035,0.19517675333724527,0.0558691420746835,100,30,2000,2000,0.1,1.0,1.0,0.9679101329795468,0.9679101329795468,1
645,rejection+true,8.161400793251818,0.26902577951550477,0.0426704681290773,100,30,2000,2000,0.1,1.0,1.0,0.9079031187302011,0.9079031187302011,1
645,rejection+hat,8.161400793251818,0.26902577951550477,0.0468704681290772,100,30,2000,2000,0.1,1.0,1.0,0.9079031187302011,0.9079031187302011,1
645,plugin+true,2.135068261712694,0.19562600036397307,0.05092046812907731,100,30,2000,2000,0.1,1.0,1.0,0.9079031187302011,0.9079031187302011,1
645,plugin+hat,0.35722445018714644,0.2128844699902789,0.07997046812907727,100,30,2000,2000,0.1,1.0,1.0,0.9079031187302011,0.9079031187302011,1
646,rejection+true,0.01,0.06282157152891157,0.05061484959653171,100,30,2000,2000,0.1,1.0,1.0,1.00366103398818,1.00366103398818,0
646,rejection+hat,0.01,0.06282157152891157,0.05061484959653171,100,30,2000,2000,0.1,1.0,1.0,1.00366103398818,1.00366103398818,0
646,plugin+true,1.3655075874659035,0.1521970744700844,0.008714849596531767,100,30,2000,2000,0.1,1.0,1.0,1.00366103398818,1.00366103398818,0
646,plugin+hat,5.219718220435647,0.1370032004184003,0.012314849596531787,100,30,2000,2000,0.1,1.0,1.0,1.00366103398818,1.00366103398818,0
647,rejection+true,1.3655075874659035,0.21067206791291632,0.05361144036618044,100,30,2000,2000,0.1,1.0,1.0,0.8650674157715509,0.8650674157715509,1
647,rejection+hat,0.01,0.18317138502995173,0.0814114403661807,100,30,2000,2000,0.1,1.0,1.0,0.8650674157715509,0.8650674157715509,1
647,plugin+true,0.22846702651445452,0.19325886283054744,0.0814114403661807,100,30,2000,2000,0.1,1.0,1.0,0.8650674157715509,0.8650674157715509,1
647,plugin+hat,0.015635711447601203,0.1534922921736881,0.0814114403661807,100,30,2000,2000,0.1,1.0,1.0,0.8650674157715509,0.8650674157715509,1
648,rejection+true,8.161400793251818,0.17345214808980627,0.027000663811035906,100,30,2000,2000,0.1,1.0,1.0,1.068732579877509,1.068732579877509,0
648,rejection+hat,8.161400793251818,0.17345214808980627,0.023150663811035893,100,30,2000,2000,0.1,1.0,1.0,1.068732579877509,1.068732579877509,0
648,plugin+true,0.03822547943598284,0.08609448508000991,0.07425066381103598,100,30,2000,2000,0.1,1.0,1.0,1.068732579877509,1.068732579877509,0
648,plugin+hat,1.3655075874659035,0.08428662172270354,0.03895066381103587,100,30,2000,2000,0.1,1.0,1.0,1.068732579877509,1.068732579877509,0
649,rejection+true,1.3655075874659035,0.10338793173432352,0.10736415687042278,100,30,2000,2000,0.1,1.0,1.0,0.9207916845023153,0.9207916845023153,1
649,rejection+hat,12.760930781150906,0.10292942728847265,0.08031415687042284,100,30,2000,2000,0.1,1.0,1.0,0.9207916845023153,0.9207916845023153,1
649,plugin+true,0.558545842515421,0.2305740010523627,0.12361415687042279,100,30,2000,2000,0.1,1.0,1.0,0.9207916845023153,0.9207916845023153,1
649,plugin+hat,1.3655075874659035,0.21470617973586173,0.11246415687042276,100,30,2000,2000,0.1,1.0,1.0,0.9207916845023153,0.9207916845023153,1
650,rejection+true,0.01,0.2960278945664564,0.03522986872750053,100,30,2000,2000,0.1,1.0,1.0,1.0490731436379688,1.0490731436379688,0
650,rejection+hat,0.01,0.2960278945664564,0.03522986872750053,100,30,2000,2000,0.1,1.0,1.0,1.0490731436379688,1.0490731436379688,0
650,plugin+true,8.161400793251818,0.06833797115842924,0.08897986872750056,100,30,2000,2000,0.1,1.0,1.0,1.0490731436379688,1.0490731436379688,0
650,plugin+hat,0.09345192145605369,0.053329261396556235,0.03522986872750053,100,30,2000,2000,0.1,1.0,1.0,1.0490731436379688,1.0490731436379688,0
651,rejection+true,2.135068261712694,0.3635456050435702,0.10960474071856895,100,30,2000,2000,0.1,1.0,1.0,0.9433586238615911,0.9433586238615911,1
651,rejection+hat,2.135068261712694,0.4515016756951808,0.11815474071856905,100,30,2000,2000,0.1,1.0,1.0,0.9433586238615911,0.9433586238615911,1
651,plugin+true,0.1461187278110747,0.2912759603724945,0.14585474071856902,100,30,2000,2000,0.1,1.0,1.0,0.9433586238615911,0.9433586238615911,1
651,plugin+hat,12.760930781150906,0.28252888967556855,0.09900474071856905,100,30,2000,2000,0.1,1.0,1.0,0.9433586238615911,0.9433586238615911,1
652,rejection+true,1.3655075874659035,-0.09514316109319526,0.10701858533605911,100,30,2000,2000,0.1,1.0,1.0,1.0142802139085003,1.0142802139085003,0
652,rejection+hat,1.3655075874659035,-0.09514316109319526,0.08626858533605895,100,30,2000,2000,0.1,1.0,1.0,1.0142802139085003,1.0142802139085003,0
652,plugin+true,2.135068261712694,-0.0002791645860075548,0.09381858533605904,100,30,2000,2000,0.1,1.0,1.0,1.0142802139085003,1.0142802139085003,0
652,plugin+hat,0.09345192145605369,-0.025507462368315525,0.12446858533605884,100,30,2000,2000,0.1,1.0,1.0,1.0142802139085003,1.0142802139085003,0
653,rejection+true,0.01,0.6465084372864414,-0.009611610787611849,100,30,2000,2000,0.1,1.0,1.0,0.94445094630295,0.94445094630295,1
653,rejection+hat,0.35722445018714644,0.671128241609161,0.08813838921238812,100,30,2000,2000,0.1,1.0,1.0,0.94445094630295,0.94445094630295,1
653,plugin+true,0.558545842515421,0.28353600957819425,0.08773838921238811,100,30,2000,2000,0.1,1.0,1.0,0.94445094630295,0.94445094630295,1
653,plugin+hat,1.3655075874659035,0.2812933751411899,0.0549883892123881,100,30,2000,2000,0.1,1.0,1.0,0.94445094630295,0.94445094630295,1
654,rejection+true,3.338331126107119,0.056175733637064705,0.05951974486600984,100,30,2000,2000,0.1,1.0,1.0,0.9893047469977962,0.9893047469977962,1
654,rejection+hat,3.338331126107119,0.056175733637064705,0.05561974486600982,100,30,2000,2000,0.1,1.0,1.0,0.9893047469977962,0.9893047469977962,1
654,plugin+true,0.09345192145605369,0.21500274640522635,-0.006530255133990266,100,30,2000,2000,0.1,1.0,1.0,0.9893047469977962,0.9893047469977962,1
654,plugin+hat,12.760930781150906,0.11751037362067922,0.04496974486600982,100,30,2000,2000,0.1,1.0,1.0,0.9893047469977962,0.9893047469977962,1
655,rejection+true,5.219718220435647,0.0733499695236484,0.05790205009970507,100,30,2000,2000,0.1,1.0,1.0,0.8833572328564525,0.8833572328564525,1
655,rejection+hat,2.135068261712694,0.13983684747169411,0.07065205009970515,100,30,2000,2000,0.1,1.0,1.0,0.8833572328564525,0.8833572328564525,1
655,plugin+true,0.03822547943598284,0.17842054374712085,0.09655205009970513,100,30,2000,2000,0.1,1.0,1.0,0.8833572328564525,0.8833572328564525,1
655,plugin+hat,0.03822547943598284,0.15234153895822494,0.09655205009970513,100,30,2000,2000,0.1,1.0,1.0,0.8833572328564525,0.8833572328564525,1
656,rejection+true,1.3655075874659035,-0.13186865486204624,0.05403798531740706,100,30,2000,2000,0.1,1.0,1.0,0.9552662191456103,0.9552662191456103,1
656,rejection+hat,1.3655075874659035,-0.04496860491732756,0.04278798531740707,100,30,2000,2000,0.1,1.0,1.0,0.9552662191456103,0.9552662191456103,1
656,plugin+true,2.135068261712694,-0.017631460780334927,0.03683798531740706,100,30,2000,2000,0.1,1.0,1.0,0.9552662191456103,0.9552662191456103,1
656,plugin+hat,0.558545842515421,-0.015382554861986284,0.04868798531740699,100,30,2000,2000,0.1,1.0,1.0,0.9552662191456103,0.9552662191456103,1
657,rejection+true,0.01,0.2821774954597156,-0.029556389965046483,100,30,2000,2000,0.1,1.0,1.0,0.9675458959302314,0.9675458959302314,1
657,rejection+hat,0.01,0.2821774954597156,-0.029556389965046483,100,30,2000,2000,0.1,1.0,1.0,0.9675458959302314,0.9675458959302314,1
657,plugin+true,0.09345192145605369,0.27519593221249106,0.06899361003495348,100,30,2000,2000,0.1,1.0,1.0,0.9675458959302314,0.9675458959302314,1
657,plugin+hat,0.22846702651445452,0.3080926150114023,0.06894361003495347,100,30,2000,2000,0.1,1.0,1.0,0.9675458959302314,0.9675458959302314,1
658,rejection+true,0.558545842515421,-0.04649536988387505,0.056607850655888074,100,30,2000,2000,0.1,1.0,1.0,0.9541099710355997,0.9541099710355997,1
658,rejection+hat,0.09345192145605369,-0.14585468626270695,0.08040785065588822,100,30,2000,2000,0.1,1.0,1.0,0.9541099710355997,0.9541099710355997,1
658,plugin+true,0.1461187278110747,0.05531805444535302,-0.015392149344111867,100,30,2000,2000,0.1,1.0,1.0,0.9541099710355997,0.9541099710355997,1
658,plugin+hat,0.05976825664072413,0.0659646767088982,0.08325785065588825,100,30,2000,2000,0.1,1.0,1.0,0.9541099710355997,0.9541099710355997,1
659,rejection+true,0.8733261623828429,0.14487892376879855,0.06828174715430067,100,30,2000,2000,0.1,1.0,1.0,0.9303986071527256,0.9303986071527256,1
659,rejection+hat,1.3655075874659035,0.0035917126884063093,0.07108174715430073,100,30,2000,2000,0.1,1.0,1.0,0.9303986071527256,0.9303986071527256,1
659,plugin+true,0.1461187278110747,0.10991181017694487,0.0879817471543007,100,30,2000,2000,0.1,1.0,1.0,0.9303986071527256,0.9303986071527256,1
659,plugin+hat,0.09345192145605369,0.14772439766657153,0.0879817471543007,100,30,2000,2000,0.1,1.0,1.0,0.9303986071527256,0.9303986071527256,1
660,rejection+true,8.161400793251818,-0.2272686162808289,0.05944152489171314,100,30,2000,2000,0.1,1.0,1.0,1.1395939102582084,1.1395939102582084,0
660,rejection+hat,0.05976825664072413,-0.23763023863236113,0.10164152489171326,100,30,2000,2000,0.1,1.0,1.0,1.1395939102582084,1.1395939102582084,0
660,plugin+true,0.05976825664072413,-0.03440296743619545,0.10164152489171326,100,30,2000,2000,0.1,1.0,1.0,1.1395939102582084,1.1395939102582084,0
660,plugin+hat,2.135068261712694,-0.04156450089321799,0.05689152489171311,100,30,2000,2000,0.1,1.0,1.0,1.1395939102582084,1.1395939102582084,0
661,rejection+true,2.135068261712694,0.057002978958189475,0.07094766925581726,100,30,2000,2000,0.1,1.0,1.0,0.8778882708953415,0.8778882708953415,1
661,rejection+hat,2.135068261712694,0.054289872696002314,0.07979766925581731,100,30,2000,2000,0.1,1.0,1.0,0.8778882708953415,0.8778882708953415,1
661,plugin+true,3.338331126107119,0.014044536129714097,0.06899766925581725,100,30,2000,2000,0.1,1.0,1.0,0.8778882708953415,0.8778882708953415,1
661,plugin+hat,2.135068261712694,0.010021709523300152,0.07979766925581731,100,30,2000,2000,0.1,1.0,1.0,0.8778882708953415,0.8778882708953415,1
662,rejection+true,0.01,0.19664681168893977,0.010355566638636052,100,30,2000,2000,0.1,1.0,1.0,1.0586731652267583,1.0586731652267583,0
662,rejection+hat,0.01,0.19664681168893977,0.010355566638636052,100,30,2000,2000,0.1,1.0,1.0,1.0586731652267583,1.0586731652267583,0
662,plugin+true,1.3655075874659035,0.11725661403091277,0.09645556663863623,100,30,2000,2000,0.1,1.0,1.0,1.0586731652267583,1.0586731652267583,0
662,plugin+hat,0.1461187278110747,0.09233982248767178,0.01040556663863605,100,30,2000,2000,0.1,1.0,1.0,1.0586731652267583,1.0586731652267583,0
663,rejection+true,5.219718220435647,0.14944117764631903,0.020852059742770167,100,30,2000,2000,0.1,1.0,1.0,1.0435725828786508,1.0435725828786508,0
663,rejection+hat,0.01,0.14884794428944584,-0.03679794025722983,100,30,2000,2000,0.1,1.0,1.0,1.0435725828786508,1.0435725828786508,0
663,plugin+true,0.8733261623828429,0.2528101890328603,0.04420205974277016,100,30,2000,2000,0.1,1.0,1.0,1.0435725828786508,1.0435725828786508,0
663,plugin+hat,1.3655075874659035,0.18675844296109825,0.04050205974277016,100,30,2000,2000,0.1,1.0,1.0,1.0435725828786508,1.0435725828786508,0
664,rejection+true,5.219718220435647,0.23414340838789935,0.04483076488895324,100,30,2000,2000,0.1,1.0,1.0,1.1098817217643,1.1098817217643,0
664,rejection+hat,3.338331126107119,0.23963643303140994,0.046330764888953366,100,30,2000,2000,0.1,1.0,1.0,1.1098817217643,1.1098817217643,0
664,plugin+true,0.22846702651445452,0.29928028037608884,0.08843076488895345,100,30,2000,2000,0.1,1.0,1.0,1.1098817217643,1.1098817217643,0
664,plugin+hat,0.8733261623828429,0.257090948296122,0.07088076488895341,100,30,2000,2000,0.1,1.0,1.0,1.1098817217643,1.1098817217643,0
665,rejection+true,0.01,0.22026250412066778,0.01501433321745014,100,30,2000,2000,0.1,1.0,1.0,0.9533887243025748,0.9533887243025748,1
665,rejection+hat,0.01,0.22026250412066778,0.01501433321745014,100,30,2000,2000,0.1,1.0,1.0,0.9533887243025748,0.9533887243025748,1
665,plugin+true,0.05976825664072413,0.2687024256764272,0.01501433321745014,100,30,2000,2000,0.1,1.0,1.0,0.9533887243025748,0.9533887243025748,1
665,plugin+hat,0.09345192145605369,0.23248933001507527,0.01501433321745014,100,30,2000,2000,0.1,1.0,1.0,0.9533887243025748,0.9533887243025748,1
666,rejection+true,8.161400793251818,0.09971966799348594,0.029624928469054443,100,30,2000,2000,0.1,1.0,1.0,1.1060440716230375,1.1060440716230375,0
666,rejection+hat,8.161400793251818,0.05987785713126261,0.03097492846905442,100,30,2000,2000,0.1,1.0,1.0,1.1060440716230375,1.1060440716230375,0
666,plugin+true,0.35722445018714644,0.09118314412557664,0.07747492846905453,100,30,2000,2000,0.1,1.0,1.0,1.1060440716230375,1.1060440716230375,0
666,plugin+hat,0.015635711447601203,0.0803232185123066,-0.02202507153094557,100,30,2000,2000,0.1,1.0,1.0,1.1060440716230375,1.1060440716230375,0
667,rejection+true,1.3655075874659035,0.3316204774503906,0.07176441609057381,100,30,2000,2000,0.1,1.0,1.0,1.0778187247489766,1.0778187247489766,0
667,rejection+hat,0.8733261623828429,0.36807097463558125,0.08346441609057385,100,30,2000,2000,0.1,1.0,1.0,1.0778187247489766,1.0778187247489766,0
667,plugin+true,0.35722445018714644,0.21971212936018641,0.0890144160905739,100,30,2000,2000,0.1,1.0,1.0,1.0778187247489766,1.0778187247489766,0
667,plugin+hat,0.1461187278110747,0.20790743548269744,0.102264416090574,100,30,2000,2000,0.1,1.0,1.0,1.0778187247489766,1.0778187247489766,0
668,rejection+true,0.01,0.20511702892836184,0.17518399559633638,100,30,2000,2000,0.1,1.0,1.0,1.127987161254371,1.127987161254371,0
668,rejection+hat,0.01,0.20511702892836184,0.17518399559633638,100,30,2000,2000,0.1,1.0,1.0,1.127987161254371,1.127987161254371,0
668,plugin+true,0.35722445018714644,0.06943500166924219,0.1751339955963364,100,30,2000,2000,0.1,1.0,1.0,1.127987161254371,1.127987161254371,0
668,plugin+hat,0.558545842515421,0.06676309845991732,0.14988399559633625,100,30,2000,2000,0.1,1.0,1.0,1.127987161254371,1.127987161254371,0
669,rejection+true,0.05976825664072413,0.22211367338895802,-0.018158953567265577,100,30,2000,2000,0.1,1.0,1.0,0.9392372197147733,0.9392372197147733,1
669,rejection+hat,0.05976825664072413,0.22211367338895802,-0.018158953567265577,100,30,2000,2000,0.1,1.0,1.0,0.9392372197147733,0.9392372197147733,1
669,plugin+true,0.09345192145605369,0.244537179098735,0.08039104643273436,100,30,2000,2000,0.1,1.0,1.0,0.9392372197147733,0.9392372197147733,1
669,plugin+hat,0.1461187278110747,0.33401520564085924,0.08064104643273438,100,30,2000,2000,0.1,1.0,1.0,0.9392372197147733,0.9392372197147733,1
670,rejection+true,0.8733261623828429,0.29747060189644503,0.11321137782777421,100,30,2000,2000,0.1,1.0,1.0,1.1150427683845112,1.1150427683845112,0
670,rejection+hat,3.338331126107119,0.30481068218747776,0.08766137782777432,100,30,2000,2000,0.1,1.0,1.0,1.1150427683845112,1.1150427683845112,0
670,plugin+true,1.3655075874659035,0.25890810695795935,0.11821137782777429,100,30,2000,2000,0.1,1.0,1.0,1.1150427683845112,1.1150427683845112,0
670,plugin+hat,3.338331126107119,0.29543540810289226,0.08766137782777432,100,30,2000,2000,0.1,1.0,1.0,1.1150427683845112,1.1150427683845112,0
671,rejection+true,0.01,0.2708421609054009,0.10715406444572441,100,30,2000,2000,0.1,1.0,1.0,0.9644747608117511,0.9644747608117511,1
671,rejection+hat,0.01,0.2708421609054009,0.10715406444572441,100,30,2000,2000,0.1,1.0,1.0,0.9644747608117511,0.9644747608117511,1
671,plugin+true,3.338331126107119,0.21100397039012636,0.07050406444572437,100,30,2000,2000,0.1,1.0,1.0,0.9644747608117511,0.9644747608117511,1
671,plugin+hat,0.015635711447601203,0.2266640397236909,0.10715406444572441,100,30,2000,2000,0.1,1.0,1.0,0.9644747608117511,0.9644747608117511,1
672,rejection+true,12.760930781150906,0.13837844083706538,0.04036552874126399,100,30,2000,2000,0.1,1.0,1.0,1.0254746060719857,1.0254746060719857,0
672,rejection+hat,12.760930781150906,0.13837844083706538,0.040315528741264026,100,30,2000,2000,0.1,1.0,1.0,1.0254746060719857,1.0254746060719857,0
672,plugin+true,3.338331126107119,0.11301808531097486,0.04336552874126403,100,30,2000,2000,0.1,1.0,1.0,1.0254746060719857,1.0254746060719857,0
672,plugin+hat,19.952623149688797,0.12224420394382282,0.03971552874126395,100,30,2000,2000,0.1,1.0,1.0,1.0254746060719857,1.0254746060719857,0
673,rejection+true,1.3655075874659035,0.2018140216047565,0.05665626991115332,100,30,2000,2000,0.1,1.0,1.0,1.1157719516015898,1.1157719516015898,0
673,rejection+hat,0.8733261623828429,0.26007163127263394,0.06755626991115328,100,30,2000,2000,0.1,1.0,1.0,1.1157719516015898,1.1157719516015898,0
673,plugin+true,0.558545842515421,0.39011636636580527,0.07805626991115336,100,30,2000,2000,0.1,1.0,1.0,1.1157719516015898,1.1157719516015898,0
673,plugin+hat,0.09345192145605369,0.2799838433430576,0.08935626991115359,100,30,2000,2000,0.1,1.0,1.0,1.1157719516015898,1.1157719516015898,0
674,rejection+true,0.22846702651445452,-0.011925595936675864,0.005908763158701177,100,30,2000,2000,0.1,1.0,1.0,1.0114577730883387,1.0114577730883387,0
674,rejection+hat,0.22846702651445452,-0.011925595936675864,0.005858763158701178,100,30,2000,2000,0.1,1.0,1.0,1.0114577730883387,1.0114577730883387,0
674,plugin+true,1.3655075874659035,0.03163461324858183,0.07295876315870117,100,30,2000,2000,0.1,1.0,1.0,1.0114577730883387,1.0114577730883387,0
674,plugin+hat,0.8733261623828429,0.038673588315052264,0.08610876315870104,100,30,2000,2000,0.1,1.0,1.0,1.0114577730883387,1.0114577730883387,0
675,rejection+true,0.01,0.12165429599893592,0.014563880838370586,100,30,2000,2000,0.1,1.0,1.0,0.8888407658467417,0.8888407658467417,1
675,rejection+hat,0.01,0.12165429599893592,0.014563880838370586,100,30,2000,2000,0.1,1.0,1.0,0.8888407658467417,0.8888407658467417,1
675,plugin+true,0.35722445018714644,-0.005038609672210752,0.059713880838370634,100,30,2000,2000,0.1,1.0,1.0,0.8888407658467417,0.8888407658467417,1
675,plugin+hat,0.05976825664072413,0.026228779457022934,0.014563880838370586,100,30,2000,2000,0.1,1.0,1.0,0.8888407658467417,0.8888407658467417,1
676,rejection+true,0.09345192145605369,0.16774669215083118,0.13600685130500978,100,30,2000,2000,0.1,1.0,1.0,0.8789549236490946,0.8789549236490946,1
676,rejection+hat,0.09345192145605369,0.16774669215083118,0.13600685130500978,100,30,2000,2000,0.1,1.0,1.0,0.8789549236490946,0.8789549236490946,1
676,plugin+true,0.09345192145605369,0.28489304644210944,0.13600685130500978,100,30,2000,2000,0.1,1.0,1.0,0.8789549236490946,0.8789549236490946,1
676,plugin+hat,12.760930781150906,0.2363291578570515,0.09015685130501011,100,30,2000,2000,0.1,1.0,1.0,0.8789549236490946,0.8789549236490946,1
677,rejection+true,3.338331126107119,0.5377801331381005,0.04955382725134317,100,30,2000,2000,0.1,1.0,1.0,1.0367353230327796,1.0367353230327796,0
677,rejection+hat,1.3655075874659035,0.5362866811454298,0.07455382725134321,100,30,2000,2000,0.1,1.0,1.0,1.0367353230327796,1.0367353230327796,0
677,plugin+true,2.135068261712694,0.3096936841116482,0.05915382725134325,100,30,2000,2000,0.1,1.0,1.0,1.0367353230327796,1.0367353230327796,0
677,plugin+hat,0.05976825664072413,0.33685250188470983,-0.01254617274865684,100,30,2000,2000,0.1,1.0,1.0,1.0367353230327796,1.0367353230327796,0
678,rejection+true,0.01,0.18091243936990695,0.035390131811450336,100,30,2000,2000,0.1,1.0,1.0,0.9734056599350475,0.9734056599350475,1
678,rejection+hat,0.01,0.18091243936990695,0.035390131811450336,100,30,2000,2000,0.1,1.0,1.0,0.9734056599350475,0.9734056599350475,1
678,plugin+true,8.161400793251818,0.249328844292257,0.08734013181145062,100,30,2000,2000,0.1,1.0,1.0,0.9734056599350475,0.9734056599350475,1
678,plugin+hat,3.338331126107119,0.21064007410786112,0.09929013181145056,100,30,2000,2000,0.1,1.0,1.0,0.9734056599350475,0.9734056599350475,1
679,rejection+true,0.22846702651445452,-0.0006071992625948043,0.11213629824006315,100,30,2000,2000,0.1,1.0,1.0,1.0812335313769996,1.0812335313769996,0
679,rejection+hat,0.1461187278110747,-0.0006071992625948043,0.11348629824006314,100,30,2000,2000,0.1,1.0,1.0,1.0812335313769996,1.0812335313769996,0
679,plugin+true,0.02444754724726473,0.07852489609985357,0.11348629824006314,100,30,2000,2000,0.1,1.0,1.0,1.0812335313769996,1.0812335313769996,0
679,plugin+hat,19.952623149688797,0.08723189453576219,0.06423629824006323,100,30,2000,2000,0.1,1.0,1.0,1.0812335313769996,1.0812335313769996,0
680,rejection+true,8.161400793251818,0.08683188334107397,0.060428676247631936,100,30,2000,2000,0.1,1.0,1.0,0.8817511912167273,0.8817511912167273,1
680,rejection+hat,8.161400793251818,0.08683188334107397,0.061878676247631846,100,30,2000,2000,0.1,1.0,1.0,0.8817511912167273,0.8817511912167273,1
680,plugin+true,0.05976825664072413,0.14311117863168504,0.004578676247631969,100,30,2000,2000,0.1,1.0,1.0,0.8817511912167273,0.8817511912167273,1
680,plugin+hat,0.02444754724726473,0.19086758450465222,0.004578676247631969,100,30,2000,2000,0.1,1.0,1.0,0.8817511912167273,0.8817511912167273,1
681,rejection+true,0.01,0.296277809391419,0.10010835238868347,100,30,2000,2000,0.1,1.0,1.0,1.0361126628116195,1.0361126628116195,0
681,rejection+hat,0.01,0.296277809391419,0.10010835238868347,100,30,2000,2000,0.1,1.0,1.0,1.0361126628116195,1.0361126628116195,0
681,plugin+true,0.558545842515421,0.27239780489623194,0.0944583523886835,100,30,2000,2000,0.1,1.0,1.0,1.0361126628116195,1.0361126628116195,0
681,plugin+hat,1.3655075874659035,0.20189093699642324,0.07905835238868349,100,30,2000,2000,0.1,1.0,1.0,1.0361126628116195,1.0361126628116195,0
682,rejection+true,0.8733261623828429,0.11533541410850981,0.11711468998564538,100,30,2000,2000,0.1,1.0,1.0,0.9455421887388129,0.9455421887388129,1
682,rejection+hat,0.8733261623828429,0.09988606623373927,0.11136468998564553,100,30,2000,2000,0.1,1.0,1.0,0.9455421887388129,0.9455421887388129,1
682,plugin+true,0.558545842515421,0.04152635421106487,0.11466468998564551,100,30,2000,2000,0.1,1.0,1.0,0.9455421887388129,0.9455421887388129,1
682,plugin+hat,0.015635711447601203,0.004774115166653379,0.12201468998564548,100,30,2000,2000,0.1,1.0,1.0,0.9455421887388129,0.9455421887388129,1
683,rejection+true,0.01,0.1529258353635669,0.13197449708921286,100,30,2000,2000,0.1,1.0,1.0,0.9801357001386797,0.9801357001386797,1
683,rejection+hat,0.01,0.1529258353635669,0.13197449708921286,100,30,2000,2000,0.1,1.0,1.0,0.9801357001386797,0.9801357001386797,1
683,plugin+true,3.338331126107119,-0.05951480382036043,0.0845744970892124,100,30,2000,2000,0.1,1.0,1.0,0.9801357001386797,0.9801357001386797,1
683,plugin+hat,2.135068261712694,-0.049089123441187224,0.08747449708921268,100,30,2000,2000,0.1,1.0,1.0,0.9801357001386797,0.9801357001386797,1
684,rejection+true,0.01,0.23327905088663106,0.013019909502159647,100,30,2000,2000,0.1,1.0,1.0,1.079369412756707,1.079369412756707,0
684,rejection+hat,0.01,0.23327905088663106,0.013019909502159647,100,30,2000,2000,0.1,1.0,1.0,1.079369412756707,1.079369412756707,0
684,plugin+true,0.02444754724726473,0.055169953135980866,0.013019909502159647,100,30,2000,2000,0.1,1.0,1.0,1.079369412756707,1.079369412756707,0
684,plugin+hat,0.22846702651445452,0.0790874394121389,0.013019909502159647,100,30,2000,2000,0.1,1.0,1.0,1.079369412756707,1.079369412756707,0
685,rejection+true,2.135068261712694,0.1970638050387303,0.04925200471373339,100,30,2000,2000,0.1,1.0,1.0,0.9711198024074941,0.9711198024074941,1
685,rejection+hat,2.135068261712694,0.1970638050387303,0.07055200471373349,100,30,2000,2000,0.1,1.0,1.0,0.9711198024074941,0.9711198024074941,1
685,plugin+true,0.1461187278110747,0.14389989195576852,0.0911020047137335,100,30,2000,2000,0.1,1.0,1.0,0.9711198024074941,0.9711198024074941,1
685,plugin+hat,0.05976825664072413,0.16499408962745432,0.0911020047137335,100,30,2000,2000,0.1,1.0,1.0,0.9711198024074941,0.9711198024074941,1
686,rejection+true,19.952623149688797,0.24174861423671246,0.07777848113155457,100,30,2000,2000,0.1,1.0,1.0,0.97336676626262,0.97336676626262,1
686,rejection+hat,19.952623149688797,0.24174861423671246,0.07802848113155463,100,30,2000,2000,0.1,1.0,1.0,0.97336676626262,0.97336676626262,1
686,plugin+true,3.338331126107119,0.03327957226056784,0.0823284811315547,100,30,2000,2000,0.1,1.0,1.0,0.97336676626262,0.97336676626262,1
686,plugin+hat,5.219718220435647,0.04105364603489357,0.08242848113155449,100,30,2000,2000,0.1,1.0,1.0,0.97336676626262,0.97336676626262,1
687,rejection+true,5.219718220435647,0.08658739601572354,0.021428003741946144,100,30,2000,2000,0.1,1.0,1.0,1.028687944266209,1.028687944266209,0
687,rejection+hat,8.161400793251818,0.0773344539105892,0.02132800374194611,100,30,2000,2000,0.1,1.0,1.0,1.028687944266209,1.028687944266209,0
687,plugin+true,19.952623149688797,0.06882708005924959,0.018978003741946126,100,30,2000,2000,0.1,1.0,1.0,1.028687944266209,1.028687944266209,0
687,plugin+hat,2.135068261712694,0.052159775459329524,0.031828003741946116,100,30,2000,2000,0.1,1.0,1.0,1.028687944266209,1.028687944266209,0
688,rejection+true,0.35722445018714644,0.16911988978584608,0.0836251011896058,100,30,2000,2000,0.1,1.0,1.0,0.9660204097477473,0.9660204097477473,1
688,rejection+hat,0.35722445018714644,0.16911988978584608,0.0836251011896058,100,30,2000,2000,0.1,1.0,1.0,0.9660204097477473,0.9660204097477473,1
688,plugin+true,0.02444754724726473,0.05346373550360297,-0.016174898810394352,100,30,2000,2000,0.1,1.0,1.0,0.9660204097477473,0.9660204097477473,1
688,plugin+hat,0.35722445018714644,0.06827773270800627,0.0836251011896058,100,30,2000,2000,0.1,1.0,1.0,0.9660204097477473,0.9660204097477473,1
689,rejection+true,0.01,0.1751085895656918,0.06534118533212345,100,30,2000,2000,0.1,1.0,1.0,0.9807526523451808,0.9807526523451808,1
689,rejection+hat,0.01,0.1751085895656918,0.06534118533212345,100,30,2000,2000,0.1,1.0,1.0,0.9807526523451808,0.9807526523451808,1
689,plugin+true,0.558545842515421,0.21758023293859732,0.053141185332123544,100,30,2000,2000,0.1,1.0,1.0,0.9807526523451808,0.9807526523451808,1
689,plugin+hat,1.3655075874659035,0.20388837884431035,0.04239118533212355,100,30,2000,2000,0.1,1.0,1.0,0.9807526523451808,0.9807526523451808,1
690,rejection+true,0.01,0.08899742712577184,0.12699666558042297,100,30,2000,2000,0.1,1.0,1.0,1.0357067717208952,1.0357067717208952,0
690,rejection+hat,0.8733261623828429,0.13458460966746016,0.10579666558042312,100,30,2000,2000,0.1,1.0,1.0,1.0357067717208952,1.0357067717208952,0
690,plugin+true,0.015635711447601203,0.07389447722911305,0.12699666558042297,100,30,2000,2000,0.1,1.0,1.0,1.0357067717208952,1.0357067717208952,0
690,plugin+hat,0.35722445018714644,0.10210971886303404,0.12699666558042297,100,30,2000,2000,0.1,1.0,1.0,1.0357067717208952,1.0357067717208952,0
691,rejection+true,0.8733261623828429,0.025138916897897923,0.07440033397290749,100,30,2000,2000,0.1,1.0,1.0,0.9100137838317346,0.9100137838317346,1
691,rejection+hat,0.8733261623828429,0.025138916897897923,0.08420033397290753,100,30,2000,2000,0.1,1.0,1.0,0.9100137838317346,0.9100137838317346,1
691,plugin+true,0.558545842515421,0.10560964000101428,0.08690033397290754,100,30,2000,2000,0.1,1.0,1.0,0.9100137838317346,0.9100137838317346,1
691,plugin+hat,1.3655075874659035,0.11356731258755237,0.07885033397290757,100,30,2000,2000,0.1,1.0,1.0,0.9100137838317346,0.9100137838317346,1
692,rejection+true,5.219718220435647,0.235177095940647,0.08109423836126972,100,30,2000,2000,0.1,1.0,1.0,0.8655595978619575,0.8655595978619575,1
692,rejection+hat,8.161400793251818,0.2546603890368715,0.07894423836126958,100,30,2000,2000,0.1,1.0,1.0,0.8655595978619575,0.8655595978619575,1
692,plugin+true,0.03822547943598284,0.13163790330213468,0.025194238361269643,100,30,2000,2000,0.1,1.0,1.0,0.8655595978619575,0.8655595978619575,1
692,plugin+hat,0.09345192145605369,0.16968586900720803,0.025194238361269643,100,30,2000,2000,0.1,1.0,1.0,0.8655595978619575,0.8655595978619575,1
693,rejection+true,2.135068261712694,0.17014361595114072,0.05879736940514376,100,30,2000,2000,0.1,1.0,1.0,0.8892478787342072,0.8892478787342072,1
693,rejection+hat,1.3655075874659035,0.1772536831597487,0.0786973694051437,100,30,2000,2000,0.1,1.0,1.0,0.8892478787342072,0.8892478787342072,1
693,plugin+true,0.01,0.1452644991366751,0.08684736940514362,100,30,2000,2000,0.1,1.0,1.0,0.8892478787342072,0.8892478787342072,1
693,plugin+hat,0.558545842515421,0.16904344764678172,0.08624736940514366,100,30,2000,2000,0.1,1.0,1.0,0.8892478787342072,0.8892478787342072,1
694,rejection+true,0.22846702651445452,0.2622099547026059,0.0342327085069042,100,30,2000,2000,0.1,1.0,1.0,1.040815667166616,1.040815667166616,0
694,rejection+hat,1.3655075874659035,0.2710085574227074,0.11968270850690416,100,30,2000,2000,0.1,1.0,1.0,1.040815667166616,1.040815667166616,0
694,plugin+true,0.558545842515421,0.23998033551233564,0.12743270850690414,100,30,2000,2000,0.1,1.0,1.0,1.040815667166616,1.040815667166616,0
694,plugin+hat,0.09345192145605369,0.22589865350543786,0.13308270850690418,100,30,2000,2000,0.1,1.0,1.0,1.040815667166616,1.040815667166616,0
695,rejection+true,2.135068261712694,0.20522691241155072,0.09139058076024109,100,30,2000,2000,0.1,1.0,1.0,0.8433327759698507,0.8433327759698507,1
695,rejection+hat,2.135068261712694,0.20522691241155072,0.08944058076024099,100,30,2000,2000,0.1,1.0,1.0,0.8433327759698507,0.8433327759698507,1
695,plugin+true,3.338331126107119,0.15969357395222805,0.090290580760241,100,30,2000,2000,0.1,1.0,1.0,0.8433327759698507,0.8433327759698507,1
695,plugin+hat,5.219718220435647,0.16392302934706204,0.08509058076024105,100,30,2000,2000,0.1,1.0,1.0,0.8433327759698507,0.8433327759698507,1
696,rejection+true,12.760930781150906,0.16060487752159433,0.0385493669503237,100,30,2000,2000,0.1,1.0,1.0,1.0817076153631497,1.0817076153631497,0
696,rejection+hat,0.35722445018714644,0.2133202855785688,0.008499366950323698,100,30,2000,2000,0.1,1.0,1.0,1.0817076153631497,1.0817076153631497,0
696,plugin+true,3.338331126107119,0.22082632968188848,0.0572493669503237,100,30,2000,2000,0.1,1.0,1.0,1.0817076153631497,1.0817076153631497,0
696,plugin+hat,0.558545842515421,0.27737531759112527,0.0834993669503236,100,30,2000,2000,0.1,1.0,1.0,1.0817076153631497,1.0817076153631497,0
697,rejection+true,0.8733261623828429,0.25691966929104326,0.06195203266730833,100,30,2000,2000,0.1,1.0,1.0,0.9599903648728418,0.9599903648728418,1
697,rejection+hat,0.8733261623828429,0.25691966929104326,0.06165203266730847,100,30,2000,2000,0.1,1.0,1.0,0.9599903648728418,0.9599903648728418,1
697,plugin+true,0.05976825664072413,0.11973185517159057,0.07435203266730821,100,30,2000,2000,0.1,1.0,1.0,0.9599903648728418,0.9599903648728418,1
697,plugin+hat,19.952623149688797,0.07209321993450427,0.026652032667308322,100,30,2000,2000,0.1,1.0,1.0,0.9599903648728418,0.9599903648728418,1
698,rejection+true,0.01,0.07284509415427844,0.020471413116530456,100,30,2000,2000,0.1,1.0,1.0,1.0746590260671152,1.0746590260671152,0
698,rejection+hat,0.01,0.07284509415427844,0.020471413116530456,100,30,2000,2000,0.1,1.0,1.0,1.0746590260671152,1.0746590260671152,0
698,plugin+true,0.03822547943598284,0.07208329056169266,0.020471413116530456,100,30,2000,2000,0.1,1.0,1.0,1.0746590260671152,1.0746590260671152,0
698,plugin+hat,0.01,0.09266969605113314,0.020471413116530456,100,30,2000,2000,0.1,1.0,1.0,1.0746590260671152,1.0746590260671152,0
699,rejection+true,0.8733261623828429,0.3788466061484845,0.06065476128855583,100,30,2000,2000,0.1,1.0,1.0,1.0284465892133687,1.0284465892133687,0
699,rejection+hat,0.01,0.25592014638047356,-0.033595238711444174,100,30,2000,2000,0.1,1.0,1.0,1.0284465892133687,1.0284465892133687,0
699,plugin+true,0.8733261623828429,0.2042324456666119,0.06065476128855583,100,30,2000,2000,0.1,1.0,1.0,1.0284465892133687,1.0284465892133687,0
699,plugin+hat,12.760930781150906,0.18661462100764092,0.02015476128855586,100,30,2000,2000,0.1,1.0,1.0,1.0284465892133687,1.0284465892133687,0
700,rejection+true,3.338331126107119,-0.10569653672476612,0.06779836890324847,100,30,2000,2000,0.1,1.0,1.0,1.0496449505362582,1.0496449505362582,0
700,rejection+hat,3.338331126107119,-0.10569653672476612,0.06109836890324834,100,30,2000,2000,0.1,1.0,1.0,1.0496449505362582,1.0496449505362582,0
700,plugin+true,0.8733261623828429,0.03697380108232683,0.07484836890324861,100,30,2000,2000,0.1,1.0,1.0,1.0496449505362582,1.0496449505362582,0
700,plugin+hat,1.3655075874659035,0.02372952275728675,0.08119836890324852,100,30,2000,2000,0.1,1.0,1.0,1.0496449505362582,1.0496449505362582,0
701,rejection+true,0.01,0.22645263659457365,0.13505215207444024,100,30,2000,2000,0.1,1.0,1.0,1.0076837328624035,1.0076837328624035,0
701,rejection+hat,0.01,0.22645263659457365,0.13505215207444024,100,30,2000,2000,0.1,1.0,1.0,1.0076837328624035,1.0076837328624035,0
701,plugin+true,0.8733261623828429,0.08306771850780471,0.09280215207444022,100,30,2000,2000,0.1,1.0,1.0,1.0076837328624035,1.0076837328624035,0
701,plugin+hat,0.1461187278110747,0.10952184041658138,0.035402152074440064,100,30,2000,2000,0.1,1.0,1.0,1.0076837328624035,1.0076837328624035,0
702,rejection+true,5.219718220435647,0.16006301101297143,0.018997745132235507,100,30,2000,2000,0.1,1.0,1.0,0.8991372862792982,0.8991372862792982,1
702,rejection+hat,8.161400793251818,0.1604657884066304,0.015947745132235486,100,30,2000,2000,0.1,1.0,1.0,0.8991372862792982,0.8991372862792982,1
702,plugin+true,12.760930781150906,0.2204198288412036,0.01429774513223548,100,30,2000,2000,0.1,1.0,1.0,0.8991372862792982,0.8991372862792982,1
702,plugin+hat,0.03822547943598284,0.2026926557773793,0.061497745132235444,100,30,2000,2000,0.1,1.0,1.0,0.8991372862792982,0.8991372862792982,1
703,rejection+true,0.558545842515421,0.17492444962263104,0.11907017995155275,100,30,2000,2000,0.1,1.0,1.0,0.8483651742316209,0.8483651742316209,1
703,rejection+hat,2.135068261712694,0.18743261657655236,0.09352017995155282,100,30,2000,2000,0.1,1.0,1.0,0.8483651742316209,0.8483651742316209,1
703,plugin+true,2.135068261712694,0.08589141393615365,0.09487017995155281,100,30,2000,2000,0.1,1.0,1.0,0.8483651742316209,0.8483651742316209,1
703,plugin+hat,0.015635711447601203,0.10418550599673197,0.11937017995155279,100,30,2000,2000,0.1,1.0,1.0,0.8483651742316209,0.8483651742316209,1
704,rejection+true,1.3655075874659035,0.31596921384334564,0.07587370748395406,100,30,2000,2000,0.1,1.0,1.0,1.0310006136224183,1.0310006136224183,0
704,rejection+hat,1.3655075874659035,0.31596921384334564,0.07167370748395403,100,30,2000,2000,0.1,1.0,1.0,1.0310006136224183,1.0310006136224183,0
704,plugin+true,0.1461187278110747,0.1931583331898437,0.0019237074839539567,100,30,2000,2000,0.1,1.0,1.0,1.0310006136224183,1.0310006136224183,0
704,plugin+hat,0.09345192145605369,0.17001297556092415,0.0019237074839539567,100,30,2000,2000,0.1,1.0,1.0,1.0310006136224183,1.0310006136224183,0
705,rejection+true,2.135068261712694,0.4303484916687011,0.070071369652736,100,30,2000,2000,0.1,1.0,1.0,1.166642241592331,1.166642241592331,0
705,rejection+hat,0.558545842515421,0.45798921398818493,0.10047136965273605,100,30,2000,2000,0.1,1.0,1.0,1.166642241592331,1.166642241592331,0
705,plugin+true,0.01,0.3739558770808834,0.11457136965273604,100,30,2000,2000,0.1,1.0,1.0,1.166642241592331,1.166642241592331,0
705,plugin+hat,0.558545842515421,0.37881648811117064,0.10047136965273605,100,30,2000,2000,0.1,1.0,1.0,1.166642241592331,1.166642241592331,0
706,rejection+true,1.3655075874659035,0.15378256763021148,0.06451599743996976,100,30,2000,2000,0.1,1.0,1.0,0.9815268737917454,0.9815268737917454,1
706,rejection+hat,0.01,0.060584404816230134,-0.020584002560030186,100,30,2000,2000,0.1,1.0,1.0,0.9815268737917454,0.9815268737917454,1
706,plugin+true,5.219718220435647,0.11180901966517073,0.03456599743996984,100,30,2000,2000,0.1,1.0,1.0,0.9815268737917454,0.9815268737917454,1
706,plugin+hat,0.35722445018714644,0.13372379441346985,0.07851599743996973,100,30,2000,2000,0.1,1.0,1.0,0.9815268737917454,0.9815268737917454,1
707,rejection+true,0.558545842515421,0.04552228742589552,0.08866427811067883,100,30,2000,2000,0.1,1.0,1.0,0.929561004782252,0.929561004782252,1
707,rejection+hat,0.558545842515421,0.04552228742589552,0.06376427811067896,100,30,2000,2000,0.1,1.0,1.0,0.929561004782252,0.929561004782252,1
707,plugin+true,19.952623149688797,0.1468002546673971,0.048064278110678926,100,30,2000,2000,0.1,1.0,1.0,0.929561004782252,0.929561004782252,1
707,plugin+hat,3.338331126107119,0.1259750004103968,0.052864278110678904,100,30,2000,2000,0.1,1.0,1.0,0.929561004782252,0.929561004782252,1
708,rejection+true,0.01,0.26913980332513643,0.08273776908923546,100,30,2000,2000,0.1,1.0,1.0,1.0006212973122495,1.0006212973122495,0
708,rejection+hat,0.01,0.26913980332513643,0.08273776908923546,100,30,2000,2000,0.1,1.0,1.0,1.0006212973122495,1.0006212973122495,0
708,plugin+true,0.05976825664072413,0.2422103686744527,0.08273776908923546,100,30,2000,2000,0.1,1.0,1.0,1.0006212973122495,1.0006212973122495,0
708,plugin+hat,0.35722445018714644,0.21785327469180876,0.0779877690892354,100,30,2000,2000,0.1,1.0,1.0,1.0006212973122495,1.0006212973122495,0
709,rejection+true,2.135068261712694,0.03159180759297063,0.046673669209109425,100,30,2000,2000,0.1,1.0,1.0,0.9272903421770985,0.9272903421770985,1
709,rejection+hat,2.135068261712694,0.03159180759297063,0.04332366920910945,100,30,2000,2000,0.1,1.0,1.0,0.9272903421770985,0.9272903421770985,1
709,plugin+true,0.015635711447601203,0.026587311581461943,-0.006976330790890568,100,30,2000,2000,0.1,1.0,1.0,0.9272903421770985,0.9272903421770985,1
709,plugin+hat,0.015635711447601203,0.010274835934521328,-0.006976330790890568,100,30,2000,2000,0.1,1.0,1.0,0.9272903421770985,0.9272903421770985,1
710,rejection+true,2.135068261712694,0.18070374379555385,0.045804013478828426,100,30,2000,2000,0.1,1.0,1.0,0.9973452567531337,0.9973452567531337,1
710,rejection+hat,2.135068261712694,0.18070374379555385,0.0589040134788285,100,30,2000,2000,0.1,1.0,1.0,0.9973452567531337,0.9973452567531337,1
710,plugin+true,0.02444754724726473,0.13839727484958203,0.08660401347882873,100,30,2000,2000,0.1,1.0,1.0,0.9973452567531337,0.9973452567531337,1
710,plugin+hat,0.22846702651445452,0.14062093684332772,0.08800401347882877,100,30,2000,2000,0.1,1.0,1.0,0.9973452567531337,0.9973452567531337,1
711,rejection+true,3.338331126107119,0.24223773218691344,0.027146920096708597,100,30,2000,2000,0.1,1.0,1.0,1.0144166431332076,1.0144166431332076,0
711,rejection+hat,12.760930781150906,0.24753092148651676,0.01709692009670862,100,30,2000,2000,0.1,1.0,1.0,1.0144166431332076,1.0144166431332076,0
711,plugin+true,0.35722445018714644,0.24031385788821508,-0.03475307990329144,100,30,2000,2000,0.1,1.0,1.0,1.0144166431332076,1.0144166431332076,0
711,plugin+hat,0.8733261623828429,0.272910660611449,0.03849692009670864,100,30,2000,2000,0.1,1.0,1.0,1.0144166431332076,1.0144166431332076,0
712,rejection+true,8.161400793251818,0.2527772362033527,0.028971872777371708,100,30,2000,2000,0.1,1.0,1.0,1.0600734316080276,1.0600734316080276,0
712,rejection+hat,2.135068261712694,0.2624640571574369,0.0384718727773717,100,30,2000,2000,0.1,1.0,1.0,1.0600734316080276,1.0600734316080276,0
712,plugin+true,8.161400793251818,0.23625869071398675,0.028971872777371708,100,30,2000,2000,0.1,1.0,1.0,1.0600734316080276,1.0600734316080276,0
712,plugin+hat,2.135068261712694,0.2012899409641164,0.0384718727773717,100,30,2000,2000,0.1,1.0,1.0,1.0600734316080276,1.0600734316080276,0
713,rejection+true,2.135068261712694,0.2483666934228192,0.09969569403028024,100,30,2000,2000,0.1,1.0,1.0,1.021145479087721,1.021145479087721,0
713,rejection+hat,5.219718220435647,0.2387635386238495,0.08484569403028012,100,30,2000,2000,0.1,1.0,1.0,1.021145479087721,1.021145479087721,0
713,plugin+true,0.8733261623828429,0.17434566678211288,0.10844569403028013,100,30,2000,2000,0.1,1.0,1.0,1.021145479087721,1.021145479087721,0
713,plugin+hat,0.05976825664072413,0.2193925577150885,0.02874569403028015,100,30,2000,2000,0.1,1.0,1.0,1.021145479087721,1.021145479087721,0
714,rejection+true,2.135068261712694,0.0010536489697794116,0.0524501145975776,100,30,2000,2000,0.1,1.0,1.0,0.9839587085661539,0.9839587085661539,1
714,rejection+hat,2.135068261712694,0.0010536489697794116,0.05260011459757763,100,30,2000,2000,0.1,1.0,1.0,0.9839587085661539,0.9839587085661539,1
714,plugin+true,0.8733261623828429,-0.055457332558968064,0.040950114597577594,100,30,2000,2000,0.1,1.0,1.0,0.9839587085661539,0.9839587085661539,1
714,plugin+hat,0.05976825664072413,-0.05917161500866038,0.09115011459757748,100,30,2000,2000,0.1,1.0,1.0,0.9839587085661539,0.9839587085661539,1
715,rejection+true,1.3655075874659035,0.2947579520444075,0.10252565578337476,100,30,2000,2000,0.1,1.0,1.0,0.9533576017507619,0.9533576017507619,1
715,rejection+hat,1.3655075874659035,0.2947579520444075,0.08247565578337486,100,30,2000,2000,0.1,1.0,1.0,0.9533576017507619,0.9533576017507619,1
715,plugin+true,0.558545842515421,0.28494393796232265,0.11707565578337482,100,30,2000,2000,0.1,1.0,1.0,0.9533576017507619,0.9533576017507619,1
715,plugin+hat,0.22846702651445452,0.3053619991117732,0.021675655783374808,100,30,2000,2000,0.1,1.0,1.0,0.9533576017507619,0.9533576017507619,1
716,rejection+true,1.3655075874659035,0.061628712279101217,0.07110599721934012,100,30,2000,2000,0.1,1.0,1.0,1.0022984397310855,1.0022984397310855,0
716,rejection+hat,1.3655075874659035,0.061628712279101217,0.0609559972193399,100,30,2000,2000,0.1,1.0,1.0,1.0022984397310855,1.0022984397310855,0
716,plugin+true,19.952623149688797,0.08005060795530258,0.051305997219340024,100,30,2000,2000,0.1,1.0,1.0,1.0022984397310855,1.0022984397310855,0
716,plugin+hat,5.219718220435647,0.08786175398953745,0.04905599721934003,100,30,2000,2000,0.1,1.0,1.0,1.0022984397310855,1.0022984397310855,0
717,rejection+true,0.8733261623828429,0.2658087955166896,0.0784115730786019,100,30,2000,2000,0.1,1.0,1.0,1.0675657653872832,1.0675657653872832,0
717,rejection+hat,0.8733261623828429,0.2658087955166896,0.07966157307860189,100,30,2000,2000,0.1,1.0,1.0,1.0675657653872832,1.0675657653872832,0
717,plugin+true,0.02444754724726473,0.15029300554376895,0.09746157307860193,100,30,2000,2000,0.1,1.0,1.0,1.0675657653872832,1.0675657653872832,0
717,plugin+hat,0.22846702651445452,0.1379471316478518,0.09611157307860194,100,30,2000,2000,0.1,1.0,1.0,1.0675657653872832,1.0675657653872832,0
718,rejection+true,0.01,-0.13036330044269562,0.0800281038500059,100,30,2000,2000,0.1,1.0,1.0,0.9851240892798364,0.9851240892798364,1
718,rejection+hat,0.01,-0.13036330044269562,0.0800281038500059,100,30,2000,2000,0.1,1.0,1.0,0.9851240892798364,0.9851240892798364,1
718,plugin+true,19.952623149688797,0.20670288148886126,0.03082810385000595,100,30,2000,2000,0.1,1.0,1.0,0.9851240892798364,0.9851240892798364,1
718,plugin+hat,0.22846702651445452,0.20429412290582327,0.0793281038500059,100,30,2000,2000,0.1,1.0,1.0,0.9851240892798364,0.9851240892798364,1
719,rejection+true,8.161400793251818,0.07351357117295265,0.04835395302599759,100,30,2000,2000,0.1,1.0,1.0,1.0520750033269548,1.0520750033269548,0
719,rejection+hat,0.1461187278110747,0.08362662618358932,-0.009396046974002514,100,30,2000,2000,0.1,1.0,1.0,1.0520750033269548,1.0520750033269548,0
719,plugin+true,0.09345192145605369,0.10688232026161962,-0.009396046974002514,100,30,2000,2000,0.1,1.0,1.0,1.0520750033269548,1.0520750033269548,0
719,plugin+hat,0.558545842515421,0.1412121698839118,0.038153953025997514,100,30,2000,2000,0.1,1.0,1.0,1.0520750033269548,1.0520750033269548,0
720,rejection+true,0.8733261623828429,0.13385863744964202,0.07633995089450545,100,30,2000,2000,0.1,1.0,1.0,0.988345771642976,0.988345771642976,1
720,rejection+hat,0.8733261623828429,0.1990950946075221,0.08883995089450544,100,30,2000,2000,0.1,1.0,1.0,0.988345771642976,0.988345771642976,1
720,plugin+true,0.22846702651445452,0.2136264779354645,0.09158995089450542,100,30,2000,2000,0.1,1.0,1.0,0.988345771642976,0.988345771642976,1
720,plugin+hat,0.03822547943598284,0.15589076870496998,-0.0053600491054945285,100,30,2000,2000,0.1,1.0,1.0,0.988345771642976,0.988345771642976,1
721,rejection+true,0.01,0.08821149282157423,-0.032783143790917305,100,30,2000,2000,0.1,1.0,1.0,0.910962776411326,0.910962776411326,1
721,rejection+hat,0.01,0.08821149282157423,-0.032783143790917305,100,30,2000,2000,0.1,1.0,1.0,0.910962776411326,0.910962776411326,1
721,plugin+true,0.558545842515421,0.16227709293720782,0.05391685620908273,100,30,2000,2000,0.1,1.0,1.0,0.910962776411326,0.910962776411326,1
721,plugin+hat,0.558545842515421,0.16074558344178821,-0.03143314379091732,100,30,2000,2000,0.1,1.0,1.0,0.910962776411326,0.910962776411326,1
722,rejection+true,8.161400793251818,0.2376509915416439,0.07822753146617677,100,30,2000,2000,0.1,1.0,1.0,1.1082117700891727,1.1082117700891727,0
722,rejection+hat,19.952623149688797,0.2084437202041348,0.07872753146617657,100,30,2000,2000,0.1,1.0,1.0,1.1082117700891727,1.1082117700891727,0
722,plugin+true,0.558545842515421,0.2931097473282198,0.026427531466176726,100,30,2000,2000,0.1,1.0,1.0,1.1082117700891727,1.1082117700891727,0
722,plugin+hat,0.01,0.28276077357143736,0.026427531466176726,100,30,2000,2000,0.1,1.0,1.0,1.1082117700891727,1.1082117700891727,0
723,rejection+true,0.558545842515421,0.023076182386527463,0.13505014978037536,100,30,2000,2000,0.1,1.0,1.0,0.9959362980131125,0.9959362980131125,1
723,rejection+hat,1.3655075874659035,0.07178652115787071,0.13075014978037547,100,30,2000,2000,0.1,1.0,1.0,0.9959362980131125,0.9959362980131125,1
723,plugin+true,0.015635711447601203,0.16852630799686671,0.13510014978037535,100,30,2000,2000,0.1,1.0,1.0,0.9959362980131125,0.9959362980131125,1
723,plugin+hat,0.558545842515421,0.11519731751098608,0.1339001497803753,100,30,2000,2000,0.1,1.0,1.0,0.9959362980131125,0.9959362980131125,1
724,rejection+true,12.760930781150906,0.26205862363179533,0.037931926934858126,100,30,2000,2000,0.1,1.0,1.0,1.007701569110905,1.007701569110905,0
724,rejection+hat,12.760930781150906,0.26205862363179533,0.03828192693485816,100,30,2000,2000,0.1,1.0,1.0,1.007701569110905,1.007701569110905,0
724,plugin+true,0.02444754724726473,0.12699467816240054,-0.0163180730651419,100,30,2000,2000,0.1,1.0,1.0,1.007701569110905,1.007701569110905,0
724,plugin+hat,0.05976825664072413,0.10180928791984808,-0.0163180730651419,100,30,2000,2000,0.1,1.0,1.0,1.007701569110905,1.007701569110905,0
725,rejection+true,2.135068261712694,0.1633786817391713,0.10858963188143132,100,30,2000,2000,0.1,1.0,1.0,1.0662191594169192,1.0662191594169192,0
725,rejection+hat,2.135068261712694,0.19706374009450273,0.10928963188143127,100,30,2000,2000,0.1,1.0,1.0,1.0662191594169192,1.0662191594169192,0
725,plugin+true,0.05976825664072413,0.1894691843093946,0.04883963188143129,100,30,2000,2000,0.1,1.0,1.0,1.0662191594169192,1.0662191594169192,0
725,plugin+hat,0.35722445018714644,0.25204194181813444,0.1226396318814313,100,30,2000,2000,0.1,1.0,1.0,1.0662191594169192,1.0662191594169192,0
726,rejection+true,12.760930781150906,0.18151035979390148,0.012549515723832727,100,30,2000,2000,0.1,1.0,1.0,0.8557658724488654,0.8557658724488654,1
726,rejection+hat,19.952623149688797,0.1700911201536655,0.011549515723832712,100,30,2000,2000,0.1,1.0,1.0,0.8557658724488654,0.8557658724488654,1
726,plugin+true,5.219718220435647,0.1811597085374393,0.012299515723832756,100,30,2000,2000,0.1,1.0,1.0,0.8557658724488654,0.8557658724488654,1
726,plugin+hat,0.558545842515421,0.1860886189972389,0.05874951572383273,100,30,2000,2000,0.1,1.0,1.0,0.8557658724488654,0.8557658724488654,1
727,rejection+true,8.161400793251818,0.3092852026224137,0.07223414952616228,100,30,2000,2000,0.1,1.0,1.0,0.8748157402349876,0.8748157402349876,1
727,rejection+hat,8.161400793251818,0.3092852026224137,0.07763414952616232,100,30,2000,2000,0.1,1.0,1.0,0.8748157402349876,0.8748157402349876,1
727,plugin+true,5.219718220435647,0.21304432701665185,0.07273414952616225,100,30,2000,2000,0.1,1.0,1.0,0.8748157402349876,0.8748157402349876,1
727,plugin+hat,8.161400793251818,0.20443459167404082,0.07763414952616232,100,30,2000,2000,0.1,1.0,1.0,0.8748157402349876,0.8748157402349876,1
728,rejection+true,0.35722445018714644,0.4262700992946823,0.008143482119588845,100,30,2000,2000,0.1,1.0,1.0,1.0807974873908295,1.0807974873908295,0
728,rejection+hat,3.338331126107119,0.47381261068706715,0.07199348211958871,100,30,2000,2000,0.1,1.0,1.0,1.0807974873908295,1.0807974873908295,0
728,plugin+true,0.1461187278110747,0.26129678578381427,0.008143482119588845,100,30,2000,2000,0.1,1.0,1.0,1.0807974873908295,1.0807974873908295,0
728,plugin+hat,3.338331126107119,0.21842362680319943,0.07199348211958871,100,30,2000,2000,0.1,1.0,1.0,1.0807974873908295,1.0807974873908295,0
729,rejection+true,0.01,0.11080623418092728,0.026506666417534765,100,30,2000,2000,0.1,1.0,1.0,0.956410530761992,0.956410530761992,1
729,rejection+hat,0.01,0.11080623418092728,0.026506666417534765,100,30,2000,2000,0.1,1.0,1.0,0.956410530761992,0.956410530761992,1
729,plugin+true,0.09345192145605369,0.21258330725748414,0.026506666417534765,100,30,2000,2000,0.1,1.0,1.0,0.956410530761992,0.956410530761992,1
729,plugin+hat,0.35722445018714644,0.22787918606735608,0.12125666641753488,100,30,2000,2000,0.1,1.0,1.0,0.956410530761992,0.956410530761992,1
730,rejection+true,1.3655075874659035,0.01567953871563077,0.06238628828382491,100,30,2000,2000,0.1,1.0,1.0,0.912580737107156,0.912580737107156,1
730,rejection+hat,2.135068261712694,-0.023998372039447224,0.05033628828382497,100,30,2000,2000,0.1,1.0,1.0,0.912580737107156,0.912580737107156,1
730,plugin+true,0.1461187278110747,0.10208582753282074,0.09093628828382515,100,30,2000,2000,0.1,1.0,1.0,0.912580737107156,0.912580737107156,1
730,plugin+hat,0.22846702651445452,0.1426859574001487,0.09093628828382515,100,30,2000,2000,0.1,1.0,1.0,0.912580737107156,0.912580737107156,1
731,rejection+true,8.161400793251818,0.33958581040302904,0.05437392421761605,100,30,2000,2000,0.1,1.0,1.0,1.1158100212258586,1.1158100212258586,0
731,rejection+hat,19.952623149688797,0.2684369564056396,0.05212392421761596,100,30,2000,2000,0.1,1.0,1.0,1.1158100212258586,1.1158100212258586,0
731,plugin+true,8.161400793251818,0.07752143981412915,0.05437392421761605,100,30,2000,2000,0.1,1.0,1.0,1.1158100212258586,1.1158100212258586,0
731,plugin+hat,0.01,0.042275116995803746,0.1000739242176161,100,30,2000,2000,0.1,1.0,1.0,1.1158100212258586,1.1158100212258586,0
732,rejection+true,1.3655075874659035,0.2807361322144668,0.0393623627636451,100,30,2000,2000,0.1,1.0,1.0,0.9264009010279299,0.9264009010279299,1
732,rejection+hat,1.3655075874659035,0.3172831031183402,0.06766236276364501,100,30,2000,2000,0.1,1.0,1.0,0.9264009010279299,0.9264009010279299,1
732,plugin+true,0.8733261623828429,0.2502925598552943,0.05241236276364504,100,30,2000,2000,0.1,1.0,1.0,0.9264009010279299,0.9264009010279299,1
732,plugin+hat,0.015635711447601203,0.23278323795193834,0.08366236276364507,100,30,2000,2000,0.1,1.0,1.0,0.9264009010279299,0.9264009010279299,1
733,rejection+true,0.558545842515421,-0.0562815157075723,0.09683078019064578,100,30,2000,2000,0.1,1.0,1.0,0.8914344112176229,0.8914344112176229,1
733,rejection+hat,0.558545842515421,-0.021939785157640775,0.0684307801906456,100,30,2000,2000,0.1,1.0,1.0,0.8914344112176229,0.8914344112176229,1
733,plugin+true,0.1461187278110747,-0.06821342457424634,0.11478078019064572,100,30,2000,2000,0.1,1.0,1.0,0.8914344112176229,0.8914344112176229,1
733,plugin+hat,0.558545842515421,-0.07568197028101371,0.0684307801906456,100,30,2000,2000,0.1,1.0,1.0,0.8914344112176229,0.8914344112176229,1
734,rejection+true,5.219718220435647,0.09752117202927671,0.038713438388243655,100,30,2000,2000,0.1,1.0,1.0,1.0101725213541881,1.0101725213541881,0
734,rejection+hat,5.219718220435647,0.09752117202927671,0.035163438388243644,100,30,2000,2000,0.1,1.0,1.0,1.0101725213541881,1.0101725213541881,0
734,plugin+true,0.35722445018714644,0.023651111197530595,0.07496343838824372,100,30,2000,2000,0.1,1.0,1.0,1.0101725213541881,1.0101725213541881,0
734,plugin+hat,5.219718220435647,0.019231558391451093,0.035163438388243644,100,30,2000,2000,0.1,1.0,1.0,1.0101725213541881,1.0101725213541881,0
735,rejection+true,0.09345192145605369,0.338763431708018,0.08306390270025912,100,30,2000,2000,0.1,1.0,1.0,0.9927183934590145,0.9927183934590145,1
735,rejection+hat,0.09345192145605369,0.338763431708018,0.08306390270025912,100,30,2000,2000,0.1,1.0,1.0,0.9927183934590145,0.9927183934590145,1
735,plugin+true,0.558545842515421,0.12400248735081146,0.0818139027002591,100,30,2000,2000,0.1,1.0,1.0,0.9927183934590145,0.9927183934590145,1
735,plugin+hat,0.558545842515421,0.16354684372523984,0.08201390270025911,100,30,2000,2000,0.1,1.0,1.0,0.9927183934590145,0.9927183934590145,1
736,rejection+true,0.35722445018714644,0.016214115428738296,0.09335357786705302,100,30,2000,2000,0.1,1.0,1.0,0.9761726338914127,0.9761726338914127,1
736,rejection+hat,0.35722445018714644,0.016214115428738296,0.09330357786705301,100,30,2000,2000,0.1,1.0,1.0,0.9761726338914127,0.9761726338914127,1
736,plugin+true,0.05976825664072413,0.07361056838063787,0.093403577867053,100,30,2000,2000,0.1,1.0,1.0,0.9761726338914127,0.9761726338914127,1
736,plugin+hat,0.03822547943598284,0.0014877415938898387,0.093403577867053,100,30,2000,2000,0.1,1.0,1.0,0.9761726338914127,0.9761726338914127,1
737,rejection+true,0.01,0.13529672063887116,0.11029967853071315,100,30,2000,2000,0.1,1.0,1.0,1.0426943675996598,1.0426943675996598,0
737,rejection+hat,0.01,0.13529672063887116,0.11029967853071315,100,30,2000,2000,0.1,1.0,1.0,1.0426943675996598,1.0426943675996598,0
737,plugin+true,0.09345192145605369,0.17849267203986208,0.10869967853071316,100,30,2000,2000,0.1,1.0,1.0,1.0426943675996598,1.0426943675996598,0
737,plugin+hat,0.1461187278110747,0.14828376725852316,0.10919967853071316,100,30,2000,2000,0.1,1.0,1.0,1.0426943675996598,1.0426943675996598,0
738,rejection+true,0.09345192145605369,0.180836179604133,0.006105156698664713,100,30,2000,2000,0.1,1.0,1.0,0.9243474765758931,0.9243474765758931,1
738,rejection+hat,0.09345192145605369,0.180836179604133,0.006105156698664713,100,30,2000,2000,0.1,1.0,1.0,0.9243474765758931,0.9243474765758931,1
738,plugin+true,0.09345192145605369,0.1558650545568882,0.006105156698664713,100,30,2000,2000,0.1,1.0,1.0,0.9243474765758931,0.9243474765758931,1
738,plugin+hat,0.02444754724726473,0.1414118605850684,0.006105156698664713,100,30,2000,2000,0.1,1.0,1.0,0.9243474765758931,0.9243474765758931,1
739,rejection+true,0.01,0.26061373340586813,0.10382389054448192,100,30,2000,2000,0.1,1.0,1.0,1.0594531662822426,1.0594531662822426,0
739,rejection+hat,0.01,0.26061373340586813,0.10382389054448192,100,30,2000,2000,0.1,1.0,1.0,1.0594531662822426,1.0594531662822426,0
739,plugin+true,0.1461187278110747,0.1872571712164364,0.10247389054448193,100,30,2000,2000,0.1,1.0,1.0,1.0594531662822426,1.0594531662822426,0
739,plugin+hat,0.05976825664072413,0.14921728739330306,0.10247389054448193,100,30,2000,2000,0.1,1.0,1.0,1.0594531662822426,1.0594531662822426,0
740,rejection+true,1.3655075874659035,0.3987634850045046,0.12085300315316741,100,30,2000,2000,0.1,1.0,1.0,0.9980171624799765,0.9980171624799765,1
740,rejection+hat,1.3655075874659035,0.3987634850045046,0.11925300315316739,100,30,2000,2000,0.1,1.0,1.0,0.9980171624799765,0.9980171624799765,1
740,plugin+true,0.01,0.12421749951767262,0.1352030031531675,100,30,2000,2000,0.1,1.0,1.0,0.9980171624799765,0.9980171624799765,1
740,plugin+hat,0.558545842515421,0.14061635326563043,0.1290030031531675,100,30,2000,2000,0.1,1.0,1.0,0.9980171624799765,0.9980171624799765,1
741,rejection+true,0.01,0.34207480875775226,0.09418729345810392,100,30,2000,2000,0.1,1.0,1.0,0.9855297765240353,0.9855297765240353,1
741,rejection+hat,0.01,0.34207480875775226,0.09418729345810392,100,30,2000,2000,0.1,1.0,1.0,0.9855297765240353,0.9855297765240353,1
741,plugin+true,0.05976825664072413,0.2272314278389444,0.09418729345810392,100,30,2000,2000,0.1,1.0,1.0,0.9855297765240353,0.9855297765240353,1
741,plugin+hat,0.35722445018714644,0.20718332408281995,0.09193729345810395,100,30,2000,2000,0.1,1.0,1.0,0.9855297765240353,0.9855297765240353,1
742,rejection+true,0.35722445018714644,0.24117398603508872,0.11122092958199649,100,30,2000,2000,0.1,1.0,1.0,1.0138410040489907,1.0138410040489907,0
742,rejection+hat,0.35722445018714644,0.24117398603508872,0.11122092958199649,100,30,2000,2000,0.1,1.0,1.0,1.0138410040489907,1.0138410040489907,0
742,plugin+true,0.1461187278110747,0.2444471088216617,0.11162092958199649,100,30,2000,2000,0.1,1.0,1.0,1.0138410040489907,1.0138410040489907,0
742,plugin+hat,1.3655075874659035,0.17158424012640705,0.0846209295819965,100,30,2000,2000,0.1,1.0,1.0,1.0138410040489907,1.0138410040489907,0
743,rejection+true,12.760930781150906,0.25560592679927746,0.0503028150115091,100,30,2000,2000,0.1,1.0,1.0,0.8583134654618775,0.8583134654618775,1
743,rejection+hat,8.161400793251818,0.319636196581026,0.050452815011509076,100,30,2000,2000,0.1,1.0,1.0,0.8583134654618775,0.8583134654618775,1
743,plugin+true,0.03822547943598284,0.19432217114059874,0.095402815011509,100,30,2000,2000,0.1,1.0,1.0,0.8583134654618775,0.8583134654618775,1
743,plugin+hat,0.1461187278110747,0.20270269557122472,0.095402815011509,100,30,2000,2000,0.1,1.0,1.0,0.8583134654618775,0.8583134654618775,1
744,rejection+true,19.952623149688797,0.11278364857037862,-0.00485784736873359,100,30,2000,2000,0.1,1.0,1.0,0.9585840950096092,0.9585840950096092,1
744,rejection+hat,3.338331126107119,0.16490746885538105,0.0050921526312663725,100,30,2000,2000,0.1,1.0,1.0,0.9585840950096092,0.9585840950096092,1
744,plugin+true,0.01,0.13739087482511209,-0.05670784736873381,100,30,2000,2000,0.1,1.0,1.0,0.9585840950096092,0.9585840950096092,1
744,plugin+hat,0.09345192145605369,0.14368815273968444,-0.05670784736873381,100,30,2000,2000,0.1,1.0,1.0,0.9585840950096092,0.9585840950096092,1
745,rejection+true,5.219718220435647,0.07953684454162915,0.09589059203520346,100,30,2000,2000,0.1,1.0,1.0,1.0614391268098609,1.0614391268098609,0
745,rejection+hat,1.3655075874659035,0.11892201068500677,0.1204905920352037,100,30,2000,2000,0.1,1.0,1.0,1.0614391268098609,1.0614391268098609,0
745,plugin+true,19.952623149688797,-0.011842748292021492,0.09439059203520339,100,30,2000,2000,0.1,1.0,1.0,1.0614391268098609,1.0614391268098609,0
745,plugin+hat,0.558545842515421,0.006218595867531566,0.1336905920352035,100,30,2000,2000,0.1,1.0,1.0,1.0614391268098609,1.0614391268098609,0
746,rejection+true,0.01,0.13800209475060304,-0.007587467086048426,100,30,2000,2000,0.1,1.0,1.0,1.0109722592630765,1.0109722592630765,0
746,rejection+hat,0.01,0.13800209475060304,-0.007587467086048426,100,30,2000,2000,0.1,1.0,1.0,1.0109722592630765,1.0109722592630765,0
746,plugin+true,0.02444754724726473,0.1619020836433046,-0.007587467086048426,100,30,2000,2000,0.1,1.0,1.0,1.0109722592630765,1.0109722592630765,0
746,plugin+hat,5.219718220435647,0.1382926486484593,0.049612532913951575,100,30,2000,2000,0.1,1.0,1.0,1.0109722592630765,1.0109722592630765,0
747,rejection+true,12.760930781150906,0.23131130685408915,0.08576603127150147,100,30,2000,2000,0.1,1.0,1.0,0.9478078085281166,0.9478078085281166,1
747,rejection+hat,0.8733261623828429,0.24642719440162178,0.11446603127150147,100,30,2000,2000,0.1,1.0,1.0,0.9478078085281166,0.9478078085281166,1
747,plugin+true,1.3655075874659035,0.2564285258823644,0.08906603127150128,100,30,2000,2000,0.1,1.0,1.0,0.9478078085281166,0.9478078085281166,1
747,plugin+hat,0.05976825664072413,0.2683305728421262,0.032766031271501406,100,30,2000,2000,0.1,1.0,1.0,0.9478078085281166,0.9478078085281166,1
748,rejection+true,0.01,0.2867733462713658,0.11642750678712657,100,30,2000,2000,0.1,1.0,1.0,1.011236078178395,1.011236078178395,0
748,rejection+hat,0.01,0.2867733462713658,0.11642750678712657,100,30,2000,2000,0.1,1.0,1.0,1.011236078178395,1.011236078178395,0
748,plugin+true,0.015635711447601203,0.1532160938709208,0.11642750678712657,100,30,2000,2000,0.1,1.0,1.0,1.011236078178395,1.011236078178395,0
748,plugin+hat,0.09345192145605369,0.1391101910876523,0.11642750678712657,100,30,2000,2000,0.1,1.0,1.0,1.011236078178395,1.011236078178395,0
749,rejection+true,0.01,-0.0007372549424568812,0.0037331000108006464,100,30,2000,2000,0.1,1.0,1.0,0.9139808176162393,0.9139808176162393,1
749,rejection+hat,0.01,-0.0007372549424568812,0.0037331000108006464,100,30,2000,2000,0.1,1.0,1.0,0.9139808176162393,0.9139808176162393,1
749,plugin+true,0.015635711447601203,0.05102833551196351,0.0037331000108006464,100,30,2000,2000,0.1,1.0,1.0,0.9139808176162393,0.9139808176162393,1
749,plugin+hat,19.952623149688797,0.04569478295157255,0.05488310001080065,100,30,2000,2000,0.1,1.0,1.0,0.9139808176162393,0.9139808176162393,1
750,rejection+true,0.558545842515421,0.19988091016809145,0.10385165211455084,100,30,2000,2000,0.1,1.0,1.0,0.9227501154262838,0.9227501154262838,1
750,rejection+hat,0.8733261623828429,0.22302177709837756,0.09850165211455075,100,30,2000,2000,0.1,1.0,1.0,0.9227501154262838,0.9227501154262838,1
750,plugin+true,2.135068261712694,0.17208545024091396,0.06600165211455071,100,30,2000,2000,0.1,1.0,1.0,0.9227501154262838,0.9227501154262838,1
750,plugin+hat,0.09345192145605369,0.13390216248889433,0.10460165211455087,100,30,2000,2000,0.1,1.0,1.0,0.9227501154262838,0.9227501154262838,1
751,rejection+true,0.1461187278110747,0.3818922621663659,0.12250339716084223,100,30,2000,2000,0.1,1.0,1.0,0.9739757384647593,0.9739757384647593,1
751,rejection+hat,0.1461187278110747,0.3818922621663659,0.12250339716084223,100,30,2000,2000,0.1,1.0,1.0,0.9739757384647593,0.9739757384647593,1
751,plugin+true,0.1461187278110747,0.19209287431538397,0.12250339716084223,100,30,2000,2000,0.1,1.0,1.0,0.9739757384647593,0.9739757384647593,1
751,plugin+hat,0.015635711447601203,0.2181528145807035,0.12250339716084223,100,30,2000,2000,0.1,1.0,1.0,0.9739757384647593,0.9739757384647593,1
752,rejection+true,3.338331126107119,0.516297861126562,0.05397511391799633,100,30,2000,2000,0.1,1.0,1.0,1.0537567452958125,1.0537567452958125,0
752,rejection+hat,2.135068261712694,0.7224377973005177,0.08322511391799656,100,30,2000,2000,0.1,1.0,1.0,1.0537567452958125,1.0537567452958125,0
752,plugin+true,5.219718220435647,0.30424643854392835,0.05412511391799626,100,30,2000,2000,0.1,1.0,1.0,1.0537567452958125,1.0537567452958125,0
752,plugin+hat,0.8733261623828429,0.28663987421447523,0.08822511391799655,100,30,2000,2000,0.1,1.0,1.0,1.0537567452958125,1.0537567452958125,0
753,rejection+true,12.760930781150906,0.25293529828389494,0.07692339261272653,100,30,2000,2000,0.1,1.0,1.0,0.8701970384512165,0.8701970384512165,1
753,rejection+hat,8.161400793251818,0.2881069501241048,0.07992339261272655,100,30,2000,2000,0.1,1.0,1.0,0.8701970384512165,0.8701970384512165,1
753,plugin+true,0.05976825664072413,0.2721406237232188,0.12492339261272642,100,30,2000,2000,0.1,1.0,1.0,0.8701970384512165,0.8701970384512165,1
753,plugin+hat,0.09345192145605369,0.2586838142923535,0.025423392612726452,100,30,2000,2000,0.1,1.0,1.0,0.8701970384512165,0.8701970384512165,1
754,rejection+true,0.558545842515421,-0.0323197947194179,0.11682601501507534,100,30,2000,2000,0.1,1.0,1.0,1.009344613781412,1.009344613781412,0
754,rejection+hat,0.558545842515421,-0.0323197947194179,0.08467601501507517,100,30,2000,2000,0.1,1.0,1.0,1.009344613781412,1.009344613781412,0
754,plugin+true,0.1461187278110747,0.14900859572332495,0.11582601501507538,100,30,2000,2000,0.1,1.0,1.0,1.009344613781412,1.009344613781412,0
754,plugin+hat,0.05976825664072413,0.15844953356849192,0.11707601501507534,100,30,2000,2000,0.1,1.0,1.0,1.009344613781412,1.009344613781412,0
755,rejection+true,0.8733261623828429,-0.11428785522778828,0.08821654006934034,100,30,2000,2000,0.1,1.0,1.0,1.0288540634569605,1.0288540634569605,0
755,rejection+hat,0.8733261623828429,-0.11428785522778828,0.09926654006934044,100,30,2000,2000,0.1,1.0,1.0,1.0288540634569605,1.0288540634569605,0
755,plugin+true,5.219718220435647,0.0892110588296162,0.06526654006934038,100,30,2000,2000,0.1,1.0,1.0,1.0288540634569605,1.0288540634569605,0
755,plugin+hat,0.01,0.07989833572469326,0.1077665400693404,100,30,2000,2000,0.1,1.0,1.0,1.0288540634569605,1.0288540634569605,0
756,rejection+true,8.161400793251818,-0.16519348981479803,0.0340493707733409,100,30,2000,2000,0.1,1.0,1.0,1.0414553579012558,1.0414553579012558,0
756,rejection+hat,3.338331126107119,-0.020984472086032227,0.043199370773340975,100,30,2000,2000,0.1,1.0,1.0,1.0414553579012558,1.0414553579012558,0
756,plugin+true,0.22846702651445452,0.06799666058801566,0.08079937077334093,100,30,2000,2000,0.1,1.0,1.0,1.0414553579012558,1.0414553579012558,0
756,plugin+hat,2.135068261712694,0.11522514104999278,0.057849370773340965,100,30,2000,2000,0.1,1.0,1.0,1.0414553579012558,1.0414553579012558,0
757,rejection+true,3.338331126107119,0.2582954481244088,0.08157453862237721,100,30,2000,2000,0.1,1.0,1.0,1.0196055475126842,1.0196055475126842,0
757,rejection+hat,3.338331126107119,0.2582954481244088,0.08512453862237716,100,30,2000,2000,0.1,1.0,1.0,1.0196055475126842,1.0196055475126842,0
757,plugin+true,0.8733261623828429,0.016540100947257837,0.09642453862237728,100,30,2000,2000,0.1,1.0,1.0,1.0196055475126842,1.0196055475126842,0
757,plugin+hat,0.03822547943598284,0.06168032366374111,0.026574538622377037,100,30,2000,2000,0.1,1.0,1.0,1.0196055475126842,1.0196055475126842,0
758,rejection+true,0.8733261623828429,0.16095984317362305,0.07640902245114291,100,30,2000,2000,0.1,1.0,1.0,0.9936433159189184,0.9936433159189184,1
758,rejection+hat,0.8733261623828429,0.16095984317362305,0.08785902245114292,100,30,2000,2000,0.1,1.0,1.0,0.9936433159189184,0.9936433159189184,1
758,plugin+true,0.05976825664072413,0.07647078894628212,0.0021590224511428787,100,30,2000,2000,0.1,1.0,1.0,0.9936433159189184,0.9936433159189184,1
758,plugin+hat,0.8733261623828429,0.1320568241758348,0.08785902245114292,100,30,2000,2000,0.1,1.0,1.0,0.9936433159189184,0.9936433159189184,1
759,rejection+true,1.3655075874659035,0.3561719253659249,0.0610429116599222,100,30,2000,2000,0.1,1.0,1.0,1.045875055796917,1.045875055796917,0
759,rejection+hat,1.3655075874659035,0.4466414377093315,0.052792911659922115,100,30,2000,2000,0.1,1.0,1.0,1.045875055796917,1.045875055796917,0
759,plugin+true,0.05976825664072413,0.08553845732975224,0.08299291165992213,100,30,2000,2000,0.1,1.0,1.0,1.045875055796917,1.045875055796917,0
759,plugin+hat,0.01,0.06603796444979806,0.08689291165992213,100,30,2000,2000,0.1,1.0,1.0,1.045875055796917,1.045875055796917,0
760,rejection+true,19.952623149688797,0.2748576011508703,0.07080980446833421,100,30,2000,2000,0.1,1.0,1.0,1.0818048818019046,1.0818048818019046,0
760,rejection+hat,12.760930781150906,0.34174663685262197,0.0708098044683343,100,30,2000,2000,0.1,1.0,1.0,1.0818048818019046,1.0818048818019046,0
760,plugin+true,19.952623149688797,0.08609812725649786,0.07080980446833421,100,30,2000,2000,0.1,1.0,1.0,1.0818048818019046,1.0818048818019046,0
760,plugin+hat,0.22846702651445452,0.06069543422188084,0.11790980446833438,100,30,2000,2000,0.1,1.0,1.0,1.0818048818019046,1.0818048818019046,0
761,rejection+true,0.01,-0.061140447234114007,-0.01127645949496179,100,30,2000,2000,0.1,1.0,1.0,1.0581552008387398,1.0581552008387398,0
761,rejection+hat,0.22846702651445452,-0.04726612903177739,-0.01127645949496179,100,30,2000,2000,0.1,1.0,1.0,1.0581552008387398,1.0581552008387398,0
761,plugin+true,5.219718220435647,-0.0636072138876513,0.04677354050503817,100,30,2000,2000,0.1,1.0,1.0,1.0581552008387398,1.0581552008387398,0
761,plugin+hat,0.35722445018714644,-0.03588508933495738,-0.01127645949496179,100,30,2000,2000,0.1,1.0,1.0,1.0581552008387398,1.0581552008387398,0
762,rejection+true,12.760930781150906,0.4349267845444652,0.09801831477406873,100,30,2000,2000,0.1,1.0,1.0,0.9850458935425038,0.9850458935425038,1
762,rejection+hat,12.760930781150906,0.46423049222357804,0.09931831477406866,100,30,2000,2000,0.1,1.0,1.0,0.9850458935425038,0.9850458935425038,1
762,plugin+true,0.09345192145605369,0.21383422178718922,0.0443683147740691,100,30,2000,2000,0.1,1.0,1.0,0.9850458935425038,0.9850458935425038,1
762,plugin+hat,0.02444754724726473,0.21822969824665708,0.14216831477406874,100,30,2000,2000,0.1,1.0,1.0,0.9850458935425038,0.9850458935425038,1
763,rejection+true,0.01,-0.031017559176931785,0.11693630727276962,100,30,2000,2000,0.1,1.0,1.0,1.0605253829192207,1.0605253829192207,0
763,rejection+hat,0.01,-0.031017559176931785,0.11693630727276962,100,30,2000,2000,0.1,1.0,1.0,1.0605253829192207,1.0605253829192207,0
763,plugin+true,3.338331126107119,0.17685619078049408,0.08603630727276947,100,30,2000,2000,0.1,1.0,1.0,1.0605253829192207,1.0605253829192207,0
763,plugin+hat,0.015635711447601203,0.14909706244651091,0.11693630727276962,100,30,2000,2000,0.1,1.0,1.0,1.0605253829192207,1.0605253829192207,0
764,rejection+true,0.01,0.2363219685852528,0.10178598743868145,100,30,2000,2000,0.1,1.0,1.0,0.8369669005815689,0.8369669005815689,1
764,rejection+hat,0.09345192145605369,0.27350627357761065,0.10178598743868145,100,30,2000,2000,0.1,1.0,1.0,0.8369669005815689,0.8369669005815689,1
764,plugin+true,0.35722445018714644,0.18862230885205053,0.10173598743868147,100,30,2000,2000,0.1,1.0,1.0,0.8369669005815689,0.8369669005815689,1
764,plugin+hat,0.01,0.20468790939902098,0.10178598743868145,100,30,2000,2000,0.1,1.0,1.0,0.8369669005815689,0.8369669005815689,1
765,rejection+true,12.760930781150906,0.37183142060724406,0.037244634849392104,100,30,2000,2000,0.1,1.0,1.0,1.0521546150801953,1.0521546150801953,0
765,rejection+hat,8.161400793251818,0.37183142060724406,0.039344634849392074,100,30,2000,2000,0.1,1.0,1.0,1.0521546150801953,1.0521546150801953,0
765,plugin+true,5.219718220435647,0.2265461008848746,0.036394634849392135,100,30,2000,2000,0.1,1.0,1.0,1.0521546150801953,1.0521546150801953,0
765,plugin+hat,0.35722445018714644,0.2203701408472319,-0.015705365150607806,100,30,2000,2000,0.1,1.0,1.0,1.0521546150801953,1.0521546150801953,0
766,rejection+true,2.135068261712694,0.2532562678058942,0.07135258989467495,100,30,2000,2000,0.1,1.0,1.0,0.9942029116521558,0.9942029116521558,1
766,rejection+hat,2.135068261712694,0.2532562678058942,0.06930258989467487,100,30,2000,2000,0.1,1.0,1.0,0.9942029116521558,0.9942029116521558,1
766,plugin+true,2.135068261712694,0.17886854332509763,0.07135258989467495,100,30,2000,2000,0.1,1.0,1.0,0.9942029116521558,0.9942029116521558,1
766,plugin+hat,0.8733261623828429,0.16884709136980586,0.0971525898946748,100,30,2000,2000,0.1,1.0,1.0,0.9942029116521558,0.9942029116521558,1
767,rejection+true,0.35722445018714644,0.4883455969548473,-0.003686563028150987,100,30,2000,2000,0.1,1.0,1.0,0.9668167199685788,0.9668167199685788,1
767,rejection+hat,0.35722445018714644,0.4883455969548473,0.07876343697184898,100,30,2000,2000,0.1,1.0,1.0,0.9668167199685788,0.9668167199685788,1
767,plugin+true,0.01,0.3187679656085113,0.09536343697184893,100,30,2000,2000,0.1,1.0,1.0,0.9668167199685788,0.9668167199685788,1
767,plugin+hat,3.338331126107119,0.28011001625407234,0.050213436971848956,100,30,2000,2000,0.1,1.0,1.0,0.9668167199685788,0.9668167199685788,1
768,rejection+true,2.135068261712694,0.18520504993697004,0.06659518537048746,100,30,2000,2000,0.1,1.0,1.0,0.930080722241934,0.930080722241934,1
768,rejection+hat,1.3655075874659035,0.23562704188128314,0.05244518537048777,100,30,2000,2000,0.1,1.0,1.0,0.930080722241934,0.930080722241934,1
768,plugin+true,0.015635711447601203,0.23998126031294445,0.0975951853704876,100,30,2000,2000,0.1,1.0,1.0,0.930080722241934,0.930080722241934,1
768,plugin+hat,0.015635711447601203,0.2569314626411565,0.0975951853704876,100,30,2000,2000,0.1,1.0,1.0,0.930080722241934,0.930080722241934,1
769,rejection+true,0.01,0.13644090220332142,0.07895975793291082,100,30,2000,2000,0.1,1.0,1.0,1.078058729113688,1.078058729113688,0
769,rejection+hat,0.01,0.13644090220332142,0.07895975793291082,100,30,2000,2000,0.1,1.0,1.0,1.078058729113688,1.078058729113688,0
769,plugin+true,0.02444754724726473,0.07376324979679882,0.07895975793291082,100,30,2000,2000,0.1,1.0,1.0,1.078058729113688,1.078058729113688,0
769,plugin+hat,0.8733261623828429,0.09640678542036527,0.048009757932910915,100,30,2000,2000,0.1,1.0,1.0,1.078058729113688,1.078058729113688,0
770,rejection+true,0.8733261623828429,0.15703489246467753,0.06169081532596403,100,30,2000,2000,0.1,1.0,1.0,1.0153675739852133,1.0153675739852133,0
770,rejection+hat,0.8733261623828429,0.15703489246467753,0.07644081532596414,100,30,2000,2000,0.1,1.0,1.0,1.0153675739852133,1.0153675739852133,0
770,plugin+true,0.09345192145605369,0.09347473183744152,-0.009159184674035994,100,30,2000,2000,0.1,1.0,1.0,1.0153675739852133,1.0153675739852133,0
770,plugin+hat,0.02444754724726473,0.125241497004338,-0.009159184674035994,100,30,2000,2000,0.1,1.0,1.0,1.0153675739852133,1.0153675739852133,0
771,rejection+true,8.161400793251818,0.11543781546254953,0.06191863797072608,100,30,2000,2000,0.1,1.0,1.0,1.053651034102636,1.053651034102636,0
771,rejection+hat,5.219718220435647,0.11543781546254953,0.058018637970726074,100,30,2000,2000,0.1,1.0,1.0,1.053651034102636,1.053651034102636,0
771,plugin+true,0.09345192145605369,0.008448365638275081,0.006818637970725981,100,30,2000,2000,0.1,1.0,1.0,1.053651034102636,1.053651034102636,0
771,plugin+hat,0.1461187278110747,0.06271703032260512,0.006818637970725981,100,30,2000,2000,0.1,1.0,1.0,1.053651034102636,1.053651034102636,0
772,rejection+true,0.8733261623828429,0.1760907104859749,0.1075483905773957,100,30,2000,2000,0.1,1.0,1.0,0.882895336317964,0.882895336317964,1
772,rejection+hat,2.135068261712694,0.20482437697549657,0.0871983905773957,100,30,2000,2000,0.1,1.0,1.0,0.882895336317964,0.882895336317964,1
772,plugin+true,0.02444754724726473,0.18502827670600014,0.024348390577395518,100,30,2000,2000,0.1,1.0,1.0,0.882895336317964,0.882895336317964,1
772,plugin+hat,0.02444754724726473,0.26051118426304315,0.024348390577395518,100,30,2000,2000,0.1,1.0,1.0,0.882895336317964,0.882895336317964,1
773,rejection+true,0.8733261623828429,0.4665140276153881,0.06434678541457568,100,30,2000,2000,0.1,1.0,1.0,0.9247818735284714,0.9247818735284714,1
773,rejection+hat,0.8733261623828429,0.48089183171590166,0.07854678541457577,100,30,2000,2000,0.1,1.0,1.0,0.9247818735284714,0.9247818735284714,1
773,plugin+true,19.952623149688797,0.2612174489099322,0.03464678541457575,100,30,2000,2000,0.1,1.0,1.0,0.9247818735284714,0.9247818735284714,1
773,plugin+hat,19.952623149688797,0.2463995787792887,0.034646785414575734,100,30,2000,2000,0.1,1.0,1.0,0.9247818735284714,0.9247818735284714,1
774,rejection+true,0.35722445018714644,0.18869875309367978,0.09110298548128992,100,30,2000,2000,0.1,1.0,1.0,1.0322281831783342,1.0322281831783342,0
774,rejection+hat,0.35722445018714644,0.18869875309367978,0.09130298548128997,100,30,2000,2000,0.1,1.0,1.0,1.0322281831783342,1.0322281831783342,0
774,plugin+true,0.01,0.11315082780295774,0.09140298548128996,100,30,2000,2000,0.1,1.0,1.0,1.0322281831783342,1.0322281831783342,0
774,plugin+hat,5.219718220435647,0.10247067555742677,0.050202985481290006,100,30,2000,2000,0.1,1.0,1.0,1.0322281831783342,1.0322281831783342,0
775,rejection+true,1.3655075874659035,-0.10058044642210007,0.050683535480814716,100,30,2000,2000,0.1,1.0,1.0,0.9690997128311235,0.9690997128311235,1
775,rejection+hat,1.3655075874659035,-0.10058044642210007,0.06243353548081479,100,30,2000,2000,0.1,1.0,1.0,0.9690997128311235,0.9690997128311235,1
775,plugin+true,5.219718220435647,0.006272833411775006,0.05568353548081464,100,30,2000,2000,0.1,1.0,1.0,0.9690997128311235,0.9690997128311235,1
775,plugin+hat,19.952623149688797,0.03693950347684556,0.050133535480814714,100,30,2000,2000,0.1,1.0,1.0,0.9690997128311235,0.9690997128311235,1
776,rejection+true,5.219718220435647,-0.28297250072161356,0.08719205665925664,100,30,2000,2000,0.1,1.0,1.0,0.991814967644382,0.991814967644382,1
776,rejection+hat,5.219718220435647,-0.28297250072161356,0.08794205665925657,100,30,2000,2000,0.1,1.0,1.0,0.991814967644382,0.991814967644382,1
776,plugin+true,0.22846702651445452,-0.25932863861381017,0.029842056659256554,100,30,2000,2000,0.1,1.0,1.0,0.991814967644382,0.991814967644382,1
776,plugin+hat,0.22846702651445452,-0.2668121895643475,0.029842056659256554,100,30,2000,2000,0.1,1.0,1.0,0.991814967644382,0.991814967644382,1
777,rejection+true,3.338331126107119,-0.16597038066635533,0.06850277742336656,100,30,2000,2000,0.1,1.0,1.0,0.9634483793058859,0.9634483793058859,1
777,rejection+hat,0.8733261623828429,-0.2038798612852891,0.07620277742336665,100,30,2000,2000,0.1,1.0,1.0,0.9634483793058859,0.9634483793058859,1
777,plugin+true,0.8733261623828429,-0.08070745309916387,0.0866527774233666,100,30,2000,2000,0.1,1.0,1.0,0.9634483793058859,0.9634483793058859,1
777,plugin+hat,0.03822547943598284,-0.12190841385687608,0.09965277742336658,100,30,2000,2000,0.1,1.0,1.0,0.9634483793058859,0.9634483793058859,1
778,rejection+true,12.760930781150906,0.10824927538633349,0.07011196485716857,100,30,2000,2000,0.1,1.0,1.0,0.9308315619581295,0.9308315619581295,1
778,rejection+hat,12.760930781150906,0.10824927538633349,0.07061196485716868,100,30,2000,2000,0.1,1.0,1.0,0.9308315619581295,0.9308315619581295,1
778,plugin+true,0.8733261623828429,0.2098220897181866,0.10911196485716869,100,30,2000,2000,0.1,1.0,1.0,0.9308315619581295,0.9308315619581295,1
778,plugin+hat,8.161400793251818,0.21408644833255192,0.06961196485716857,100,30,2000,2000,0.1,1.0,1.0,0.9308315619581295,0.9308315619581295,1
779,rejection+true,5.219718220435647,0.10637479436894257,0.03071994476180777,100,30,2000,2000,0.1,1.0,1.0,0.907760134896425,0.907760134896425,1
779,rejection+hat,5.219718220435647,0.10637479436894257,0.03181994476180772,100,30,2000,2000,0.1,1.0,1.0,0.907760134896425,0.907760134896425,1
779,plugin+true,0.01,0.18872467927520795,0.0699199447618078,100,30,2000,2000,0.1,1.0,1.0,0.907760134896425,0.907760134896425,1
779,plugin+hat,0.015635711447601203,0.22216303709933705,0.0699199447618078,100,30,2000,2000,0.1,1.0,1.0,0.907760134896425,0.907760134896425,1
780,rejection+true,19.952623149688797,0.03913625090693433,0.08220765742555294,100,30,2000,2000,0.1,1.0,1.0,0.9169623047503249,0.9169623047503249,1
780,rejection+hat,19.952623149688797,0.03913625090693433,0.08080765742555293,100,30,2000,2000,0.1,1.0,1.0,0.9169623047503249,0.9169623047503249,1
780,plugin+true,5.219718220435647,0.06443021635028834,0.08320765742555289,100,30,2000,2000,0.1,1.0,1.0,0.9169623047503249,0.9169623047503249,1
780,plugin+hat,0.558545842515421,0.03318853178280689,0.12840765742555332,100,30,2000,2000,0.1,1.0,1.0,0.9169623047503249,0.9169623047503249,1
781,rejection+true,0.01,0.030119881002853316,-0.010405205796772515,100,30,2000,2000,0.1,1.0,1.0,0.9357467815047141,0.9357467815047141,1
781,rejection+hat,0.01,0.030119881002853316,-0.010405205796772515,100,30,2000,2000,0.1,1.0,1.0,0.9357467815047141,0.9357467815047141,1
781,plugin+true,0.35722445018714644,0.06872364443135921,-0.010355205796772526,100,30,2000,2000,0.1,1.0,1.0,0.9357467815047141,0.9357467815047141,1
781,plugin+hat,0.35722445018714644,0.00501641976161243,-0.010355205796772522,100,30,2000,2000,0.1,1.0,1.0,0.9357467815047141,0.9357467815047141,1
782,rejection+true,0.22846702651445452,0.23883347834149998,0.1218156626946861,100,30,2000,2000,0.1,1.0,1.0,1.0583780032772339,1.0583780032772339,0
782,rejection+hat,0.22846702651445452,0.23883347834149998,0.1218156626946861,100,30,2000,2000,0.1,1.0,1.0,1.0583780032772339,1.0583780032772339,0
782,plugin+true,0.01,0.035423431378466624,0.1218156626946861,100,30,2000,2000,0.1,1.0,1.0,1.0583780032772339,1.0583780032772339,0
782,plugin+hat,0.05976825664072413,0.08717596015041776,0.1218156626946861,100,30,2000,2000,0.1,1.0,1.0,1.0583780032772339,1.0583780032772339,0
783,rejection+true,8.161400793251818,0.5168569094190993,0.06781525478342029,100,30,2000,2000,0.1,1.0,1.0,1.0211897134361625,1.0211897134361625,0
783,rejection+hat,8.161400793251818,0.5168569094190993,0.06516525478342038,100,30,2000,2000,0.1,1.0,1.0,1.0211897134361625,1.0211897134361625,0
783,plugin+true,0.22846702651445452,0.1373835637445441,0.010165254783420435,100,30,2000,2000,0.1,1.0,1.0,1.0211897134361625,1.0211897134361625,0
783,plugin+hat,0.8733261623828429,0.15041395035335942,0.09691525478342053,100,30,2000,2000,0.1,1.0,1.0,1.0211897134361625,1.0211897134361625,0
784,rejection+true,19.952623149688797,0.4599520425001781,0.07658518177166543,100,30,2000,2000,0.1,1.0,1.0,1.133576723021582,1.133576723021582,0
784,rejection+hat,19.952623149688797,0.5211272915204365,0.07633518177166544,100,30,2000,2000,0.1,1.0,1.0,1.133576723021582,1.133576723021582,0
784,plugin+true,0.35722445018714644,0.35943297206832947,0.12378518177166518,100,30,2000,2000,0.1,1.0,1.0,1.133576723021582,1.133576723021582,0
784,plugin+hat,0.35722445018714644,0.3907006058937576,0.12378518177166518,100,30,2000,2000,0.1,1.0,1.0,1.133576723021582,1.133576723021582,0
785,rejection+true,8.161400793251818,0.2352860260754824,0.07999195258716942,100,30,2000,2000,0.1,1.0,1.0,1.1208990671735417,1.1208990671735417,0
785,rejection+hat,8.161400793251818,0.2750785320997239,0.0772419525871693,100,30,2000,2000,0.1,1.0,1.0,1.1208990671735417,1.1208990671735417,0
785,plugin+true,0.09345192145605369,0.13524513320777148,0.027241952587169313,100,30,2000,2000,0.1,1.0,1.0,1.1208990671735417,1.1208990671735417,0
785,plugin+hat,0.8733261623828429,0.15779974464803645,0.07399195258716919,100,30,2000,2000,0.1,1.0,1.0,1.1208990671735417,1.1208990671735417,0
786,rejection+true,0.09345192145605369,-0.08927691852053005,0.10712520419844443,100,30,2000,2000,0.1,1.0,1.0,0.9209727934317707,0.9209727934317707,1
786,rejection+hat,0.1461187278110747,-0.08927691852053005,0.10712520419844443,100,30,2000,2000,0.1,1.0,1.0,0.9209727934317707,0.9209727934317707,1
786,plugin+true,0.09345192145605369,0.10088509817962302,0.10712520419844443,100,30,2000,2000,0.1,1.0,1.0,0.9209727934317707,0.9209727934317707,1
786,plugin+hat,0.05976825664072413,0.06722131474084521,0.10712520419844443,100,30,2000,2000,0.1,1.0,1.0,0.9209727934317707,0.9209727934317707,1
787,rejection+true,8.161400793251818,0.23320968480159837,0.06404764219972461,100,30,2000,2000,0.1,1.0,1.0,1.0126088229912087,1.0126088229912087,0
787,rejection+hat,8.161400793251818,0.23320968480159837,0.06294764219972458,100,30,2000,2000,0.1,1.0,1.0,1.0126088229912087,1.0126088229912087,0
787,plugin+true,0.22846702651445452,0.25228973208956523,0.10549764219972443,100,30,2000,2000,0.1,1.0,1.0,1.0126088229912087,1.0126088229912087,0
787,plugin+hat,3.338331126107119,0.24892710190880338,0.06119764219972464,100,30,2000,2000,0.1,1.0,1.0,1.0126088229912087,1.0126088229912087,0
788,rejection+true,5.219718220435647,0.24450275210353234,0.06993043671618604,100,30,2000,2000,0.1,1.0,1.0,1.121779597497916,1.121779597497916,0
788,rejection+hat,5.219718220435647,0.24450275210353234,0.06653043671618593,100,30,2000,2000,0.1,1.0,1.0,1.121779597497916,1.121779597497916,0
788,plugin+true,0.1461187278110747,0.21043435661942342,0.10763043671618601,100,30,2000,2000,0.1,1.0,1.0,1.121779597497916,1.121779597497916,0
788,plugin+hat,0.09345192145605369,0.18699749980187524,0.10298043671618604,100,30,2000,2000,0.1,1.0,1.0,1.121779597497916,1.121779597497916,0
789,rejection+true,2.135068261712694,0.20278932185222706,0.10417903655928569,100,30,2000,2000,0.1,1.0,1.0,1.0564218606118607,1.0564218606118607,0
789,rejection+hat,2.135068261712694,0.20278932185222706,0.08792903655928565,100,30,2000,2000,0.1,1.0,1.0,1.0564218606118607,1.0564218606118607,0
789,plugin+true,1.3655075874659035,0.23449303426324697,0.0944790365592856,100,30,2000,2000,0.1,1.0,1.0,1.0564218606118607,1.0564218606118607,0
789,plugin+hat,5.219718220435647,0.2375239066700361,0.09147903655928553,100,30,2000,2000,0.1,1.0,1.0,1.0564218606118607,1.0564218606118607,0
790,rejection+true,5.219718220435647,0.33971160103877385,0.04613688806161325,100,30,2000,2000,0.1,1.0,1.0,1.0746932324988476,1.0746932324988476,0
790,rejection+hat,5.219718220435647,0.33971160103877385,0.0431368880616133,100,30,2000,2000,0.1,1.0,1.0,1.0746932324988476,1.0746932324988476,0
790,plugin+true,0.22846702651445452,0.1706344974907057,0.08853688806161322,100,30,2000,2000,0.1,1.0,1.0,1.0746932324988476,1.0746932324988476,0
790,plugin+hat,3.338331126107119,0.19202079135455116,0.05528688806161336,100,30,2000,2000,0.1,1.0,1.0,1.0746932324988476,1.0746932324988476,0
791,rejection+true,0.8733261623828429,-0.002730048447847367,0.06665299149604784,100,30,2000,2000,0.1,1.0,1.0,0.8998547566245656,0.8998547566245656,1
791,rejection+hat,0.01,-0.008778721839189532,0.08100299149604781,100,30,2000,2000,0.1,1.0,1.0,0.8998547566245656,0.8998547566245656,1
791,plugin+true,0.558545842515421,0.02609360530555429,0.050052991496047965,100,30,2000,2000,0.1,1.0,1.0,0.8998547566245656,0.8998547566245656,1
791,plugin+hat,0.1461187278110747,0.011952146836024071,-0.018647008503952126,100,30,2000,2000,0.1,1.0,1.0,0.8998547566245656,0.8998547566245656,1
792,rejection+true,5.219718220435647,0.22149700857698917,0.04537312057382554,100,30,2000,2000,0.1,1.0,1.0,1.0319767374077622,1.0319767374077622,0
792,rejection+hat,5.219718220435647,0.22149700857698917,0.04722312057382557,100,30,2000,2000,0.1,1.0,1.0,1.0319767374077622,1.0319767374077622,0
792,plugin+true,0.558545842515421,0.13613658612869253,0.06677312057382565,100,30,2000,2000,0.1,1.0,1.0,1.0319767374077622,1.0319767374077622,0
792,plugin+hat,0.35722445018714644,0.12221533536966767,0.06897312057382565,100,30,2000,2000,0.1,1.0,1.0,1.0319767374077622,1.0319767374077622,0
793,rejection+true,0.01,0.17677303105592732,0.0795904570500881,100,30,2000,2000,0.1,1.0,1.0,1.040640553693275,1.040640553693275,0
793,rejection+hat,0.01,0.17677303105592732,0.0795904570500881,100,30,2000,2000,0.1,1.0,1.0,1.040640553693275,1.040640553693275,0
793,plugin+true,0.1461187278110747,0.1553386405688557,0.0795904570500881,100,30,2000,2000,0.1,1.0,1.0,1.040640553693275,1.040640553693275,0
793,plugin+hat,0.22846702651445452,0.15122497605376037,0.0795904570500881,100,30,2000,2000,0.1,1.0,1.0,1.040640553693275,1.040640553693275,0
794,rejection+true,0.8733261623828429,-0.04550593684737881,0.11163072016819632,100,30,2000,2000,0.1,1.0,1.0,0.9601114071086655,0.9601114071086655,1
794,rejection+hat,1.3655075874659035,0.019018708510945236,0.10083072016819622,100,30,2000,2000,0.1,1.0,1.0,0.9601114071086655,0.9601114071086655,1
794,plugin+true,0.05976825664072413,0.03840222484207916,0.026280720168196346,100,30,2000,2000,0.1,1.0,1.0,0.9601114071086655,0.9601114071086655,1
794,plugin+hat,3.338331126107119,0.042083111701406294,0.09008072016819618,100,30,2000,2000,0.1,1.0,1.0,0.9601114071086655,0.9601114071086655,1
795,rejection+true,12.760930781150906,0.1539597056806087,0.03997622717412059,100,30,2000,2000,0.1,1.0,1.0,0.8702511503858775,0.8702511503858775,1
795,rejection+hat,19.952623149688797,0.14075524434447292,0.04227622717412062,100,30,2000,2000,0.1,1.0,1.0,0.8702511503858775,0.8702511503858775,1
795,plugin+true,2.135068261712694,0.16019254495777308,0.04632622717412057,100,30,2000,2000,0.1,1.0,1.0,0.8702511503858775,0.8702511503858775,1
795,plugin+hat,0.35722445018714644,0.17371845540652536,-0.010723772825879448,100,30,2000,2000,0.1,1.0,1.0,0.8702511503858775,0.8702511503858775,1
796,rejection+true,0.01,0.4000023618030052,0.12365484869021541,100,30,2000,2000,0.1,1.0,1.0,1.0024260512968897,1.0024260512968897,0
796,rejection+hat,0.01,0.4000023618030052,0.12365484869021541,100,30,2000,2000,0.1,1.0,1.0,1.0024260512968897,1.0024260512968897,0
796,plugin+true,0.22846702651445452,0.2567994983109335,0.12365484869021541,100,30,2000,2000,0.1,1.0,1.0,1.0024260512968897,1.0024260512968897,0
796,plugin+hat,0.03822547943598284,0.3315801063685585,0.12365484869021541,100,30,2000,2000,0.1,1.0,1.0,1.0024260512968897,1.0024260512968897,0
797,rejection+true,3.338331126107119,0.060809083034594855,0.048947758983165536,100,30,2000,2000,0.1,1.0,1.0,0.9765691927416882,0.9765691927416882,1
797,rejection+hat,8.161400793251818,0.060526823252439486,0.04609775898316563,100,30,2000,2000,0.1,1.0,1.0,0.9765691927416882,0.9765691927416882,1
797,plugin+true,0.05976825664072413,0.26616202676607176,-0.01025224101683443,100,30,2000,2000,0.1,1.0,1.0,0.9765691927416882,0.9765691927416882,1
797,plugin+hat,0.01,0.32089552182758574,-0.01025224101683443,100,30,2000,2000,0.1,1.0,1.0,0.9765691927416882,0.9765691927416882,1
798,rejection+true,0.8733261623828429,0.2486516994734605,0.08695257399633857,100,30,2000,2000,0.1,1.0,1.0,0.9715734104288829,0.9715734104288829,1
798,rejection+hat,2.135068261712694,0.27939174349109325,0.07530257399633856,100,30,2000,2000,0.1,1.0,1.0,0.9715734104288829,0.9715734104288829,1
798,plugin+true,0.8733261623828429,-0.04841005482284648,0.08695257399633857,100,30,2000,2000,0.1,1.0,1.0,0.9715734104288829,0.9715734104288829,1
798,plugin+hat,0.01,-0.01993812654791436,0.005852573996338574,100,30,2000,2000,0.1,1.0,1.0,0.9715734104288829,0.9715734104288829,1
799,rejection+true,1.3655075874659035,0.33495247860749555,0.061735552568808166,100,30,2000,2000,0.1,1.0,1.0,1.047443609937366,1.047443609937366,0
799,rejection+hat,1.3655075874659035,0.34437872568766276,0.04588555256880815,100,30,2000,2000,0.1,1.0,1.0,1.047443609937366,1.047443609937366,0
799,plugin+true,0.01,0.33356481692014384,0.08478555256880803,100,30,2000,2000,0.1,1.0,1.0,1.047443609937366,1.047443609937366,0
799,plugin+hat,0.09345192145605369,0.3033294719246736,0.08478555256880803,100,30,2000,2000,0.1,1.0,1.0,1.047443609937366,1.047443609937366,0
800,rejection+true,0.8733261623828429,0.2888430334627629,0.08165793972570201,100,30,2000,2000,0.1,1.0,1.0,0.9263009103542308,0.9263009103542308,1
800,rejection+hat,0.8733261623828429,0.2888430334627629,0.037807939725702025,100,30,2000,2000,0.1,1.0,1.0,0.9263009103542308,0.9263009103542308,1
800,plugin+true,0.8733261623828429,0.13115166563255937,0.08165793972570201,100,30,2000,2000,0.1,1.0,1.0,0.9263009103542308,0.9263009103542308,1
800,plugin+hat,0.22846702651445452,0.14996273147619738,0.0054579397257020264,100,30,2000,2000,0.1,1.0,1.0,0.9263009103542308,0.9263009103542308,1
801,rejection+true,2.135068261712694,0.543035131196181,0.07713359423213557,100,30,2000,2000,0.1,1.0,1.0,1.0979967442898206,1.0979967442898206,0
801,rejection+hat,0.8733261623828429,0.3102575222651164,0.07863359423213545,100,30,2000,2000,0.1,1.0,1.0,1.0979967442898206,1.0979967442898206,0
801,plugin+true,8.161400793251818,0.09487204617001042,0.06213359423213561,100,30,2000,2000,0.1,1.0,1.0,1.0979967442898206,1.0979967442898206,0
801,plugin+hat,0.09345192145605369,0.05743651565443314,0.006933594232135532,100,30,2000,2000,0.1,1.0,1.0,1.0979967442898206,1.0979967442898206,0
802,rejection+true,2.135068261712694,0.11237318056325118,0.10671347471757509,100,30,2000,2000,0.1,1.0,1.0,1.047661907946346,1.047661907946346,0
802,rejection+hat,3.338331126107119,0.09874600085119405,0.0936634747175749,100,30,2000,2000,0.1,1.0,1.0,1.047661907946346,1.047661907946346,0
802,plugin+true,0.558545842515421,0.19046887299294785,0.12141347471757509,100,30,2000,2000,0.1,1.0,1.0,1.047661907946346,1.047661907946346,0
802,plugin+hat,0.558545842515421,0.3465763859620111,0.12261347471757507,100,30,2000,2000,0.1,1.0,1.0,1.047661907946346,1.047661907946346,0
803,rejection+true,0.1461187278110747,0.1500160036608577,0.08964164272638964,100,30,2000,2000,0.1,1.0,1.0,0.9452717884214974,0.9452717884214974,1
803,rejection+hat,0.1461187278110747,0.1500160036608577,0.08964164272638964,100,30,2000,2000,0.1,1.0,1.0,0.9452717884214974,0.9452717884214974,1
803,plugin+true,8.161400793251818,0.15165684683870945,0.04704164272638967,100,30,2000,2000,0.1,1.0,1.0,0.9452717884214974,0.9452717884214974,1
803,plugin+hat,0.09345192145605369,0.158978377184951,0.08964164272638964,100,30,2000,2000,0.1,1.0,1.0,0.9452717884214974,0.9452717884214974,1
804,rejection+true,0.01,0.21723021349559227,0.12938782752926212,100,30,2000,2000,0.1,1.0,1.0,0.9417637007563082,0.9417637007563082,1
804,rejection+hat,0.01,0.21723021349559227,0.12938782752926212,100,30,2000,2000,0.1,1.0,1.0,0.9417637007563082,0.9417637007563082,1
804,plugin+true,0.015635711447601203,0.0498587474386633,0.12938782752926212,100,30,2000,2000,0.1,1.0,1.0,0.9417637007563082,0.9417637007563082,1
804,plugin+hat,0.22846702651445452,0.045662953104599384,0.12933782752926215,100,30,2000,2000,0.1,1.0,1.0,0.9417637007563082,0.9417637007563082,1
805,rejection+true,2.135068261712694,0.21825209508339563,0.04932295284097604,100,30,2000,2000,0.1,1.0,1.0,0.9948596807789667,0.9948596807789667,1
805,rejection+hat,2.135068261712694,0.21825209508339563,0.04902295284097604,100,30,2000,2000,0.1,1.0,1.0,0.9948596807789667,0.9948596807789667,1
805,plugin+true,5.219718220435647,0.1421700214886144,0.04352295284097608,100,30,2000,2000,0.1,1.0,1.0,0.9948596807789667,0.9948596807789667,1
805,plugin+hat,0.1461187278110747,0.05405707790822419,0.08457295284097624,100,30,2000,2000,0.1,1.0,1.0,0.9948596807789667,0.9948596807789667,1
806,rejection+true,19.952623149688797,0.22397632549206414,0.06569704722315901,100,30,2000,2000,0.1,1.0,1.0,1.124790597834844,1.124790597834844,0
806,rejection+hat,12.760930781150906,0.22397632549206414,0.06384704722315908,100,30,2000,2000,0.1,1.0,1.0,1.124790597834844,1.124790597834844,0
806,plugin+true,3.338331126107119,0.11711870426840595,0.081147047223159,100,30,2000,2000,0.1,1.0,1.0,1.124790597834844,1.124790597834844,0
806,plugin+hat,0.02444754724726473,0.14788143512870316,0.11184704722315894,100,30,2000,2000,0.1,1.0,1.0,1.124790597834844,1.124790597834844,0
807,rejection+true,0.558545842515421,0.04932189331545185,0.08847434770051735,100,30,2000,2000,0.1,1.0,1.0,0.9094231548586558,0.9094231548586558,1
807,rejection+hat,0.558545842515421,0.04932189331545185,0.07182434770051732,100,30,2000,2000,0.1,1.0,1.0,0.9094231548586558,0.9094231548586558,1
807,plugin+true,0.02444754724726473,0.1985883146040875,0.005774347700517366,100,30,2000,2000,0.1,1.0,1.0,0.9094231548586558,0.9094231548586558,1
807,plugin+hat,0.35722445018714644,0.15288343073288763,0.03772434770051744,100,30,2000,2000,0.1,1.0,1.0,0.9094231548586558,0.9094231548586558,1
808,rejection+true,0.01,0.5013378405322633,0.07190459496264799,100,30,2000,2000,0.1,1.0,1.0,1.0044268751574041,1.0044268751574041,0
808,rejection+hat,0.01,0.5013378405322633,0.07190459496264799,100,30,2000,2000,0.1,1.0,1.0,1.0044268751574041,1.0044268751574041,0
808,plugin+true,0.05976825664072413,0.27693404247726106,0.071954594962648,100,30,2000,2000,0.1,1.0,1.0,1.0044268751574041,1.0044268751574041,0
808,plugin+hat,2.135068261712694,0.2877030765722605,0.052504594962647956,100,30,2000,2000,0.1,1.0,1.0,1.0044268751574041,1.0044268751574041,0
809,rejection+true,0.01,0.04838708924750488,-0.0028643889845654798,100,30,2000,2000,0.1,1.0,1.0,1.0088707972254183,1.0088707972254183,0
809,rejection+hat,0.01,0.04838708924750488,-0.0028643889845654798,100,30,2000,2000,0.1,1.0,1.0,1.0088707972254183,1.0088707972254183,0
809,plugin+true,1.3655075874659035,0.14878551942493723,0.053085611015434485,100,30,2000,2000,0.1,1.0,1.0,1.0088707972254183,1.0088707972254183,0
809,plugin+hat,0.558545842515421,0.13647361455702148,0.0428856110154346,100,30,2000,2000,0.1,1.0,1.0,1.0088707972254183,1.0088707972254183,0
810,rejection+true,8.161400793251818,0.2203626273393941,0.06018699737961184,100,30,2000,2000,0.1,1.0,1.0,0.9976517252082876,0.9976517252082876,1
810,rejection+hat,8.161400793251818,0.2203626273393941,0.05968699737961183,100,30,2000,2000,0.1,1.0,1.0,0.9976517252082876,0.9976517252082876,1
810,plugin+true,0.1461187278110747,0.21196896189106856,0.10128699737961196,100,30,2000,2000,0.1,1.0,1.0,0.9976517252082876,0.9976517252082876,1
810,plugin+hat,3.338331126107119,0.20357240964166096,0.0614369973796118,100,30,2000,2000,0.1,1.0,1.0,0.9976517252082876,0.9976517252082876,1
811,rejection+true,0.8733261623828429,-0.029866040645477675,0.11966278558716222,100,30,2000,2000,0.1,1.0,1.0,1.0575426189260275,1.0575426189260275,0
811,rejection+hat,0.558545842515421,-0.029866040645477675,0.11821278558716221,100,30,2000,2000,0.1,1.0,1.0,1.0575426189260275,1.0575426189260275,0
811,plugin+true,0.01,0.17634080050206455,0.1318627855871621,100,30,2000,2000,0.1,1.0,1.0,1.0575426189260275,1.0575426189260275,0
811,plugin+hat,0.01,0.15792493270941893,0.11826278558716227,100,30,2000,2000,0.1,1.0,1.0,1.0575426189260275,1.0575426189260275,0
812,rejection+true,3.338331126107119,0.2708869780258586,0.06458839969120789,100,30,2000,2000,0.1,1.0,1.0,0.972670996624773,0.972670996624773,1
812,rejection+hat,3.338331126107119,0.2708869780258586,0.06648839969120802,100,30,2000,2000,0.1,1.0,1.0,0.972670996624773,0.972670996624773,1
812,plugin+true,0.35722445018714644,0.09845212938521605,0.10283839969120784,100,30,2000,2000,0.1,1.0,1.0,0.972670996624773,0.972670996624773,1
812,plugin+hat,0.8733261623828429,0.04524430441243932,0.09528839969120785,100,30,2000,2000,0.1,1.0,1.0,0.972670996624773,0.972670996624773,1
813,rejection+true,3.338331126107119,0.012155082325140638,0.06798117031908445,100,30,2000,2000,0.1,1.0,1.0,0.961139056013158,0.961139056013158,1
813,rejection+hat,1.3655075874659035,0.1951571827133497,0.09033117031908418,100,30,2000,2000,0.1,1.0,1.0,0.961139056013158,0.961139056013158,1
813,plugin+true,0.558545842515421,0.21300003540069348,0.05333117031908442,100,30,2000,2000,0.1,1.0,1.0,0.961139056013158,0.961139056013158,1
813,plugin+hat,0.03822547943598284,0.19494787482168574,0.10193117031908419,100,30,2000,2000,0.1,1.0,1.0,0.961139056013158,0.961139056013158,1
814,rejection+true,5.219718220435647,0.16582696015636122,0.07985828780273027,100,30,2000,2000,0.1,1.0,1.0,1.0234200255937271,1.0234200255937271,0
814,rejection+hat,3.338331126107119,0.15188555897523956,0.08585828780273028,100,30,2000,2000,0.1,1.0,1.0,1.0234200255937271,1.0234200255937271,0
814,plugin+true,0.8733261623828429,0.11659124137537913,0.0961082878027305,100,30,2000,2000,0.1,1.0,1.0,1.0234200255937271,1.0234200255937271,0
814,plugin+hat,0.05976825664072413,0.18291571868139062,0.11970828780273036,100,30,2000,2000,0.1,1.0,1.0,1.0234200255937271,1.0234200255937271,0
815,rejection+true,5.219718220435647,0.41357062570750713,0.04219497134955171,100,30,2000,2000,0.1,1.0,1.0,1.0103266067654537,1.0103266067654537,0
815,rejection+hat,5.219718220435647,0.41357062570750713,0.04049497134955169,100,30,2000,2000,0.1,1.0,1.0,1.0103266067654537,1.0103266067654537,0
815,plugin+true,0.03822547943598284,0.4637720596410717,0.07874497134955179,100,30,2000,2000,0.1,1.0,1.0,1.0103266067654537,1.0103266067654537,0
815,plugin+hat,0.8733261623828429,0.43460662751277024,0.06159497134955179,100,30,2000,2000,0.1,1.0,1.0,1.0103266067654537,1.0103266067654537,0
816,rejection+true,12.760930781150906,-0.045733222427467496,0.020076323953439536,100,30,2000,2000,0.1,1.0,1.0,0.9306965875641403,0.9306965875641403,1
816,rejection+hat,12.760930781150906,-0.059556533955037606,0.021476323953439545,100,30,2000,2000,0.1,1.0,1.0,0.9306965875641403,0.9306965875641403,1
816,plugin+true,5.219718220435647,0.020437101018244957,0.02512632395343951,100,30,2000,2000,0.1,1.0,1.0,0.9306965875641403,0.9306965875641403,1
816,plugin+hat,5.219718220435647,0.0294917332349658,0.0287763239534395,100,30,2000,2000,0.1,1.0,1.0,0.9306965875641403,0.9306965875641403,1
817,rejection+true,0.8733261623828429,0.2888747699558734,0.08184684686081002,100,30,2000,2000,0.1,1.0,1.0,0.8961680542112823,0.8961680542112823,1
817,rejection+hat,0.01,0.2810125547150771,0.09734684686080994,100,30,2000,2000,0.1,1.0,1.0,0.8961680542112823,0.8961680542112823,1
817,plugin+true,0.1461187278110747,0.18224273420403955,0.09734684686080994,100,30,2000,2000,0.1,1.0,1.0,0.8961680542112823,0.8961680542112823,1
817,plugin+hat,0.03822547943598284,0.19707305867605351,0.09734684686080994,100,30,2000,2000,0.1,1.0,1.0,0.8961680542112823,0.8961680542112823,1
818,rejection+true,0.01,0.15269437281725304,-0.017218034020677776,100,30,2000,2000,0.1,1.0,1.0,0.9479822191434565,0.9479822191434565,1
818,rejection+hat,0.01,0.15269437281725304,-0.017218034020677776,100,30,2000,2000,0.1,1.0,1.0,0.9479822191434565,0.9479822191434565,1
818,plugin+true,0.8733261623828429,0.1301034298883637,0.05213196597932222,100,30,2000,2000,0.1,1.0,1.0,0.9479822191434565,0.9479822191434565,1
818,plugin+hat,8.161400793251818,0.12844453511887646,0.03918196597932231,100,30,2000,2000,0.1,1.0,1.0,0.9479822191434565,0.9479822191434565,1
819,rejection+true,0.8733261623828429,0.25139118979374575,0.05887296503910509,100,30,2000,2000,0.1,1.0,1.0,0.8565787454550031,0.8565787454550031,1
819,rejection+hat,0.8733261623828429,0.2647446230053901,0.06297296503910507,100,30,2000,2000,0.1,1.0,1.0,0.8565787454550031,0.8565787454550031,1
819,plugin+true,0.015635711447601203,0.3243055230467006,-0.025477034960894828,100,30,2000,2000,0.1,1.0,1.0,0.8565787454550031,0.8565787454550031,1
819,plugin+hat,0.35722445018714644,0.2953606646800502,-0.02542703496089483,100,30,2000,2000,0.1,1.0,1.0,0.8565787454550031,0.8565787454550031,1
820,rejection+true,0.01,0.2526637144697209,0.10922020479920966,100,30,2000,2000,0.1,1.0,1.0,1.048362031375393,1.048362031375393,0
820,rejection+hat,0.01,0.2526637144697209,0.10922020479920966,100,30,2000,2000,0.1,1.0,1.0,1.048362031375393,1.048362031375393,0
820,plugin+true,0.558545842515421,0.12310423873364784,0.10027020479920973,100,30,2000,2000,0.1,1.0,1.0,1.048362031375393,1.048362031375393,0
820,plugin+hat,0.09345192145605369,0.11850998123508424,0.10912020479920966,100,30,2000,2000,0.1,1.0,1.0,1.048362031375393,1.048362031375393,0
821,rejection+true,1.3655075874659035,0.08369404909511409,0.09012186832986925,100,30,2000,2000,0.1,1.0,1.0,0.9699806990293297,0.9699806990293297,1
821,rejection+hat,1.3655075874659035,-0.03261204920709134,0.09377186832986922,100,30,2000,2000,0.1,1.0,1.0,0.9699806990293297,0.9699806990293297,1
821,plugin+true,0.01,0.18063873194238797,0.017921868329869167,100,30,2000,2000,0.1,1.0,1.0,0.9699806990293297,0.9699806990293297,1
821,plugin+hat,0.01,0.16830787313598816,0.017921868329869167,100,30,2000,2000,0.1,1.0,1.0,0.9699806990293297,0.9699806990293297,1
822,rejection+true,1.3655075874659035,-0.1392682703832785,0.08756883611147255,100,30,2000,2000,0.1,1.0,1.0,1.0793864751715723,1.0793864751715723,0
822,rejection+hat,2.135068261712694,-0.28087199454506245,0.08036883611147244,100,30,2000,2000,0.1,1.0,1.0,1.0793864751715723,1.0793864751715723,0
822,plugin+true,0.8733261623828429,0.02214983818835334,0.10376883611147265,100,30,2000,2000,0.1,1.0,1.0,1.0793864751715723,1.0793864751715723,0
822,plugin+hat,8.161400793251818,0.0033160007524963312,0.06636883611147254,100,30,2000,2000,0.1,1.0,1.0,1.0793864751715723,1.0793864751715723,0
823,rejection+true,0.03822547943598284,0.24623086402813593,0.12859397120085994,100,30,2000,2000,0.1,1.0,1.0,1.0524001165288115,1.0524001165288115,0
823,rejection+hat,0.03822547943598284,0.24623086402813593,0.12819397120085999,100,30,2000,2000,0.1,1.0,1.0,1.0524001165288115,1.0524001165288115,0
823,plugin+true,12.760930781150906,0.31832710751310617,0.08149397120086019,100,30,2000,2000,0.1,1.0,1.0,1.0524001165288115,1.0524001165288115,0
823,plugin+hat,8.161400793251818,0.2967669395687558,0.08459397120086007,100,30,2000,2000,0.1,1.0,1.0,1.0524001165288115,1.0524001165288115,0
824,rejection+true,0.03822547943598284,0.34650633161266653,0.07555823144399339,100,30,2000,2000,0.1,1.0,1.0,1.0106314881553962,1.0106314881553962,0
824,rejection+hat,0.03822547943598284,0.34650633161266653,0.07555823144399339,100,30,2000,2000,0.1,1.0,1.0,1.0106314881553962,1.0106314881553962,0
824,plugin+true,0.05976825664072413,0.361123306529401,0.07555823144399339,100,30,2000,2000,0.1,1.0,1.0,1.0106314881553962,1.0106314881553962,0
824,plugin+hat,0.22846702651445452,0.33815912810431736,0.07550823144399338,100,30,2000,2000,0.1,1.0,1.0,1.0106314881553962,1.0106314881553962,0
825,rejection+true,8.161400793251818,0.11649267679701251,0.05446665478641313,100,30,2000,2000,0.1,1.0,1.0,0.9028314278111497,0.9028314278111497,1
825,rejection+hat,8.161400793251818,0.11649267679701251,0.055266654786413016,100,30,2000,2000,0.1,1.0,1.0,0.9028314278111497,0.9028314278111497,1
825,plugin+true,0.015635711447601203,0.0855588006951536,-0.00013334521358684826,100,30,2000,2000,0.1,1.0,1.0,0.9028314278111497,0.9028314278111497,1
825,plugin+hat,0.8733261623828429,0.13909833767143762,0.06586665478641318,100,30,2000,2000,0.1,1.0,1.0,0.9028314278111497,0.9028314278111497,1
826,rejection+true,0.35722445018714644,0.08249461514254411,0.031212386129181934,100,30,2000,2000,0.1,1.0,1.0,0.97859912896475,0.97859912896475,1
826,rejection+hat,0.35722445018714644,0.08249461514254411,0.09061238612918177,100,30,2000,2000,0.1,1.0,1.0,0.97859912896475,0.97859912896475,1
826,plugin+true,0.35722445018714644,0.1054102306305823,0.031212386129181934,100,30,2000,2000,0.1,1.0,1.0,0.97859912896475,0.97859912896475,1
826,plugin+hat,0.02444754724726473,0.11902054669721411,-0.005937613870818105,100,30,2000,2000,0.1,1.0,1.0,0.97859912896475,0.97859912896475,1
827,rejection+true,5.219718220435647,0.040993699183066695,0.019989597150168563,100,30,2000,2000,0.1,1.0,1.0,0.8427899719326521,0.8427899719326521,1
827,rejection+hat,12.760930781150906,0.08589808580776054,0.01803959715016857,100,30,2000,2000,0.1,1.0,1.0,0.8427899719326521,0.8427899719326521,1
827,plugin+true,0.015635711447601203,0.07640560186139814,-0.035710402849831416,100,30,2000,2000,0.1,1.0,1.0,0.8427899719326521,0.8427899719326521,1
827,plugin+hat,2.135068261712694,0.04266719782065152,0.026589597150168544,100,30,2000,2000,0.1,1.0,1.0,0.8427899719326521,0.8427899719326521,1
828,rejection+true,5.219718220435647,-0.11112874336540697,0.04675138267473779,100,30,2000,2000,0.1,1.0,1.0,1.03944531255989,1.03944531255989,0
828,rejection+hat,5.219718220435647,-0.11112874336540697,0.050251382674737784,100,30,2000,2000,0.1,1.0,1.0,1.03944531255989,1.03944531255989,0
828,plugin+true,0.015635711447601203,-0.06490906904912065,0.08895138267473769,100,30,2000,2000,0.1,1.0,1.0,1.03944531255989,1.03944531255989,0
828,plugin+hat,0.09345192145605369,-0.034415744784335164,0.08895138267473769,100,30,2000,2000,0.1,1.0,1.0,1.03944531255989,1.03944531255989,0
829,rejection+true,0.01,-0.11481767818331716,0.018936793086705643,100,30,2000,2000,0.1,1.0,1.0,1.0151779073549747,1.0151779073549747,0
829,rejection+hat,0.01,-0.11481767818331716,0.018936793086705643,100,30,2000,2000,0.1,1.0,1.0,1.0151779073549747,1.0151779073549747,0
829,plugin+true,0.01,0.020713044745568905,0.018936793086705643,100,30,2000,2000,0.1,1.0,1.0,1.0151779073549747,1.0151779073549747,0
829,plugin+hat,0.1461187278110747,-0.03066573738700078,0.01923679308670563,100,30,2000,2000,0.1,1.0,1.0,1.0151779073549747,1.0151779073549747,0
830,rejection+true,3.338331126107119,0.3088380624850592,0.0529495219927474,100,30,2000,2000,0.1,1.0,1.0,1.057885993003277,1.057885993003277,0
830,rejection+hat,3.338331126107119,0.23751398498813306,0.042949521992747514,100,30,2000,2000,0.1,1.0,1.0,1.057885993003277,1.057885993003277,0
830,plugin+true,0.558545842515421,0.23295280429249215,0.0874995219927474,100,30,2000,2000,0.1,1.0,1.0,1.057885993003277,1.057885993003277,0
830,plugin+hat,0.8733261623828429,0.3033134577085054,0.04939952199274751,100,30,2000,2000,0.1,1.0,1.0,1.057885993003277,1.057885993003277,0
831,rejection+true,2.135068261712694,0.32125275880098336,0.10494353267715684,100,30,2000,2000,0.1,1.0,1.0,1.0968750832607317,1.0968750832607317,0
831,rejection+hat,0.35722445018714644,0.3075733800729116,0.12124353267715685,100,30,2000,2000,0.1,1.0,1.0,1.0968750832607317,1.0968750832607317,0
831,plugin+true,0.015635711447601203,0.1551715874820262,0.12544353267715683,100,30,2000,2000,0.1,1.0,1.0,1.0968750832607317,1.0968750832607317,0
831,plugin+hat,1.3655075874659035,0.1609329901163053,0.10759353267715693,100,30,2000,2000,0.1,1.0,1.0,1.0968750832607317,1.0968750832607317,0
832,rejection+true,0.558545842515421,0.26273769525190194,0.12757749331815965,100,30,2000,2000,0.1,1.0,1.0,1.0272030785198327,1.0272030785198327,0
832,rejection+hat,0.558545842515421,0.26273769525190194,0.12172749331815953,100,30,2000,2000,0.1,1.0,1.0,1.0272030785198327,1.0272030785198327,0
832,plugin+true,3.338331126107119,0.11238349907747525,0.09757749331815944,100,30,2000,2000,0.1,1.0,1.0,1.0272030785198327,1.0272030785198327,0
832,plugin+hat,0.1461187278110747,0.05506173866864979,0.13882749331815944,100,30,2000,2000,0.1,1.0,1.0,1.0272030785198327,1.0272030785198327,0
833,rejection+true,19.952623149688797,0.14191312035545703,0.017628385308794778,100,30,2000,2000,0.1,1.0,1.0,1.07311370862904,1.07311370862904,0
833,rejection+hat,19.952623149688797,0.17434178531790773,0.017728385308794777,100,30,2000,2000,0.1,1.0,1.0,1.07311370862904,1.07311370862904,0
833,plugin+true,5.219718220435647,0.09400447872023379,0.017328385308794735,100,30,2000,2000,0.1,1.0,1.0,1.07311370862904,1.07311370862904,0
833,plugin+hat,0.01,0.12274419500367942,-0.0341716146912053,100,30,2000,2000,0.1,1.0,1.0,1.07311370862904,1.07311370862904,0
834,rejection+true,0.8733261623828429,0.30345546379685395,0.04745793535627297,100,30,2000,2000,0.1,1.0,1.0,0.9490110273508893,0.9490110273508893,1
834,rejection+hat,0.8733261623828429,0.32189964751402544,0.08245793535627306,100,30,2000,2000,0.1,1.0,1.0,0.9490110273508893,0.9490110273508893,1
834,plugin+true,0.1461187278110747,0.34311724809894917,0.08560793535627308,100,30,2000,2000,0.1,1.0,1.0,0.9490110273508893,0.9490110273508893,1
834,plugin+hat,0.05976825664072413,0.32516242625218295,0.0857079353562731,100,30,2000,2000,0.1,1.0,1.0,0.9490110273508893,0.9490110273508893,1
835,rejection+true,0.01,-0.17839833833277222,0.11762253067487626,100,30,2000,2000,0.1,1.0,1.0,1.0178027984162656,1.0178027984162656,0
835,rejection+hat,0.01,-0.17839833833277222,0.11762253067487626,100,30,2000,2000,0.1,1.0,1.0,1.0178027984162656,1.0178027984162656,0
835,plugin+true,0.1461187278110747,0.08508874599105606,0.11657253067487625,100,30,2000,2000,0.1,1.0,1.0,1.0178027984162656,1.0178027984162656,0
835,plugin+hat,0.09345192145605369,0.04290825236777361,0.01817253067487628,100,30,2000,2000,0.1,1.0,1.0,1.0178027984162656,1.0178027984162656,0
836,rejection+true,2.135068261712694,0.3577803470194339,0.04862849858694022,100,30,2000,2000,0.1,1.0,1.0,1.015270691422784,1.015270691422784,0
836,rejection+hat,0.8733261623828429,0.304822837561369,0.05987849858694015,100,30,2000,2000,0.1,1.0,1.0,1.015270691422784,1.015270691422784,0
836,plugin+true,2.135068261712694,0.26284340706646825,0.04862849858694022,100,30,2000,2000,0.1,1.0,1.0,1.015270691422784,1.015270691422784,0
836,plugin+hat,0.03822547943598284,0.2922355240749436,0.08007849858694015,100,30,2000,2000,0.1,1.0,1.0,1.015270691422784,1.015270691422784,0
837,rejection+true,2.135068261712694,0.1400326597193877,0.06429181074400539,100,30,2000,2000,0.1,1.0,1.0,0.9646784693350835,0.9646784693350835,1
837,rejection+hat,5.219718220435647,0.10885400275389354,0.06264181074400538,100,30,2000,2000,0.1,1.0,1.0,0.9646784693350835,0.9646784693350835,1
837,plugin+true,0.22846702651445452,0.21589752419948666,0.09489181074400543,100,30,2000,2000,0.1,1.0,1.0,0.9646784693350835,0.9646784693350835,1
837,plugin+hat,0.02444754724726473,0.22984138940149085,0.004741810744005274,100,30,2000,2000,0.1,1.0,1.0,0.9646784693350835,0.9646784693350835,1
838,rejection+true,0.35722445018714644,0.26138628873353204,0.07895555432149744,100,30,2000,2000,0.1,1.0,1.0,0.8127113076616655,0.8127113076616655,1
838,rejection+hat,0.01,0.23785638762637973,0.07965555432149739,100,30,2000,2000,0.1,1.0,1.0,0.8127113076616655,0.8127113076616655,1
838,plugin+true,0.22846702651445452,0.2310757609060916,0.07915555432149741,100,30,2000,2000,0.1,1.0,1.0,0.8127113076616655,0.8127113076616655,1
838,plugin+hat,0.03822547943598284,0.2843831727670044,0.07965555432149739,100,30,2000,2000,0.1,1.0,1.0,0.8127113076616655,0.8127113076616655,1
839,rejection+true,3.338331126107119,0.4483276367187499,0.07187983231046259,100,30,2000,2000,0.1,1.0,1.0,0.8710475433271729,0.8710475433271729,1
839,rejection+hat,3.338331126107119,0.415932834148407,0.0803298323104625,100,30,2000,2000,0.1,1.0,1.0,0.8710475433271729,0.8710475433271729,1
839,plugin+true,0.02444754724726473,0.2348355900717467,0.11022983231046254,100,30,2000,2000,0.1,1.0,1.0,0.8710475433271729,0.8710475433271729,1
839,plugin+hat,8.161400793251818,0.2569802187063889,0.06812983231046256,100,30,2000,2000,0.1,1.0,1.0,0.8710475433271729,0.8710475433271729,1
840,rejection+true,0.35722445018714644,0.37142847508657717,0.06883984584190535,100,30,2000,2000,0.1,1.0,1.0,1.0566177159178727,1.0566177159178727,0
840,rejection+hat,3.338331126107119,0.40157503336668016,0.05968984584190539,100,30,2000,2000,0.1,1.0,1.0,1.0566177159178727,1.0566177159178727,0
840,plugin+true,0.01,0.2153194284144538,0.09683984584190569,100,30,2000,2000,0.1,1.0,1.0,1.0566177159178727,1.0566177159178727,0
840,plugin+hat,2.135068261712694,0.23325334899763778,0.0715898458419056,100,30,2000,2000,0.1,1.0,1.0,1.0566177159178727,1.0566177159178727,0
841,rejection+true,0.8733261623828429,0.029160375396410622,0.03777526573278056,100,30,2000,2000,0.1,1.0,1.0,0.9257884046677951,0.9257884046677951,1
841,rejection+hat,3.338331126107119,0.01920028651754062,0.06277526573278054,100,30,2000,2000,0.1,1.0,1.0,0.9257884046677951,0.9257884046677951,1
841,plugin+true,0.558545842515421,0.14801021860076738,0.09787526573278048,100,30,2000,2000,0.1,1.0,1.0,0.9257884046677951,0.9257884046677951,1
841,plugin+hat,0.1461187278110747,0.16360728150449866,0.09792526573278046,100,30,2000,2000,0.1,1.0,1.0,0.9257884046677951,0.9257884046677951,1
842,rejection+true,0.01,0.1805329085017244,0.09339705063616657,100,30,2000,2000,0.1,1.0,1.0,0.9698715136916327,0.9698715136916327,1
842,rejection+hat,0.01,0.1805329085017244,0.09339705063616657,100,30,2000,2000,0.1,1.0,1.0,0.9698715136916327,0.9698715136916327,1
842,plugin+true,0.05976825664072413,0.17678332696833118,0.09339705063616657,100,30,2000,2000,0.1,1.0,1.0,0.9698715136916327,0.9698715136916327,1
842,plugin+hat,12.760930781150906,0.15468085163302975,0.045747050636166624,100,30,2000,2000,0.1,1.0,1.0,0.9698715136916327,0.9698715136916327,1
843,rejection+true,1.3655075874659035,0.04856522120535375,0.08308028892762621,100,30,2000,2000,0.1,1.0,1.0,0.9791269858761364,0.9791269858761364,1
843,rejection+hat,0.8733261623828429,0.01598398921390375,0.06978028892762594,100,30,2000,2000,0.1,1.0,1.0,0.9791269858761364,0.9791269858761364,1
843,plugin+true,0.015635711447601203,0.026964670047785817,0.009180288927625915,100,30,2000,2000,0.1,1.0,1.0,0.9791269858761364,0.9791269858761364,1
843,plugin+hat,0.03822547943598284,-0.041210893446261776,0.009180288927625915,100,30,2000,2000,0.1,1.0,1.0,0.9791269858761364,0.9791269858761364,1
844,rejection+true,2.135068261712694,0.23606373549749454,0.05449008919600422,100,30,2000,2000,0.1,1.0,1.0,1.014659503525582,1.014659503525582,0
844,rejection+hat,2.135068261712694,0.23606373549749454,0.05359008919600432,100,30,2000,2000,0.1,1.0,1.0,1.014659503525582,1.014659503525582,0
844,plugin+true,3.338331126107119,0.18198657027563298,0.04289008919600418,100,30,2000,2000,0.1,1.0,1.0,1.014659503525582,1.014659503525582,0
844,plugin+hat,8.161400793251818,0.18638665338938232,0.04714008919600433,100,30,2000,2000,0.1,1.0,1.0,1.014659503525582,1.014659503525582,0
845,rejection+true,12.760930781150906,0.40756629630923263,0.07862262289413821,100,30,2000,2000,0.1,1.0,1.0,1.0268462823236497,1.0268462823236497,0
845,rejection+hat,12.760930781150906,0.40756629630923263,0.07942262289413818,100,30,2000,2000,0.1,1.0,1.0,1.0268462823236497,1.0268462823236497,0
845,plugin+true,0.8733261623828429,0.28556788682783896,0.11232262289413818,100,30,2000,2000,0.1,1.0,1.0,1.0268462823236497,1.0268462823236497,0
845,plugin+hat,0.01,0.3471810042261291,0.025922622894138058,100,30,2000,2000,0.1,1.0,1.0,1.0268462823236497,1.0268462823236497,0
846,rejection+true,3.338331126107119,0.15096623425682382,0.06582032089771156,100,30,2000,2000,0.1,1.0,1.0,1.0051027499942402,1.0051027499942402,0
846,rejection+hat,3.338331126107119,0.15096623425682382,0.06917032089771168,100,30,2000,2000,0.1,1.0,1.0,1.0051027499942402,1.0051027499942402,0
846,plugin+true,0.558545842515421,0.103814036165046,0.00462032089771161,100,30,2000,2000,0.1,1.0,1.0,1.0051027499942402,1.0051027499942402,0
846,plugin+hat,19.952623149688797,0.1188721811941122,0.055920320897711706,100,30,2000,2000,0.1,1.0,1.0,1.0051027499942402,1.0051027499942402,0
847,rejection+true,5.219718220435647,0.06544656703869502,0.06820157092402278,100,30,2000,2000,0.1,1.0,1.0,1.0104416111646646,1.0104416111646646,0
847,rejection+hat,5.219718220435647,0.06544656703869502,0.06625157092402288,100,30,2000,2000,0.1,1.0,1.0,1.0104416111646646,1.0104416111646646,0
847,plugin+true,0.03822547943598284,0.12699119815175586,0.10835157092402296,100,30,2000,2000,0.1,1.0,1.0,1.0104416111646646,1.0104416111646646,0
847,plugin+hat,1.3655075874659035,0.13813955171986778,0.05095157092402286,100,30,2000,2000,0.1,1.0,1.0,1.0104416111646646,1.0104416111646646,0
848,rejection+true,0.35722445018714644,0.5512022144782045,0.1282277493146834,100,30,2000,2000,0.1,1.0,1.0,0.9531228591967754,0.9531228591967754,1
848,rejection+hat,0.35722445018714644,0.5512022144782045,0.029027749314683098,100,30,2000,2000,0.1,1.0,1.0,0.9531228591967754,0.9531228591967754,1
848,plugin+true,0.09345192145605369,0.3190186271518241,0.028477749314683082,100,30,2000,2000,0.1,1.0,1.0,0.9531228591967754,0.9531228591967754,1
848,plugin+hat,0.015635711447601203,0.3552498651591397,0.028477749314683082,100,30,2000,2000,0.1,1.0,1.0,0.9531228591967754,0.9531228591967754,1
849,rejection+true,0.8733261623828429,0.09847185028096042,0.12892981148039181,100,30,2000,2000,0.1,1.0,1.0,1.0006105133447758,1.0006105133447758,0
849,rejection+hat,0.8733261623828429,0.09847185028096042,0.1299298114803917,100,30,2000,2000,0.1,1.0,1.0,1.0006105133447758,1.0006105133447758,0
849,plugin+true,0.02444754724726473,0.084184643776973,0.13362981148039166,100,30,2000,2000,0.1,1.0,1.0,1.0006105133447758,1.0006105133447758,0
849,plugin+hat,0.1461187278110747,0.057107124229416564,0.13362981148039166,100,30,2000,2000,0.1,1.0,1.0,1.0006105133447758,1.0006105133447758,0
850,rejection+true,0.1461187278110747,-0.08636387387911479,0.06722736748332502,100,30,2000,2000,0.1,1.0,1.0,1.0192692747126146,1.0192692747126146,0
850,rejection+hat,0.22846702651445452,-0.0945470596353213,0.06872736748332499,100,30,2000,2000,0.1,1.0,1.0,1.0192692747126146,1.0192692747126146,0
850,plugin+true,0.1461187278110747,0.01897339026346919,0.06722736748332502,100,30,2000,2000,0.1,1.0,1.0,1.0192692747126146,1.0192692747126146,0
850,plugin+hat,1.3655075874659035,-0.03543531889156531,0.054327367483325,100,30,2000,2000,0.1,1.0,1.0,1.0192692747126146,1.0192692747126146,0
851,rejection+true,1.3655075874659035,0.5033845890313385,0.04667223073115613,100,30,2000,2000,0.1,1.0,1.0,0.9219792723670438,0.9219792723670438,1
851,rejection+hat,1.3655075874659035,0.5277751412242649,0.0496222307311561,100,30,2000,2000,0.1,1.0,1.0,0.9219792723670438,0.9219792723670438,1
851,plugin+true,0.03822547943598284,0.21681857485269673,0.08547223073115615,100,30,2000,2000,0.1,1.0,1.0,0.9219792723670438,0.9219792723670438,1
851,plugin+hat,0.558545842515421,0.21988519387482422,0.08102223073115619,100,30,2000,2000,0.1,1.0,1.0,0.9219792723670438,0.9219792723670438,1
852,rejection+true,8.161400793251818,0.1437455922365189,0.057081875302410545,100,30,2000,2000,0.1,1.0,1.0,0.9841316716911018,0.9841316716911018,1
852,rejection+hat,8.161400793251818,0.1437455922365189,0.06063187530241053,100,30,2000,2000,0.1,1.0,1.0,0.9841316716911018,0.9841316716911018,1
852,plugin+true,0.1461187278110747,0.15606965058608988,0.0033318753024104996,100,30,2000,2000,0.1,1.0,1.0,0.9841316716911018,0.9841316716911018,1
852,plugin+hat,1.3655075874659035,0.13431020382758613,0.07078187530241056,100,30,2000,2000,0.1,1.0,1.0,0.9841316716911018,0.9841316716911018,1
853,rejection+true,0.01,0.2672935288399457,-0.013191422204933747,100,30,2000,2000,0.1,1.0,1.0,1.0250771744844955,1.0250771744844955,0
853,rejection+hat,0.01,0.2672935288399457,-0.013191422204933747,100,30,2000,2000,0.1,1.0,1.0,1.0250771744844955,1.0250771744844955,0
853,plugin+true,0.8733261623828429,0.001638675621818786,0.08420857779506609,100,30,2000,2000,0.1,1.0,1.0,1.0250771744844955,1.0250771744844955,0
853,plugin+hat,0.03822547943598284,0.0013584798965763866,-0.013191422204933747,100,30,2000,2000,0.1,1.0,1.0,1.0250771744844955,1.0250771744844955,0
854,rejection+true,0.35722445018714644,-0.02252771283189455,-0.017628504578902627,100,30,2000,2000,0.1,1.0,1.0,0.9655349439124847,0.9655349439124847,1
854,rejection+hat,0.35722445018714644,-0.027619915455579753,-0.017628504578902627,100,30,2000,2000,0.1,1.0,1.0,0.9655349439124847,0.9655349439124847,1
854,plugin+true,0.01,0.09489702388892782,-0.017678504578902625,100,30,2000,2000,0.1,1.0,1.0,0.9655349439124847,0.9655349439124847,1
854,plugin+hat,1.3655075874659035,0.09795961649213587,0.059621495421097535,100,30,2000,2000,0.1,1.0,1.0,0.9655349439124847,0.9655349439124847,1
855,rejection+true,1.3655075874659035,0.1897674836218357,0.025986823873646443,100,30,2000,2000,0.1,1.0,1.0,1.1043399454858718,1.1043399454858718,0
855,rejection+hat,1.3655075874659035,0.1897674836218357,0.040286823873646516,100,30,2000,2000,0.1,1.0,1.0,1.1043399454858718,1.1043399454858718,0
855,plugin+true,0.01,0.1322048865042918,0.07028682387364658,100,30,2000,2000,0.1,1.0,1.0,1.1043399454858718,1.1043399454858718,0
855,plugin+hat,0.8733261623828429,0.08752702671752519,0.053186823873646635,100,30,2000,2000,0.1,1.0,1.0,1.1043399454858718,1.1043399454858718,0
856,rejection+true,3.338331126107119,0.19256264180876315,0.050109537572344,100,30,2000,2000,0.1,1.0,1.0,1.0681878787716215,1.0681878787716215,0
856,rejection+hat,5.219718220435647,0.23382557307680446,0.04875953757234405,100,30,2000,2000,0.1,1.0,1.0,1.0681878787716215,1.0681878787716215,0
856,plugin+true,0.02444754724726473,0.15701581977009643,0.09100953757234403,100,30,2000,2000,0.1,1.0,1.0,1.0681878787716215,1.0681878787716215,0
856,plugin+hat,0.35722445018714644,0.1710355538923717,0.09075953757234406,100,30,2000,2000,0.1,1.0,1.0,1.0681878787716215,1.0681878787716215,0
857,rejection+true,0.01,0.04978124499320983,0.12354830032592433,100,30,2000,2000,0.1,1.0,1.0,0.9204452863818909,0.9204452863818909,1
857,rejection+hat,0.01,0.04978124499320983,0.12354830032592433,100,30,2000,2000,0.1,1.0,1.0,0.9204452863818909,0.9204452863818909,1
857,plugin+true,0.03822547943598284,0.19138414048966707,0.12354830032592433,100,30,2000,2000,0.1,1.0,1.0,0.9204452863818909,0.9204452863818909,1
857,plugin+hat,0.05976825664072413,0.17458351086676135,0.12354830032592433,100,30,2000,2000,0.1,1.0,1.0,0.9204452863818909,0.9204452863818909,1
858,rejection+true,0.558545842515421,0.169798436264197,0.09193441777679565,100,30,2000,2000,0.1,1.0,1.0,0.983262251285545,0.983262251285545,1
858,rejection+hat,0.558545842515421,0.169798436264197,0.09158441777679563,100,30,2000,2000,0.1,1.0,1.0,0.983262251285545,0.983262251285545,1
858,plugin+true,0.05976825664072413,0.06713746068547298,-0.005415582223204457,100,30,2000,2000,0.1,1.0,1.0,0.983262251285545,0.983262251285545,1
858,plugin+hat,0.05976825664072413,0.025155369756885225,-0.005415582223204457,100,30,2000,2000,0.1,1.0,1.0,0.983262251285545,0.983262251285545,1
859,rejection+true,19.952623149688797,0.22701966414848962,0.010373669407435223,100,30,2000,2000,0.1,1.0,1.0,0.9885547186137523,0.9885547186137523,1
859,rejection+hat,12.760930781150906,0.24131748427947364,0.01242366940743522,100,30,2000,2000,0.1,1.0,1.0,0.9885547186137523,0.9885547186137523,1
859,plugin+true,0.22846702651445452,0.2245804803405121,0.05877366940743531,100,30,2000,2000,0.1,1.0,1.0,0.9885547186137523,0.9885547186137523,1
859,plugin+hat,0.015635711447601203,0.27744149597681333,-0.04037633059256477,100,30,2000,2000,0.1,1.0,1.0,0.9885547186137523,0.9885547186137523,1
860,rejection+true,0.8733261623828429,0.6370260631665587,0.126830208926681,100,30,2000,2000,0.1,1.0,1.0,1.0594723137847197,1.0594723137847197,0
860,rejection+hat,0.8733261623828429,0.6370260631665587,0.12418020892668119,100,30,2000,2000,0.1,1.0,1.0,1.0594723137847197,1.0594723137847197,0
860,plugin+true,0.05976825664072413,0.2115814303295636,0.036030208926681385,100,30,2000,2000,0.1,1.0,1.0,1.0594723137847197,1.0594723137847197,0
860,plugin+hat,5.219718220435647,0.2128097959718979,0.09738020892668127,100,30,2000,2000,0.1,1.0,1.0,1.0594723137847197,1.0594723137847197,0
861,rejection+true,0.01,0.10265594671169917,0.11117762847936638,100,30,2000,2000,0.1,1.0,1.0,0.8729317662604822,0.8729317662604822,1
861,rejection+hat,0.01,0.10265594671169917,0.11117762847936638,100,30,2000,2000,0.1,1.0,1.0,0.8729317662604822,0.8729317662604822,1
861,plugin+true,0.05976825664072413,0.1695391830489201,0.11017762847936644,100,30,2000,2000,0.1,1.0,1.0,0.8729317662604822,0.8729317662604822,1
861,plugin+hat,0.02444754724726473,0.11036470506414937,0.11117762847936638,100,30,2000,2000,0.1,1.0,1.0,0.8729317662604822,0.8729317662604822,1
862,rejection+true,8.161400793251818,0.4421739092717568,0.04296180395893642,100,30,2000,2000,0.1,1.0,1.0,1.0394141445205158,1.0394141445205158,0
862,rejection+hat,8.161400793251818,0.4421739092717568,0.04521180395893655,100,30,2000,2000,0.1,1.0,1.0,1.0394141445205158,1.0394141445205158,0
862,plugin+true,0.09345192145605369,0.1362518302360418,0.09036180395893659,100,30,2000,2000,0.1,1.0,1.0,1.0394141445205158,1.0394141445205158,0
862,plugin+hat,0.8733261623828429,0.0847249965797933,0.0693618039589364,100,30,2000,2000,0.1,1.0,1.0,1.0394141445205158,1.0394141445205158,0
863,rejection+true,2.135068261712694,0.028243414312601096,0.03906181722936776,100,30,2000,2000,0.1,1.0,1.0,0.9963776050706471,0.9963776050706471,1
863,rejection+hat,2.135068261712694,0.028243414312601096,0.035911817229367725,100,30,2000,2000,0.1,1.0,1.0,0.9963776050706471,0.9963776050706471,1
863,plugin+true,0.02444754724726473,0.15564263995061867,0.06886181722936781,100,30,2000,2000,0.1,1.0,1.0,0.9963776050706471,0.9963776050706471,1
863,plugin+hat,3.338331126107119,0.14032923291112925,0.023211817229367743,100,30,2000,2000,0.1,1.0,1.0,0.9963776050706471,0.9963776050706471,1
864,rejection+true,12.760930781150906,0.15171465159704284,0.06669274909349632,100,30,2000,2000,0.1,1.0,1.0,0.9569792564437584,0.9569792564437584,1
864,rejection+hat,3.338331126107119,0.18335839391996467,0.07489274909349641,100,30,2000,2000,0.1,1.0,1.0,0.9569792564437584,0.9569792564437584,1
864,plugin+true,8.161400793251818,0.11818968250152055,0.07129274909349635,100,30,2000,2000,0.1,1.0,1.0,0.9569792564437584,0.9569792564437584,1
864,plugin+hat,0.22846702651445452,0.13910027480194045,0.015492749093496318,100,30,2000,2000,0.1,1.0,1.0,0.9569792564437584,0.9569792564437584,1
865,rejection+true,0.03822547943598284,0.07947344109416006,-0.03729197527812364,100,30,2000,2000,0.1,1.0,1.0,0.9534575461165359,0.9534575461165359,1
865,rejection+hat,0.03822547943598284,0.07947344109416006,-0.03729197527812364,100,30,2000,2000,0.1,1.0,1.0,0.9534575461165359,0.9534575461165359,1
865,plugin+true,8.161400793251818,0.041295272289259555,0.016258024721876315,100,30,2000,2000,0.1,1.0,1.0,0.9534575461165359,0.9534575461165359,1
865,plugin+hat,0.8733261623828429,0.011350922001225013,0.049208024721876326,100,30,2000,2000,0.1,1.0,1.0,0.9534575461165359,0.9534575461165359,1
866,rejection+true,0.01,0.2596341356635093,0.08314617920617749,100,30,2000,2000,0.1,1.0,1.0,1.0468111384976542,1.0468111384976542,0
866,rejection+hat,0.01,0.2596341356635093,0.08314617920617749,100,30,2000,2000,0.1,1.0,1.0,1.0468111384976542,1.0468111384976542,0
866,plugin+true,0.558545842515421,0.11328298391938407,0.037696179206177426,100,30,2000,2000,0.1,1.0,1.0,1.0468111384976542,1.0468111384976542,0
866,plugin+hat,0.09345192145605369,0.1773327391700437,0.08314617920617749,100,30,2000,2000,0.1,1.0,1.0,1.0468111384976542,1.0468111384976542,0
867,rejection+true,0.01,0.3036382630467414,0.09061506937592306,100,30,2000,2000,0.1,1.0,1.0,1.04429122065581,1.04429122065581,0
867,rejection+hat,0.01,0.3036382630467414,0.09061506937592306,100,30,2000,2000,0.1,1.0,1.0,1.04429122065581,1.04429122065581,0
867,plugin+true,19.952623149688797,0.22908494577187347,0.04181506937592315,100,30,2000,2000,0.1,1.0,1.0,1.04429122065581,1.04429122065581,0
867,plugin+hat,0.1461187278110747,0.18111423602864046,0.09061506937592306,100,30,2000,2000,0.1,1.0,1.0,1.04429122065581,1.04429122065581,0
868,rejection+true,0.8733261623828429,0.3138299636542798,0.09888681485644397,100,30,2000,2000,0.1,1.0,1.0,0.9396231151848115,0.9396231151848115,1
868,rejection+hat,0.01,0.2834186622252066,0.004586814856443976,100,30,2000,2000,0.1,1.0,1.0,0.9396231151848115,0.9396231151848115,1
868,plugin+true,0.015635711447601203,0.1767743733261166,0.004586814856443976,100,30,2000,2000,0.1,1.0,1.0,0.9396231151848115,0.9396231151848115,1
868,plugin+hat,0.015635711447601203,0.15315845568762176,0.004586814856443976,100,30,2000,2000,0.1,1.0,1.0,0.9396231151848115,0.9396231151848115,1
869,rejection+true,0.01,0.6631907844295103,0.09367694513302502,100,30,2000,2000,0.1,1.0,1.0,0.9296021682998206,0.9296021682998206,1
869,rejection+hat,0.01,0.6631907844295103,0.09367694513302502,100,30,2000,2000,0.1,1.0,1.0,0.9296021682998206,0.9296021682998206,1
869,plugin+true,0.22846702651445452,0.4667456167242718,0.09367694513302502,100,30,2000,2000,0.1,1.0,1.0,0.9296021682998206,0.9296021682998206,1
869,plugin+hat,0.1461187278110747,0.49805685939353533,0.09367694513302502,100,30,2000,2000,0.1,1.0,1.0,0.9296021682998206,0.9296021682998206,1
870,rejection+true,0.8733261623828429,0.3113388256480297,0.0843664606206644,100,30,2000,2000,0.1,1.0,1.0,0.9284611805218616,0.9284611805218616,1
870,rejection+hat,0.8733261623828429,0.24887671582400803,0.0792664606206645,100,30,2000,2000,0.1,1.0,1.0,0.9284611805218616,0.9284611805218616,1
870,plugin+true,0.558545842515421,0.4415352226976029,0.08721646062066449,100,30,2000,2000,0.1,1.0,1.0,0.9284611805218616,0.9284611805218616,1
870,plugin+hat,0.22846702651445452,0.35852739213946355,0.08851646062066444,100,30,2000,2000,0.1,1.0,1.0,0.9284611805218616,0.9284611805218616,1
871,rejection+true,2.135068261712694,0.04509435047705968,0.031641582408946704,100,30,2000,2000,0.1,1.0,1.0,1.0262632254264261,1.0262632254264261,0
871,rejection+hat,2.135068261712694,0.04509435047705968,0.023891582408946635,100,30,2000,2000,0.1,1.0,1.0,1.0262632254264261,1.0262632254264261,0
871,plugin+true,0.03822547943598284,0.18001619699145538,0.05814158240894686,100,30,2000,2000,0.1,1.0,1.0,1.0262632254264261,1.0262632254264261,0
871,plugin+hat,3.338331126107119,0.16405796666010947,0.014891582408946707,100,30,2000,2000,0.1,1.0,1.0,1.0262632254264261,1.0262632254264261,0
872,rejection+true,0.8733261623828429,-0.04463309176887075,0.08292443982512993,100,30,2000,2000,0.1,1.0,1.0,1.0192284667292617,1.0192284667292617,0
872,rejection+hat,0.8733261623828429,-0.028093113781263435,0.11352443982512982,100,30,2000,2000,0.1,1.0,1.0,1.0192284667292617,1.0192284667292617,0
872,plugin+true,0.35722445018714644,0.006874672249269092,0.03982443982512968,100,30,2000,2000,0.1,1.0,1.0,1.0192284667292617,1.0192284667292617,0
872,plugin+hat,0.03822547943598284,0.08268632006091865,0.02352443982512979,100,30,2000,2000,0.1,1.0,1.0,1.0192284667292617,1.0192284667292617,0
873,rejection+true,0.01,0.0386590717981259,0.1182737024107865,100,30,2000,2000,0.1,1.0,1.0,0.8433401024322481,0.8433401024322481,1
873,rejection+hat,0.01,0.0386590717981259,0.1182737024107865,100,30,2000,2000,0.1,1.0,1.0,0.8433401024322481,0.8433401024322481,1
873,plugin+true,0.01,-0.08501976984705387,0.1182737024107865,100,30,2000,2000,0.1,1.0,1.0,0.8433401024322481,0.8433401024322481,1
873,plugin+hat,0.1461187278110747,-0.0656048001045865,0.1182737024107865,100,30,2000,2000,0.1,1.0,1.0,0.8433401024322481,0.8433401024322481,1
874,rejection+true,0.558545842515421,0.2288844851776958,0.08321447403224884,100,30,2000,2000,0.1,1.0,1.0,0.9656681960454122,0.9656681960454122,1
874,rejection+hat,0.558545842515421,0.12617828181634347,0.08281447403224884,100,30,2000,2000,0.1,1.0,1.0,0.9656681960454122,0.9656681960454122,1
874,plugin+true,2.135068261712694,0.10080030707993179,0.06311447403224885,100,30,2000,2000,0.1,1.0,1.0,0.9656681960454122,0.9656681960454122,1
874,plugin+hat,0.8733261623828429,0.09908038767830542,0.07046447403224879,100,30,2000,2000,0.1,1.0,1.0,0.9656681960454122,0.9656681960454122,1
875,rejection+true,3.338331126107119,0.0005801829043775798,0.07504018606930328,100,30,2000,2000,0.1,1.0,1.0,1.063499505403008,1.063499505403008,0
875,rejection+hat,2.135068261712694,-0.014630323912327488,0.06984018606930324,100,30,2000,2000,0.1,1.0,1.0,1.063499505403008,1.063499505403008,0
875,plugin+true,0.22846702651445452,0.20490144255999332,0.09514018606930323,100,30,2000,2000,0.1,1.0,1.0,1.063499505403008,1.063499505403008,0
875,plugin+hat,0.558545842515421,0.17159161866956787,0.10699018606930333,100,30,2000,2000,0.1,1.0,1.0,1.063499505403008,1.063499505403008,0
876,rejection+true,0.558545842515421,0.042160193777332704,0.1082656159515522,100,30,2000,2000,0.1,1.0,1.0,1.054770440717094,1.054770440717094,0
876,rejection+hat,3.338331126107119,0.009615803913523756,0.07086561595155222,100,30,2000,2000,0.1,1.0,1.0,1.054770440717094,1.054770440717094,0
876,plugin+true,0.1461187278110747,0.1658837979102391,0.11221561595155212,100,30,2000,2000,0.1,1.0,1.0,1.054770440717094,1.054770440717094,0
876,plugin+hat,0.558545842515421,0.13617462002447808,0.11036561595155213,100,30,2000,2000,0.1,1.0,1.0,1.054770440717094,1.054770440717094,0
877,rejection+true,0.558545842515421,0.13721067775040868,0.07593860719624436,100,30,2000,2000,0.1,1.0,1.0,0.9187675010660732,0.9187675010660732,1
877,rejection+hat,0.558545842515421,0.13721067775040868,0.07138860719624436,100,30,2000,2000,0.1,1.0,1.0,0.9187675010660732,0.9187675010660732,1
877,plugin+true,0.015635711447601203,0.24792932704685494,0.08483860719624427,100,30,2000,2000,0.1,1.0,1.0,0.9187675010660732,0.9187675010660732,1
877,plugin+hat,0.8733261623828429,0.26534625689471564,0.07343860719624437,100,30,2000,2000,0.1,1.0,1.0,0.9187675010660732,0.9187675010660732,1
878,rejection+true,12.760930781150906,0.35532394622762997,0.05146150352074919,100,30,2000,2000,0.1,1.0,1.0,0.9658858187267898,0.9658858187267898,1
878,rejection+hat,12.760930781150906,0.35532394622762997,0.05476150352074929,100,30,2000,2000,0.1,1.0,1.0,0.9658858187267898,0.9658858187267898,1
878,plugin+true,0.35722445018714644,0.15198796410721974,0.09771150352074924,100,30,2000,2000,0.1,1.0,1.0,0.9658858187267898,0.9658858187267898,1
878,plugin+hat,2.135068261712694,0.16524278447640056,0.06256150352074923,100,30,2000,2000,0.1,1.0,1.0,0.9658858187267898,0.9658858187267898,1
879,rejection+true,12.760930781150906,0.28503816452187797,0.01152706265242255,100,30,2000,2000,0.1,1.0,1.0,1.120417998239263,1.120417998239263,0
879,rejection+hat,12.760930781150906,0.28503816452187797,0.010127062652422558,100,30,2000,2000,0.1,1.0,1.0,1.120417998239263,1.120417998239263,0
879,plugin+true,0.03822547943598284,0.1586326701213419,0.05757706265242253,100,30,2000,2000,0.1,1.0,1.0,1.120417998239263,1.120417998239263,0
879,plugin+hat,0.015635711447601203,0.11856038990918027,-0.04097293734757741,100,30,2000,2000,0.1,1.0,1.0,1.120417998239263,1.120417998239263,0
880,rejection+true,2.135068261712694,0.2579580097148816,0.04464848958111735,100,30,2000,2000,0.1,1.0,1.0,0.9511920967011547,0.9511920967011547,1
880,rejection+hat,2.135068261712694,0.3097853758682808,0.04974848958111736,100,30,2000,2000,0.1,1.0,1.0,0.9511920967011547,0.9511920967011547,1
880,plugin+true,0.1461187278110747,0.30211859036852656,0.07819848958111719,100,30,2000,2000,0.1,1.0,1.0,0.9511920967011547,0.9511920967011547,1
880,plugin+hat,2.135068261712694,0.3143594114675766,0.04974848958111736,100,30,2000,2000,0.1,1.0,1.0,0.9511920967011547,0.9511920967011547,1
881,rejection+true,1.3655075874659035,0.11813990818336606,0.05503205684002962,100,30,2000,2000,0.1,1.0,1.0,0.9118243113464204,0.9118243113464204,1
881,rejection+hat,2.135068261712694,0.15361452943955858,0.051982056840029725,100,30,2000,2000,0.1,1.0,1.0,0.9118243113464204,0.9118243113464204,1
881,plugin+true,0.558545842515421,0.007343078133022876,0.07078205684003011,100,30,2000,2000,0.1,1.0,1.0,0.9118243113464204,0.9118243113464204,1
881,plugin+hat,0.015635711447601203,0.03631489818039084,0.08088205684003012,100,30,2000,2000,0.1,1.0,1.0,0.9118243113464204,0.9118243113464204,1
882,rejection+true,0.558545842515421,0.17818481245388587,0.057054041015928925,100,30,2000,2000,0.1,1.0,1.0,1.025792788360721,1.025792788360721,0
882,rejection+hat,0.8733261623828429,0.19018995631486174,0.02900404101592895,100,30,2000,2000,0.1,1.0,1.0,1.025792788360721,1.025792788360721,0
882,plugin+true,2.135068261712694,0.15052203935909592,0.02050404101592896,100,30,2000,2000,0.1,1.0,1.0,1.025792788360721,1.025792788360721,0
882,plugin+hat,0.22846702651445452,0.170148088747811,0.05710404101592892,100,30,2000,2000,0.1,1.0,1.0,1.025792788360721,1.025792788360721,0
883,rejection+true,0.01,0.3077114554742971,0.06673626764526812,100,30,2000,2000,0.1,1.0,1.0,0.97535807651827,0.97535807651827,1
883,rejection+hat,0.01,0.3077114554742971,0.06673626764526812,100,30,2000,2000,0.1,1.0,1.0,0.97535807651827,0.97535807651827,1
883,plugin+true,0.1461187278110747,0.3760020396984803,0.059286267645268086,100,30,2000,2000,0.1,1.0,1.0,0.97535807651827,0.97535807651827,1
883,plugin+hat,0.558545842515421,0.2928183935876868,0.06783626764526812,100,30,2000,2000,0.1,1.0,1.0,0.97535807651827,0.97535807651827,1
884,rejection+true,5.219718220435647,0.3508987646549941,0.06180191851359012,100,30,2000,2000,0.1,1.0,1.0,0.892800424772637,0.892800424772637,1
884,rejection+hat,5.219718220435647,0.3508987646549941,0.06175191851359005,100,30,2000,2000,0.1,1.0,1.0,0.892800424772637,0.892800424772637,1
884,plugin+true,1.3655075874659035,0.08088535767624169,0.07315191851359004,100,30,2000,2000,0.1,1.0,1.0,0.892800424772637,0.892800424772637,1
884,plugin+hat,1.3655075874659035,0.07081956988678062,0.07855191851359013,100,30,2000,2000,0.1,1.0,1.0,0.892800424772637,0.892800424772637,1
885,rejection+true,8.161400793251818,0.6002119964919983,0.06329210195535956,100,30,2000,2000,0.1,1.0,1.0,1.0428739729385248,1.0428739729385248,0
885,rejection+hat,8.161400793251818,0.6002119964919983,0.06189210195535964,100,30,2000,2000,0.1,1.0,1.0,1.0428739729385248,1.0428739729385248,0
885,plugin+true,0.015635711447601203,0.33094263915108846,0.10959210195535946,100,30,2000,2000,0.1,1.0,1.0,1.0428739729385248,1.0428739729385248,0
885,plugin+hat,3.338331126107119,0.27518699466883006,0.08049210195535937,100,30,2000,2000,0.1,1.0,1.0,1.0428739729385248,1.0428739729385248,0
886,rejection+true,0.1461187278110747,0.31371609512716525,0.00013097461431629058,100,30,2000,2000,0.1,1.0,1.0,0.9206694649020205,0.9206694649020205,1
886,rejection+hat,0.1461187278110747,0.31371609512716525,0.00013097461431629058,100,30,2000,2000,0.1,1.0,1.0,0.9206694649020205,0.9206694649020205,1
886,plugin+true,0.015635711447601203,0.3109171788710535,0.00013097461431629058,100,30,2000,2000,0.1,1.0,1.0,0.9206694649020205,0.9206694649020205,1
886,plugin+hat,0.8733261623828429,0.34269660072969066,0.09133097461431615,100,30,2000,2000,0.1,1.0,1.0,0.9206694649020205,0.9206694649020205,1
887,rejection+true,2.135068261712694,-0.04411997411710521,0.04405050430448215,100,30,2000,2000,0.1,1.0,1.0,0.9364694897599015,0.9364694897599015,1
887,rejection+hat,0.01,-0.10356184320213895,0.07895050430448203,100,30,2000,2000,0.1,1.0,1.0,0.9364694897599015,0.9364694897599015,1
887,plugin+true,0.35722445018714644,0.11117567885017283,0.07865050430448205,100,30,2000,2000,0.1,1.0,1.0,0.9364694897599015,0.9364694897599015,1
887,plugin+hat,2.135068261712694,0.13440667996623315,0.05830050430448201,100,30,2000,2000,0.1,1.0,1.0,0.9364694897599015,0.9364694897599015,1
888,rejection+true,1.3655075874659035,0.08748413445428012,0.10704258008862845,100,30,2000,2000,0.1,1.0,1.0,1.01956376935049,1.01956376935049,0
888,rejection+hat,1.3655075874659035,0.07442319315547746,0.11204258008862868,100,30,2000,2000,0.1,1.0,1.0,1.01956376935049,1.01956376935049,0
888,plugin+true,0.015635711447601203,0.044077959091328785,0.03954258008862852,100,30,2000,2000,0.1,1.0,1.0,1.01956376935049,1.01956376935049,0
888,plugin+hat,0.05976825664072413,0.11849835927918398,0.03954258008862852,100,30,2000,2000,0.1,1.0,1.0,1.01956376935049,1.01956376935049,0
889,rejection+true,5.219718220435647,0.34723092460383964,0.0401745311490118,100,30,2000,2000,0.1,1.0,1.0,0.9895677471152595,0.9895677471152595,1
889,rejection+hat,5.219718220435647,0.34723092460383964,0.04207453114901177,100,30,2000,2000,0.1,1.0,1.0,0.9895677471152595,0.9895677471152595,1
889,plugin+true,0.015635711447601203,0.22342980450670744,-0.015775468850988062,100,30,2000,2000,0.1,1.0,1.0,0.9895677471152595,0.9895677471152595,1
889,plugin+hat,0.1461187278110747,0.22642704911691963,-0.015775468850988062,100,30,2000,2000,0.1,1.0,1.0,0.9895677471152595,0.9895677471152595,1
890,rejection+true,3.338331126107119,0.15139835470666488,0.0609608651505826,100,30,2000,2000,0.1,1.0,1.0,0.9866114748024247,0.9866114748024247,1
890,rejection+hat,3.338331126107119,0.07696303421010574,0.06651086515058277,100,30,2000,2000,0.1,1.0,1.0,0.9866114748024247,0.9866114748024247,1
890,plugin+true,0.558545842515421,0.11498733480472048,0.09771086515058272,100,30,2000,2000,0.1,1.0,1.0,0.9866114748024247,0.9866114748024247,1
890,plugin+hat,0.09345192145605369,0.06153070891780295,0.10331086515058273,100,30,2000,2000,0.1,1.0,1.0,0.9866114748024247,0.9866114748024247,1
891,rejection+true,2.135068261712694,0.12688226706037922,0.027077236957137575,100,30,2000,2000,0.1,1.0,1.0,1.2000641530880545,1.2000641530880545,0
891,rejection+hat,2.135068261712694,0.12599684813370307,0.016477236957137514,100,30,2000,2000,0.1,1.0,1.0,1.2000641530880545,1.2000641530880545,0
891,plugin+true,0.22846702651445452,0.07157173264357361,-0.04107276304286251,100,30,2000,2000,0.1,1.0,1.0,1.2000641530880545,1.2000641530880545,0
891,plugin+hat,0.558545842515421,0.008364315277536848,0.047877236957137574,100,30,2000,2000,0.1,1.0,1.0,1.2000641530880545,1.2000641530880545,0
892,rejection+true,0.01,0.08267168874541916,0.08570056064919444,100,30,2000,2000,0.1,1.0,1.0,0.9848944578840995,0.9848944578840995,1
892,rejection+hat,0.01,0.08267168874541916,0.08570056064919444,100,30,2000,2000,0.1,1.0,1.0,0.9848944578840995,0.9848944578840995,1
892,plugin+true,0.01,0.06537269354267022,0.08570056064919444,100,30,2000,2000,0.1,1.0,1.0,0.9848944578840995,0.9848944578840995,1
892,plugin+hat,1.3655075874659035,0.11656377779811615,0.05425056064919442,100,30,2000,2000,0.1,1.0,1.0,0.9848944578840995,0.9848944578840995,1
893,rejection+true,19.952623149688797,0.2526383526506833,0.07761722183085858,100,30,2000,2000,0.1,1.0,1.0,0.9591065157590896,0.9591065157590896,1
893,rejection+hat,19.952623149688797,0.2526383526506833,0.07686722183085856,100,30,2000,2000,0.1,1.0,1.0,0.9591065157590896,0.9591065157590896,1
893,plugin+true,12.760930781150906,0.05947724803754236,0.07711722183085863,100,30,2000,2000,0.1,1.0,1.0,0.9591065157590896,0.9591065157590896,1
893,plugin+hat,0.8733261623828429,0.00514326331680498,0.0930672218308585,100,30,2000,2000,0.1,1.0,1.0,0.9591065157590896,0.9591065157590896,1
894,rejection+true,2.135068261712694,0.4279816094863539,0.08976549419430352,100,30,2000,2000,0.1,1.0,1.0,1.0862990747903443,1.0862990747903443,0
894,rejection+hat,3.338331126107119,0.3482576514361426,0.09831549419430355,100,30,2000,2000,0.1,1.0,1.0,1.0862990747903443,1.0862990747903443,0
894,plugin+true,0.02444754724726473,0.03552716578425408,0.1323654941943032,100,30,2000,2000,0.1,1.0,1.0,1.0862990747903443,1.0862990747903443,0
894,plugin+hat,0.1461187278110747,0.04988692473500046,0.1317654941943032,100,30,2000,2000,0.1,1.0,1.0,1.0862990747903443,1.0862990747903443,0
895,rejection+true,3.338331126107119,0.18935405860344573,0.062269871118688584,100,30,2000,2000,0.1,1.0,1.0,1.059342451020238,1.059342451020238,0
895,rejection+hat,3.338331126107119,0.18935405860344573,0.0636698711186886,100,30,2000,2000,0.1,1.0,1.0,1.059342451020238,1.059342451020238,0
895,plugin+true,0.05976825664072413,0.22903136184343217,0.09641987111868841,100,30,2000,2000,0.1,1.0,1.0,1.059342451020238,1.059342451020238,0
895,plugin+hat,0.015635711447601203,0.22545369012181146,0.011169871118688576,100,30,2000,2000,0.1,1.0,1.0,1.059342451020238,1.059342451020238,0
896,rejection+true,0.01,-0.10057993456721308,-0.004192661463834966,100,30,2000,2000,0.1,1.0,1.0,1.0332424252431602,1.0332424252431602,0
896,rejection+hat,0.01,-0.10057993456721308,-0.004192661463834966,100,30,2000,2000,0.1,1.0,1.0,1.0332424252431602,1.0332424252431602,0
896,plugin+true,5.219718220435647,0.02597801616276903,0.05545733853616512,100,30,2000,2000,0.1,1.0,1.0,1.0332424252431602,1.0332424252431602,0
896,plugin+hat,0.22846702651445452,0.003143209297699742,-0.004192661463834966,100,30,2000,2000,0.1,1.0,1.0,1.0332424252431602,1.0332424252431602,0
897,rejection+true,3.338331126107119,0.01544246549407641,0.06992604180198256,100,30,2000,2000,0.1,1.0,1.0,1.0275839863826264,1.0275839863826264,0
897,rejection+hat,3.338331126107119,0.01544246549407641,0.07012604180198263,100,30,2000,2000,0.1,1.0,1.0,1.0275839863826264,1.0275839863826264,0
897,plugin+true,8.161400793251818,0.00903998927323098,0.06137604180198253,100,30,2000,2000,0.1,1.0,1.0,1.0275839863826264,1.0275839863826264,0
897,plugin+hat,12.760930781150906,-0.005960211100444495,0.06087604180198248,100,30,2000,2000,0.1,1.0,1.0,1.0275839863826264,1.0275839863826264,0
898,rejection+true,2.135068261712694,0.25982860575119654,0.07200196607805617,100,30,2000,2000,0.1,1.0,1.0,0.9018071204433988,0.9018071204433988,1
898,rejection+hat,2.135068261712694,0.25037238746881485,0.061251966078056115,100,30,2000,2000,0.1,1.0,1.0,0.9018071204433988,0.9018071204433988,1
898,plugin+true,0.35722445018714644,0.21519851227874326,0.006001966078056117,100,30,2000,2000,0.1,1.0,1.0,0.9018071204433988,0.9018071204433988,1
898,plugin+hat,0.8733261623828429,0.212239539113045,0.07860196607805614,100,30,2000,2000,0.1,1.0,1.0,0.9018071204433988,0.9018071204433988,1
899,rejection+true,0.558545842515421,0.14240783204634988,0.12314469372158479,100,30,2000,2000,0.1,1.0,1.0,1.0037315881954634,1.0037315881954634,0
899,rejection+hat,0.8733261623828429,0.11400465245048205,0.08489469372158494,100,30,2000,2000,0.1,1.0,1.0,1.0037315881954634,1.0037315881954634,0
899,plugin+true,0.8733261623828429,0.2769138424095855,0.10784469372158481,100,30,2000,2000,0.1,1.0,1.0,1.0037315881954634,1.0037315881954634,0
899,plugin+hat,0.05976825664072413,0.19453181309389964,0.027994693721584814,100,30,2000,2000,0.1,1.0,1.0,1.0037315881954634,1.0037315881954634,0
900,rejection+true,5.219718220435647,0.3009565419207016,0.025014456594999,100,30,2000,2000,0.1,1.0,1.0,0.944102284190296,0.944102284190296,1
900,rejection+hat,0.558545842515421,0.3855683115621408,0.06761445659499937,100,30,2000,2000,0.1,1.0,1.0,0.944102284190296,0.944102284190296,1
900,plugin+true,8.161400793251818,0.1306893862973128,0.024514456594999026,100,30,2000,2000,0.1,1.0,1.0,0.944102284190296,0.944102284190296,1
900,plugin+hat,0.35722445018714644,0.12500483700892961,-0.031785543405001,100,30,2000,2000,0.1,1.0,1.0,0.944102284190296,0.944102284190296,1
901,rejection+true,8.161400793251818,-0.16792283256848653,0.08598083830600524,100,30,2000,2000,0.1,1.0,1.0,0.9779799837838048,0.9779799837838048,1
901,rejection+hat,8.161400793251818,-0.16792283256848653,0.08718083830600526,100,30,2000,2000,0.1,1.0,1.0,0.9779799837838048,0.9779799837838048,1
901,plugin+true,0.35722445018714644,-0.011306343305315932,0.12883083830600545,100,30,2000,2000,0.1,1.0,1.0,0.9779799837838048,0.9779799837838048,1
901,plugin+hat,1.3655075874659035,-0.0073594597991950925,0.10443083830600527,100,30,2000,2000,0.1,1.0,1.0,0.9779799837838048,0.9779799837838048,1
902,rejection+true,8.161400793251818,0.20348892783125244,0.03613874438657037,100,30,2000,2000,0.1,1.0,1.0,1.1177557668238827,1.1177557668238827,0
902,rejection+hat,5.219718220435647,0.20348892783125244,0.0397387443865703,100,30,2000,2000,0.1,1.0,1.0,1.1177557668238827,1.1177557668238827,0
902,plugin+true,0.1461187278110747,0.036296372458182076,-0.01561125561342964,100,30,2000,2000,0.1,1.0,1.0,1.1177557668238827,1.1177557668238827,0
902,plugin+hat,19.952623149688797,0.056069589938881656,0.03618874438657036,100,30,2000,2000,0.1,1.0,1.0,1.1177557668238827,1.1177557668238827,0
903,rejection+true,0.8733261623828429,0.09361870136732858,0.0895548761801858,100,30,2000,2000,0.1,1.0,1.0,0.9240020375764896,0.9240020375764896,1
903,rejection+hat,1.3655075874659035,0.09375778681909044,0.07095487618018564,100,30,2000,2000,0.1,1.0,1.0,0.9240020375764896,0.9240020375764896,1
903,plugin+true,0.09345192145605369,0.045783643487492885,0.09090487618018579,100,30,2000,2000,0.1,1.0,1.0,0.9240020375764896,0.9240020375764896,1
903,plugin+hat,0.015635711447601203,0.0876575109214403,0.09090487618018579,100,30,2000,2000,0.1,1.0,1.0,0.9240020375764896,0.9240020375764896,1
904,rejection+true,8.161400793251818,0.5472581937909128,0.08678844501129039,100,30,2000,2000,0.1,1.0,1.0,0.9618617309085994,0.9618617309085994,1
904,rejection+hat,3.338331126107119,0.45254747023185093,0.08488844501129027,100,30,2000,2000,0.1,1.0,1.0,0.9618617309085994,0.9618617309085994,1
904,plugin+true,19.952623149688797,0.10426933022102296,0.07983844501129021,100,30,2000,2000,0.1,1.0,1.0,0.9618617309085994,0.9618617309085994,1
904,plugin+hat,19.952623149688797,0.150842135736186,0.07888844501129022,100,30,2000,2000,0.1,1.0,1.0,0.9618617309085994,0.9618617309085994,1
905,rejection+true,8.161400793251818,0.07487468856076401,0.0565721906952365,100,30,2000,2000,0.1,1.0,1.0,1.0551790167117476,1.0551790167117476,0
905,rejection+hat,12.760930781150906,0.1383480661859115,0.056872190695236496,100,30,2000,2000,0.1,1.0,1.0,1.0551790167117476,1.0551790167117476,0
905,plugin+true,0.09345192145605369,0.10179950668548647,0.10307219069523646,100,30,2000,2000,0.1,1.0,1.0,1.0551790167117476,1.0551790167117476,0
905,plugin+hat,2.135068261712694,0.04055926953697522,0.06297219069523652,100,30,2000,2000,0.1,1.0,1.0,1.0551790167117476,1.0551790167117476,0
906,rejection+true,0.01,0.11853772842635708,0.1205849558925048,100,30,2000,2000,0.1,1.0,1.0,1.038741553923929,1.038741553923929,0
906,rejection+hat,5.219718220435647,0.1394388874371847,0.08008495589250487,100,30,2000,2000,0.1,1.0,1.0,1.038741553923929,1.038741553923929,0
906,plugin+true,0.09345192145605369,0.3253009234196897,0.12053495589250478,100,30,2000,2000,0.1,1.0,1.0,1.038741553923929,1.038741553923929,0
906,plugin+hat,19.952623149688797,0.3187103183534553,0.07278495589250472,100,30,2000,2000,0.1,1.0,1.0,1.038741553923929,1.038741553923929,0
907,rejection+true,0.01,-0.12906279017527894,0.12737927671616614,100,30,2000,2000,0.1,1.0,1.0,0.8782865796361214,0.8782865796361214,1
907,rejection+hat,1.3655075874659035,-0.07825890318490566,0.11032927671616616,100,30,2000,2000,0.1,1.0,1.0,0.8782865796361214,0.8782865796361214,1
907,plugin+true,5.219718220435647,0.005841375635227174,0.08467927671616596,100,30,2000,2000,0.1,1.0,1.0,0.8782865796361214,0.8782865796361214,1
907,plugin+hat,5.219718220435647,0.061135702433529414,0.08417927671616608,100,30,2000,2000,0.1,1.0,1.0,0.8782865796361214,0.8782865796361214,1
908,rejection+true,0.03822547943598284,0.15902759172022346,0.04673255334175532,100,30,2000,2000,0.1,1.0,1.0,0.9523780005958976,0.9523780005958976,1
908,rejection+hat,0.03822547943598284,0.15902759172022346,0.04673255334175532,100,30,2000,2000,0.1,1.0,1.0,0.9523780005958976,0.9523780005958976,1
908,plugin+true,0.1461187278110747,0.0827012687998107,0.04673255334175532,100,30,2000,2000,0.1,1.0,1.0,0.9523780005958976,0.9523780005958976,1
908,plugin+hat,0.35722445018714644,0.0943800730999596,0.1398325533417552,100,30,2000,2000,0.1,1.0,1.0,0.9523780005958976,0.9523780005958976,1
909,rejection+true,2.135068261712694,0.22787374660062293,0.09341592466084327,100,30,2000,2000,0.1,1.0,1.0,0.9052918992769673,0.9052918992769673,1
909,rejection+hat,3.338331126107119,0.22861729909976325,0.09261592466084331,100,30,2000,2000,0.1,1.0,1.0,0.9052918992769673,0.9052918992769673,1
909,plugin+true,0.1461187278110747,0.1740868472449373,0.028365924660843166,100,30,2000,2000,0.1,1.0,1.0,0.9052918992769673,0.9052918992769673,1
909,plugin+hat,0.558545842515421,0.23679383433155038,0.028515924660843173,100,30,2000,2000,0.1,1.0,1.0,0.9052918992769673,0.9052918992769673,1
910,rejection+true,19.952623149688797,0.09172873602559167,0.04034781355212077,100,30,2000,2000,0.1,1.0,1.0,1.1164351031898128,1.1164351031898128,0
910,rejection+hat,19.952623149688797,0.09172873602559167,0.04084781355212082,100,30,2000,2000,0.1,1.0,1.0,1.1164351031898128,1.1164351031898128,0
910,plugin+true,0.02444754724726473,0.14818532065809348,-0.01035218644787919,100,30,2000,2000,0.1,1.0,1.0,1.1164351031898128,1.1164351031898128,0
910,plugin+hat,2.135068261712694,0.11352362562037663,0.04669781355212082,100,30,2000,2000,0.1,1.0,1.0,1.1164351031898128,1.1164351031898128,0
911,rejection+true,1.3655075874659035,0.3030213575344532,0.07227580958206384,100,30,2000,2000,0.1,1.0,1.0,1.1009495049523315,1.1009495049523315,0
911,rejection+hat,0.22846702651445452,0.26893202570887903,0.09887580958206393,100,30,2000,2000,0.1,1.0,1.0,1.1009495049523315,1.1009495049523315,0
911,plugin+true,0.1461187278110747,0.28796473068057066,0.09887580958206393,100,30,2000,2000,0.1,1.0,1.0,1.1009495049523315,1.1009495049523315,0
911,plugin+hat,0.35722445018714644,0.22542607005534995,0.06717580958206414,100,30,2000,2000,0.1,1.0,1.0,1.1009495049523315,1.1009495049523315,0
912,rejection+true,19.952623149688797,0.18457012598713235,0.07624494138531365,100,30,2000,2000,0.1,1.0,1.0,0.9663212352380188,0.9663212352380188,1
912,rejection+hat,8.161400793251818,0.18800996964176492,0.08159494138531363,100,30,2000,2000,0.1,1.0,1.0,0.9663212352380188,0.9663212352380188,1
912,plugin+true,0.1461187278110747,0.1786455434658202,0.022894941385313526,100,30,2000,2000,0.1,1.0,1.0,0.9663212352380188,0.9663212352380188,1
912,plugin+hat,0.22846702651445452,0.1773850767389251,0.022894941385313526,100,30,2000,2000,0.1,1.0,1.0,0.9663212352380188,0.9663212352380188,1
913,rejection+true,0.09345192145605369,0.11341198519027482,0.0007335180509335096,100,30,2000,2000,0.1,1.0,1.0,0.8915784862145977,0.8915784862145977,1
913,rejection+hat,0.09345192145605369,0.11341198519027482,0.0007335180509335096,100,30,2000,2000,0.1,1.0,1.0,0.8915784862145977,0.8915784862145977,1
913,plugin+true,0.22846702651445452,0.15549160182961444,0.09498351805093357,100,30,2000,2000,0.1,1.0,1.0,0.8915784862145977,0.8915784862145977,1
913,plugin+hat,0.35722445018714644,0.1781979806628595,0.0008335180509335128,100,30,2000,2000,0.1,1.0,1.0,0.8915784862145977,0.8915784862145977,1
914,rejection+true,1.3655075874659035,0.3912400383502244,0.04347158135352862,100,30,2000,2000,0.1,1.0,1.0,1.0846455361507479,1.0846455361507479,0
914,rejection+hat,1.3655075874659035,0.5403744414448737,0.06352158135352869,100,30,2000,2000,0.1,1.0,1.0,1.0846455361507479,1.0846455361507479,0
914,plugin+true,2.135068261712694,0.27020643932431276,0.054221581353528656,100,30,2000,2000,0.1,1.0,1.0,1.0846455361507479,1.0846455361507479,0
914,plugin+hat,0.22846702651445452,0.2854256624472565,0.08037158135352877,100,30,2000,2000,0.1,1.0,1.0,1.0846455361507479,1.0846455361507479,0
915,rejection+true,3.338331126107119,0.7323612947016953,0.06025566382540755,100,30,2000,2000,0.1,1.0,1.0,1.1077077867241065,1.1077077867241065,0
915,rejection+hat,3.338331126107119,0.66347340233624,0.06830566382540759,100,30,2000,2000,0.1,1.0,1.0,1.1077077867241065,1.1077077867241065,0
915,plugin+true,3.338331126107119,0.21773024272841357,0.06025566382540755,100,30,2000,2000,0.1,1.0,1.0,1.1077077867241065,1.1077077867241065,0
915,plugin+hat,1.3655075874659035,0.19143089153939002,0.08800566382540749,100,30,2000,2000,0.1,1.0,1.0,1.1077077867241065,1.1077077867241065,0
916,rejection+true,0.01,0.2208621298273404,-0.0046659580519106585,100,30,2000,2000,0.1,1.0,1.0,1.0434842805193594,1.0434842805193594,0
916,rejection+hat,0.01,0.2208621298273404,-0.0046659580519106585,100,30,2000,2000,0.1,1.0,1.0,1.0434842805193594,1.0434842805193594,0
916,plugin+true,0.22846702651445452,0.2768783233085676,0.09428404194808936,100,30,2000,2000,0.1,1.0,1.0,1.0434842805193594,1.0434842805193594,0
916,plugin+hat,0.02444754724726473,0.39601186532895366,-0.0046659580519106585,100,30,2000,2000,0.1,1.0,1.0,1.0434842805193594,1.0434842805193594,0
917,rejection+true,1.3655075874659035,0.20794853294889132,0.11879731786883019,100,30,2000,2000,0.1,1.0,1.0,0.9932522401972588,0.9932522401972588,1
917,rejection+hat,1.3655075874659035,0.20794853294889132,0.12809731786883016,100,30,2000,2000,0.1,1.0,1.0,0.9932522401972588,0.9932522401972588,1
917,plugin+true,19.952623149688797,0.24064240243630525,0.09054731786883032,100,30,2000,2000,0.1,1.0,1.0,0.9932522401972588,0.9932522401972588,1
917,plugin+hat,5.219718220435647,0.3012369434783212,0.09704731786883014,100,30,2000,2000,0.1,1.0,1.0,0.9932522401972588,0.9932522401972588,1
918,rejection+true,0.01,0.03515100800432266,-0.011987961003109433,100,30,2000,2000,0.1,1.0,1.0,1.058184652198765,1.058184652198765,0
918,rejection+hat,0.01,0.03515100800432266,-0.011987961003109433,100,30,2000,2000,0.1,1.0,1.0,1.058184652198765,1.058184652198765,0
918,plugin+true,0.01,0.18940200274168575,-0.011987961003109433,100,30,2000,2000,0.1,1.0,1.0,1.058184652198765,1.058184652198765,0
918,plugin+hat,0.03822547943598284,0.16164250352678805,-0.011987961003109433,100,30,2000,2000,0.1,1.0,1.0,1.058184652198765,1.058184652198765,0
919,rejection+true,2.135068261712694,0.14143072764078776,0.0863105098602859,100,30,2000,2000,0.1,1.0,1.0,0.9936035153916094,0.9936035153916094,1
919,rejection+hat,1.3655075874659035,0.1643436893820763,0.1052605098602858,100,30,2000,2000,0.1,1.0,1.0,0.9936035153916094,0.9936035153916094,1
919,plugin+true,0.09345192145605369,0.004066006536736279,0.12146050986028599,100,30,2000,2000,0.1,1.0,1.0,0.9936035153916094,0.9936035153916094,1
919,plugin+hat,19.952623149688797,-0.027310846904817294,0.07266050986028576,100,30,2000,2000,0.1,1.0,1.0,0.9936035153916094,0.9936035153916094,1
920,rejection+true,2.135068261712694,0.21797729140768446,0.07101275665921597,100,30,2000,2000,0.1,1.0,1.0,1.1114313352953553,1.1114313352953553,0
920,rejection+hat,0.8733261623828429,0.23340992834419008,0.08251275665921591,100,30,2000,2000,0.1,1.0,1.0,1.1114313352953553,1.1114313352953553,0
920,plugin+true,0.01,0.12546441038359823,0.020412756659215905,100,30,2000,2000,0.1,1.0,1.0,1.1114313352953553,1.1114313352953553,0
920,plugin+hat,0.09345192145605369,0.15333790587962687,0.020412756659215905,100,30,2000,2000,0.1,1.0,1.0,1.1114313352953553,1.1114313352953553,0
921,rejection+true,8.161400793251818,0.10829655652244888,0.08085345658905747,100,30,2000,2000,0.1,1.0,1.0,1.0854089561775668,1.0854089561775668,0
921,rejection+hat,8.161400793251818,0.10829655652244888,0.07945345658905742,100,30,2000,2000,0.1,1.0,1.0,1.0854089561775668,1.0854089561775668,0
921,plugin+true,0.22846702651445452,0.017678794919658868,0.027403456589057535,100,30,2000,2000,0.1,1.0,1.0,1.0854089561775668,1.0854089561775668,0
921,plugin+hat,2.135068261712694,0.009986581977596064,0.1012534565890575,100,30,2000,2000,0.1,1.0,1.0,1.0854089561775668,1.0854089561775668,0
922,rejection+true,0.8733261623828429,0.18734910090764367,0.13717632041889144,100,30,2000,2000,0.1,1.0,1.0,0.969739124433096,0.969739124433096,1
922,rejection+hat,3.338331126107119,0.22210705975691475,0.1006263204188912,100,30,2000,2000,0.1,1.0,1.0,0.969739124433096,0.969739124433096,1
922,plugin+true,0.02444754724726473,0.19316940681507339,0.1409763204188914,100,30,2000,2000,0.1,1.0,1.0,0.969739124433096,0.969739124433096,1
922,plugin+hat,0.35722445018714644,0.17659660355481516,0.04812632041889142,100,30,2000,2000,0.1,1.0,1.0,0.969739124433096,0.969739124433096,1
923,rejection+true,0.01,0.40120961765448254,0.12074869489965359,100,30,2000,2000,0.1,1.0,1.0,1.0259677849872064,1.0259677849872064,0
923,rejection+hat,0.01,0.40120961765448254,0.12074869489965359,100,30,2000,2000,0.1,1.0,1.0,1.0259677849872064,1.0259677849872064,0
923,plugin+true,0.22846702651445452,0.16851156511529058,0.1202986948996536,100,30,2000,2000,0.1,1.0,1.0,1.0259677849872064,1.0259677849872064,0
923,plugin+hat,0.558545842515421,0.13614952136148067,0.08539869489965363,100,30,2000,2000,0.1,1.0,1.0,1.0259677849872064,1.0259677849872064,0
924,rejection+true,0.8733261623828429,0.018167908008520802,0.07519253291336159,100,30,2000,2000,0.1,1.0,1.0,0.9921924770314421,0.9921924770314421,1
924,rejection+hat,0.8733261623828429,0.018167908008520802,0.06094253291336157,100,30,2000,2000,0.1,1.0,1.0,0.9921924770314421,0.9921924770314421,1
924,plugin+true,0.015635711447601203,0.15109279123972766,0.08779253291336152,100,30,2000,2000,0.1,1.0,1.0,0.9921924770314421,0.9921924770314421,1
924,plugin+hat,8.161400793251818,0.1773423501085684,0.04224253291336139,100,30,2000,2000,0.1,1.0,1.0,0.9921924770314421,0.9921924770314421,1
925,rejection+true,0.35722445018714644,0.25699434044460456,0.02437822927050091,100,30,2000,2000,0.1,1.0,1.0,1.0333270773289056,1.0333270773289056,0
925,rejection+hat,0.558545842515421,0.2603456905732553,0.12187822927050099,100,30,2000,2000,0.1,1.0,1.0,1.0333270773289056,1.0333270773289056,0
925,plugin+true,0.015635711447601203,0.09048632648103147,0.024278229270500908,100,30,2000,2000,0.1,1.0,1.0,1.0333270773289056,1.0333270773289056,0
925,plugin+hat,0.35722445018714644,0.10137795665345399,0.0421282292705009,100,30,2000,2000,0.1,1.0,1.0,1.0333270773289056,1.0333270773289056,0
926,rejection+true,1.3655075874659035,0.42628002762794487,0.1150772365359179,100,30,2000,2000,0.1,1.0,1.0,1.0241130501850841,1.0241130501850841,0
926,rejection+hat,1.3655075874659035,0.4779929906129838,0.11662723653591783,100,30,2000,2000,0.1,1.0,1.0,1.0241130501850841,1.0241130501850841,0
926,plugin+true,2.135068261712694,0.3856293433646808,0.11287723653591786,100,30,2000,2000,0.1,1.0,1.0,1.0241130501850841,1.0241130501850841,0
926,plugin+hat,0.05976825664072413,0.3891030344810855,0.1424272365359179,100,30,2000,2000,0.1,1.0,1.0,1.0241130501850841,1.0241130501850841,0
927,rejection+true,0.01,-0.08161164217938979,0.07682382051745824,100,30,2000,2000,0.1,1.0,1.0,0.941072817034168,0.941072817034168,1
927,rejection+hat,0.01,-0.08161164217938979,0.07682382051745824,100,30,2000,2000,0.1,1.0,1.0,0.941072817034168,0.941072817034168,1
927,plugin+true,0.558545842515421,-0.02199567452627201,0.07677382051745825,100,30,2000,2000,0.1,1.0,1.0,0.941072817034168,0.941072817034168,1
927,plugin+hat,0.558545842515421,-9.514769659524011e-05,0.06767382051745822,100,30,2000,2000,0.1,1.0,1.0,0.941072817034168,0.941072817034168,1
928,rejection+true,8.161400793251818,0.21448672736684485,0.10500106217685737,100,30,2000,2000,0.1,1.0,1.0,1.0158056140133924,1.0158056140133924,0
928,rejection+hat,8.161400793251818,0.21448672736684485,0.1059010621768574,100,30,2000,2000,0.1,1.0,1.0,1.0158056140133924,1.0158056140133924,0
928,plugin+true,0.05976825664072413,0.2598288116898674,0.15250106217685738,100,30,2000,2000,0.1,1.0,1.0,1.0158056140133924,1.0158056140133924,0
928,plugin+hat,8.161400793251818,0.2801816189377363,0.1059010621768574,100,30,2000,2000,0.1,1.0,1.0,1.0158056140133924,1.0158056140133924,0
929,rejection+true,1.3655075874659035,-0.06573696037133535,0.055653550695895684,100,30,2000,2000,0.1,1.0,1.0,1.0693832626124102,1.0693832626124102,0
929,rejection+hat,1.3655075874659035,-0.06573696037133535,0.05605355069589568,100,30,2000,2000,0.1,1.0,1.0,1.0693832626124102,1.0693832626124102,0
929,plugin+true,0.1461187278110747,-0.07037787361070671,0.09540355069589564,100,30,2000,2000,0.1,1.0,1.0,1.0693832626124102,1.0693832626124102,0
929,plugin+hat,3.338331126107119,-0.09805050156196894,0.05685355069589566,100,30,2000,2000,0.1,1.0,1.0,1.0693832626124102,1.0693832626124102,0
930,rejection+true,1.3655075874659035,0.32671941816806793,0.059294324518044554,100,30,2000,2000,0.1,1.0,1.0,0.9629708548421311,0.9629708548421311,1
930,rejection+hat,2.135068261712694,0.37040983662009247,0.06544432451804448,100,30,2000,2000,0.1,1.0,1.0,0.9629708548421311,0.9629708548421311,1
930,plugin+true,3.338331126107119,0.2456454390244754,0.06469432451804452,100,30,2000,2000,0.1,1.0,1.0,0.9629708548421311,0.9629708548421311,1
930,plugin+hat,0.1461187278110747,0.2619539592056487,-0.00240567548195547,100,30,2000,2000,0.1,1.0,1.0,0.9629708548421311,0.9629708548421311,1
931,rejection+true,0.8733261623828429,0.30248522361119595,0.09446859523588047,100,30,2000,2000,0.1,1.0,1.0,1.0327922320369776,1.0327922320369776,0
931,rejection+hat,0.8733261623828429,0.30248522361119595,0.07296859523588031,100,30,2000,2000,0.1,1.0,1.0,1.0327922320369776,1.0327922320369776,0
931,plugin+true,0.05976825664072413,0.1826219436303122,0.004668595235880292,100,30,2000,2000,0.1,1.0,1.0,1.0327922320369776,1.0327922320369776,0
931,plugin+hat,0.015635711447601203,0.19717018788990093,0.10416859523588051,100,30,2000,2000,0.1,1.0,1.0,1.0327922320369776,1.0327922320369776,0
932,rejection+true,3.338331126107119,-0.10191159689178071,0.11730776586684553,100,30,2000,2000,0.1,1.0,1.0,1.017039885072264,1.017039885072264,0
932,rejection+hat,3.338331126107119,-0.10191159689178071,0.12840776586684577,100,30,2000,2000,0.1,1.0,1.0,1.017039885072264,1.017039885072264,0
932,plugin+true,0.558545842515421,0.11837635016627139,0.15165776586684532,100,30,2000,2000,0.1,1.0,1.0,1.017039885072264,1.017039885072264,0
932,plugin+hat,0.558545842515421,0.11188028149713755,0.1419077658668454,100,30,2000,2000,0.1,1.0,1.0,1.017039885072264,1.017039885072264,0
933,rejection+true,8.161400793251818,0.07601421003540357,0.0780984798877599,100,30,2000,2000,0.1,1.0,1.0,1.018252719642683,1.018252719642683,0
933,rejection+hat,8.161400793251818,0.07601421003540357,0.07614847988775997,100,30,2000,2000,0.1,1.0,1.0,1.018252719642683,1.018252719642683,0
933,plugin+true,0.01,0.058490462492164,0.12294847988775989,100,30,2000,2000,0.1,1.0,1.0,1.018252719642683,1.018252719642683,0
933,plugin+hat,19.952623149688797,0.07268374762913667,0.07329847988775992,100,30,2000,2000,0.1,1.0,1.0,1.018252719642683,1.018252719642683,0
934,rejection+true,0.1461187278110747,0.18563473665465907,0.0021814125117599896,100,30,2000,2000,0.1,1.0,1.0,0.9170638770801778,0.9170638770801778,1
934,rejection+hat,12.760930781150906,0.17068328559398654,0.05598141251176,100,30,2000,2000,0.1,1.0,1.0,0.9170638770801778,0.9170638770801778,1
934,plugin+true,0.22846702651445452,0.16211456141431807,0.005081412511759977,100,30,2000,2000,0.1,1.0,1.0,0.9170638770801778,0.9170638770801778,1
934,plugin+hat,1.3655075874659035,0.16278415253722536,0.08783141251176,100,30,2000,2000,0.1,1.0,1.0,0.9170638770801778,0.9170638770801778,1
935,rejection+true,3.338331126107119,0.22364665195345879,0.08552698131168429,100,30,2000,2000,0.1,1.0,1.0,1.0062699716898202,1.0062699716898202,0
935,rejection+hat,3.338331126107119,0.22364665195345879,0.08632698131168447,100,30,2000,2000,0.1,1.0,1.0,1.0062699716898202,1.0062699716898202,0
935,plugin+true,0.01,0.06867902922341947,0.1245269813116845,100,30,2000,2000,0.1,1.0,1.0,1.0062699716898202,1.0062699716898202,0
935,plugin+hat,0.015635711447601203,0.01869274692637114,0.1245269813116845,100,30,2000,2000,0.1,1.0,1.0,1.0062699716898202,1.0062699716898202,0
936,rejection+true,5.219718220435647,0.014859943091869351,0.052949505119173554,100,30,2000,2000,0.1,1.0,1.0,0.9752475048329597,0.9752475048329597,1
936,rejection+hat,2.135068261712694,-0.02397565046946208,0.05089950511917357,100,30,2000,2000,0.1,1.0,1.0,0.9752475048329597,0.9752475048329597,1
936,plugin+true,0.558545842515421,0.2045403345203009,0.09069950511917341,100,30,2000,2000,0.1,1.0,1.0,0.9752475048329597,0.9752475048329597,1
936,plugin+hat,0.22846702651445452,0.14120487606720245,0.09279950511917343,100,30,2000,2000,0.1,1.0,1.0,0.9752475048329597,0.9752475048329597,1
937,rejection+true,0.02444754724726473,0.2149749385813872,0.033302025095710154,100,30,2000,2000,0.1,1.0,1.0,0.994975681082186,0.994975681082186,1
937,rejection+hat,0.02444754724726473,0.2149749385813872,0.033302025095710154,100,30,2000,2000,0.1,1.0,1.0,0.994975681082186,0.994975681082186,1
937,plugin+true,0.35722445018714644,0.20479279507543763,0.12970202509571024,100,30,2000,2000,0.1,1.0,1.0,0.994975681082186,0.994975681082186,1
937,plugin+hat,0.015635711447601203,0.20793820254425577,0.033302025095710154,100,30,2000,2000,0.1,1.0,1.0,0.994975681082186,0.994975681082186,1
938,rejection+true,8.161400793251818,-0.014239563420414927,0.03920196558515703,100,30,2000,2000,0.1,1.0,1.0,0.9984086406524176,0.9984086406524176,1
938,rejection+hat,8.161400793251818,-0.014239563420414927,0.03850196558515708,100,30,2000,2000,0.1,1.0,1.0,0.9984086406524176,0.9984086406524176,1
938,plugin+true,0.22846702651445452,0.09661385364661898,0.08440196558515727,100,30,2000,2000,0.1,1.0,1.0,0.9984086406524176,0.9984086406524176,1
938,plugin+hat,19.952623149688797,0.05242239989391486,0.03775196558515682,100,30,2000,2000,0.1,1.0,1.0,0.9984086406524176,0.9984086406524176,1
939,rejection+true,2.135068261712694,0.2554418201247851,0.04929610233579167,100,30,2000,2000,0.1,1.0,1.0,0.9869216758741131,0.9869216758741131,1
939,rejection+hat,2.135068261712694,0.2554418201247851,0.051596102335791705,100,30,2000,2000,0.1,1.0,1.0,0.9869216758741131,0.9869216758741131,1
939,plugin+true,0.09345192145605369,0.21957857474725323,-0.02255389766420834,100,30,2000,2000,0.1,1.0,1.0,0.9869216758741131,0.9869216758741131,1
939,plugin+hat,0.015635711447601203,0.17860125861253737,-0.02255389766420834,100,30,2000,2000,0.1,1.0,1.0,0.9869216758741131,0.9869216758741131,1
940,rejection+true,19.952623149688797,-0.001210920652374625,0.019684994044916915,100,30,2000,2000,0.1,1.0,1.0,0.8486703101596406,0.8486703101596406,1
940,rejection+hat,12.760930781150906,-0.020760211364055668,0.020684994044916957,100,30,2000,2000,0.1,1.0,1.0,0.8486703101596406,0.8486703101596406,1
940,plugin+true,0.01,0.009915673886251591,-0.03301500595508321,100,30,2000,2000,0.1,1.0,1.0,0.8486703101596406,0.8486703101596406,1
940,plugin+hat,0.03822547943598284,-0.030884814085327485,-0.03301500595508321,100,30,2000,2000,0.1,1.0,1.0,0.8486703101596406,0.8486703101596406,1
941,rejection+true,3.338331126107119,0.06676340674360595,0.08312104037919556,100,30,2000,2000,0.1,1.0,1.0,1.0821957385103005,1.0821957385103005,0
941,rejection+hat,12.760930781150906,0.06134527598818142,0.07722104037919558,100,30,2000,2000,0.1,1.0,1.0,1.0821957385103005,1.0821957385103005,0
941,plugin+true,0.22846702651445452,0.1497569269360476,0.12327104037919563,100,30,2000,2000,0.1,1.0,1.0,1.0821957385103005,1.0821957385103005,0
941,plugin+hat,0.09345192145605369,0.14992257488511135,0.12337104037919562,100,30,2000,2000,0.1,1.0,1.0,1.0821957385103005,1.0821957385103005,0
942,rejection+true,2.135068261712694,0.5448282060523828,0.10189423926265759,100,30,2000,2000,0.1,1.0,1.0,0.856251822938405,0.856251822938405,1
942,rejection+hat,0.8733261623828429,0.4035356633365154,0.11834423926265743,100,30,2000,2000,0.1,1.0,1.0,0.856251822938405,0.856251822938405,1
942,plugin+true,0.02444754724726473,0.3095084017469631,0.13409423926265746,100,30,2000,2000,0.1,1.0,1.0,0.856251822938405,0.856251822938405,1
942,plugin+hat,0.03822547943598284,0.2965873860067315,0.13409423926265746,100,30,2000,2000,0.1,1.0,1.0,0.856251822938405,0.856251822938405,1
943,rejection+true,5.219718220435647,0.11126445233821869,0.035140773724198535,100,30,2000,2000,0.1,1.0,1.0,1.0600664025040376,1.0600664025040376,0
943,rejection+hat,5.219718220435647,0.11126445233821869,0.03474077372419852,100,30,2000,2000,0.1,1.0,1.0,1.0600664025040376,1.0600664025040376,0
943,plugin+true,2.135068261712694,-0.003039695628811438,0.04559077372419853,100,30,2000,2000,0.1,1.0,1.0,1.0600664025040376,1.0600664025040376,0
943,plugin+hat,0.558545842515421,-0.008743616527854861,0.048490773724198535,100,30,2000,2000,0.1,1.0,1.0,1.0600664025040376,1.0600664025040376,0
944,rejection+true,8.161400793251818,0.4295837140331666,0.0765668207959118,100,30,2000,2000,0.1,1.0,1.0,1.053042523099215,1.053042523099215,0
944,rejection+hat,8.161400793251818,0.4295837140331666,0.07701682079591161,100,30,2000,2000,0.1,1.0,1.0,1.053042523099215,1.053042523099215,0
944,plugin+true,0.1461187278110747,0.11187489950546041,0.12136682079591156,100,30,2000,2000,0.1,1.0,1.0,1.053042523099215,1.053042523099215,0
944,plugin+hat,1.3655075874659035,0.13123522895631673,0.07911682079591177,100,30,2000,2000,0.1,1.0,1.0,1.053042523099215,1.053042523099215,0
945,rejection+true,8.161400793251818,0.34188236364473906,0.040592767197351866,100,30,2000,2000,0.1,1.0,1.0,1.0387413297187311,1.0387413297187311,0
945,rejection+hat,8.161400793251818,0.34188236364473906,0.04129276719735181,100,30,2000,2000,0.1,1.0,1.0,1.0387413297187311,1.0387413297187311,0
945,plugin+true,0.05976825664072413,0.11147794993114446,-0.013957232802648135,100,30,2000,2000,0.1,1.0,1.0,1.0387413297187311,1.0387413297187311,0
945,plugin+hat,3.338331126107119,0.09426591339678832,0.04254276719735189,100,30,2000,2000,0.1,1.0,1.0,1.0387413297187311,1.0387413297187311,0
946,rejection+true,8.161400793251818,0.5527045289675396,0.08793458077917966,100,30,2000,2000,0.1,1.0,1.0,1.0210728769420345,1.0210728769420345,0
946,rejection+hat,8.161400793251818,0.5527045289675396,0.08783458077917967,100,30,2000,2000,0.1,1.0,1.0,1.0210728769420345,1.0210728769420345,0
946,plugin+true,0.02444754724726473,0.20962469260329225,0.13263458077917972,100,30,2000,2000,0.1,1.0,1.0,1.0210728769420345,1.0210728769420345,0
946,plugin+hat,5.219718220435647,0.21577070428374662,0.09078458077917964,100,30,2000,2000,0.1,1.0,1.0,1.0210728769420345,1.0210728769420345,0
947,rejection+true,0.01,0.1070126290122668,-0.016712405715486447,100,30,2000,2000,0.1,1.0,1.0,1.0034502079312089,1.0034502079312089,0
947,rejection+hat,0.01,0.1070126290122668,-0.016712405715486447,100,30,2000,2000,0.1,1.0,1.0,1.0034502079312089,1.0034502079312089,0
947,plugin+true,0.1461187278110747,0.19257569043713052,0.06888759428451363,100,30,2000,2000,0.1,1.0,1.0,1.0034502079312089,1.0034502079312089,0
947,plugin+hat,0.8733261623828429,0.1599183354346545,0.06318759428451369,100,30,2000,2000,0.1,1.0,1.0,1.0034502079312089,1.0034502079312089,0
948,rejection+true,0.01,-0.17401338908821348,0.011356872624868224,100,30,2000,2000,0.1,1.0,1.0,1.0553183062667648,1.0553183062667648,0
948,rejection+hat,0.01,-0.17401338908821348,0.011356872624868224,100,30,2000,2000,0.1,1.0,1.0,1.0553183062667648,1.0553183062667648,0
948,plugin+true,0.015635711447601203,0.2353441829864459,0.011356872624868224,100,30,2000,2000,0.1,1.0,1.0,1.0553183062667648,1.0553183062667648,0
948,plugin+hat,0.35722445018714644,0.22047609808138882,0.09410687262486817,100,30,2000,2000,0.1,1.0,1.0,1.0553183062667648,1.0553183062667648,0
949,rejection+true,2.135068261712694,0.3237565338611602,0.05464007332187791,100,30,2000,2000,0.1,1.0,1.0,0.9753984417483123,0.9753984417483123,1
949,rejection+hat,2.135068261712694,0.3237565338611602,0.04769007332187785,100,30,2000,2000,0.1,1.0,1.0,0.9753984417483123,0.9753984417483123,1
949,plugin+true,0.22846702651445452,0.37634486831728226,0.08594007332187788,100,30,2000,2000,0.1,1.0,1.0,0.9753984417483123,0.9753984417483123,1
949,plugin+hat,12.760930781150906,0.36772739846125047,0.03974007332187786,100,30,2000,2000,0.1,1.0,1.0,0.9753984417483123,0.9753984417483123,1
950,rejection+true,0.35722445018714644,0.23992493124678735,0.11193611571029981,100,30,2000,2000,0.1,1.0,1.0,1.0226830712327928,1.0226830712327928,0
950,rejection+hat,0.35722445018714644,0.23992493124678735,0.0727861157102996,100,30,2000,2000,0.1,1.0,1.0,1.0226830712327928,1.0226830712327928,0
950,plugin+true,0.02444754724726473,0.12104707408315289,0.11413611571029984,100,30,2000,2000,0.1,1.0,1.0,1.0226830712327928,1.0226830712327928,0
950,plugin+hat,1.3655075874659035,0.11807507766834772,0.0745361157102997,100,30,2000,2000,0.1,1.0,1.0,1.0226830712327928,1.0226830712327928,0
951,rejection+true,0.01,0.07602994125336407,0.068064064784993,100,30,2000,2000,0.1,1.0,1.0,1.1140744032529952,1.1140744032529952,0
951,rejection+hat,0.01,0.07602994125336407,0.068064064784993,100,30,2000,2000,0.1,1.0,1.0,1.1140744032529952,1.1140744032529952,0
951,plugin+true,0.09345192145605369,0.07725806404103809,0.068064064784993,100,30,2000,2000,0.1,1.0,1.0,1.1140744032529952,1.1140744032529952,0
951,plugin+hat,0.01,0.06394259597892334,0.068064064784993,100,30,2000,2000,0.1,1.0,1.0,1.1140744032529952,1.1140744032529952,0
952,rejection+true,0.01,0.041252982150763264,0.02037608357861831,100,30,2000,2000,0.1,1.0,1.0,0.8302427891126796,0.8302427891126796,1
952,rejection+hat,0.01,0.041252982150763264,0.02037608357861831,100,30,2000,2000,0.1,1.0,1.0,0.8302427891126796,0.8302427891126796,1
952,plugin+true,0.8733261623828429,0.0063249807249967675,0.11367608357861847,100,30,2000,2000,0.1,1.0,1.0,0.8302427891126796,0.8302427891126796,1
952,plugin+hat,1.3655075874659035,-0.002325471704969958,0.10262608357861847,100,30,2000,2000,0.1,1.0,1.0,0.8302427891126796,0.8302427891126796,1
953,rejection+true,0.22846702651445452,0.20437899207075433,0.1090808370594758,100,30,2000,2000,0.1,1.0,1.0,0.9821942160940687,0.9821942160940687,1
953,rejection+hat,0.22846702651445452,0.20437899207075433,0.11293083705947568,100,30,2000,2000,0.1,1.0,1.0,0.9821942160940687,0.9821942160940687,1
953,plugin+true,0.22846702651445452,0.16671034722693648,0.1090808370594758,100,30,2000,2000,0.1,1.0,1.0,0.9821942160940687,0.9821942160940687,1
953,plugin+hat,0.09345192145605369,0.134332721324878,0.11318083705947565,100,30,2000,2000,0.1,1.0,1.0,0.9821942160940687,0.9821942160940687,1
954,rejection+true,8.161400793251818,0.31219044619550307,0.04318579886031021,100,30,2000,2000,0.1,1.0,1.0,0.8721610206427179,0.8721610206427179,1
954,rejection+hat,8.161400793251818,0.31219044619550307,0.04488579886031025,100,30,2000,2000,0.1,1.0,1.0,0.8721610206427179,0.8721610206427179,1
954,plugin+true,12.760930781150906,0.14318960669186273,0.04043579886031021,100,30,2000,2000,0.1,1.0,1.0,0.8721610206427179,0.8721610206427179,1
954,plugin+hat,0.8733261623828429,0.19407007957234196,0.06758579886031027,100,30,2000,2000,0.1,1.0,1.0,0.8721610206427179,0.8721610206427179,1
955,rejection+true,0.8733261623828429,0.2215594325214624,0.10171198041747978,100,30,2000,2000,0.1,1.0,1.0,0.9327225121324271,0.9327225121324271,1
955,rejection+hat,0.8733261623828429,0.23527736179530626,0.09726198041747974,100,30,2000,2000,0.1,1.0,1.0,0.9327225121324271,0.9327225121324271,1
955,plugin+true,0.558545842515421,0.08952528317955587,0.11066198041747967,100,30,2000,2000,0.1,1.0,1.0,0.9327225121324271,0.9327225121324271,1
955,plugin+hat,0.015635711447601203,0.14966251974754308,0.011961980417479737,100,30,2000,2000,0.1,1.0,1.0,0.9327225121324271,0.9327225121324271,1
956,rejection+true,0.01,0.13203527368605134,-0.0033933910290236268,100,30,2000,2000,0.1,1.0,1.0,0.9072361831523795,0.9072361831523795,1
956,rejection+hat,0.01,0.13203527368605134,-0.0033933910290236268,100,30,2000,2000,0.1,1.0,1.0,0.9072361831523795,0.9072361831523795,1
956,plugin+true,0.558545842515421,0.21135529614568246,-0.0033933910290236268,100,30,2000,2000,0.1,1.0,1.0,0.9072361831523795,0.9072361831523795,1
956,plugin+hat,0.03822547943598284,0.21330773389493599,-0.0033933910290236268,100,30,2000,2000,0.1,1.0,1.0,0.9072361831523795,0.9072361831523795,1
957,rejection+true,5.219718220435647,0.3030018750578165,0.08820390262424103,100,30,2000,2000,0.1,1.0,1.0,0.9743524822102033,0.9743524822102033,1
957,rejection+hat,5.219718220435647,0.3030018750578165,0.0935039026242411,100,30,2000,2000,0.1,1.0,1.0,0.9743524822102033,0.9743524822102033,1
957,plugin+true,0.35722445018714644,0.25862890186006443,0.030753902624241068,100,30,2000,2000,0.1,1.0,1.0,0.9743524822102033,0.9743524822102033,1
957,plugin+hat,0.8733261623828429,0.2423376021690899,0.11155390262424093,100,30,2000,2000,0.1,1.0,1.0,0.9743524822102033,0.9743524822102033,1
958,rejection+true,3.338331126107119,0.19622356841961547,0.06198054554247317,100,30,2000,2000,0.1,1.0,1.0,0.9125779935451761,0.9125779935451761,1
958,rejection+hat,5.219718220435647,0.20717775225639343,0.06123054554247317,100,30,2000,2000,0.1,1.0,1.0,0.9125779935451761,0.9125779935451761,1
958,plugin+true,2.135068261712694,0.24041046504064817,0.08453054554247316,100,30,2000,2000,0.1,1.0,1.0,0.9125779935451761,0.9125779935451761,1
958,plugin+hat,3.338331126107119,0.24859037438942222,0.07043054554247309,100,30,2000,2000,0.1,1.0,1.0,0.9125779935451761,0.9125779935451761,1
959,rejection+true,5.219718220435647,0.4323320308700203,0.01168285024241404,100,30,2000,2000,0.1,1.0,1.0,1.0912163170487372,1.0912163170487372,0
959,rejection+hat,5.219718220435647,0.4323320308700203,0.012932850242414065,100,30,2000,2000,0.1,1.0,1.0,1.0912163170487372,1.0912163170487372,0
959,plugin+true,0.09345192145605369,0.23271516507019974,-0.046967149757586146,100,30,2000,2000,0.1,1.0,1.0,1.0912163170487372,1.0912163170487372,0
959,plugin+hat,0.015635711447601203,0.2776305263973969,-0.04691714975758615,100,30,2000,2000,0.1,1.0,1.0,1.0912163170487372,1.0912163170487372,0
960,rejection+true,19.952623149688797,0.19484031839917107,0.03694557957072798,100,30,2000,2000,0.1,1.0,1.0,0.9441879323721425,0.9441879323721425,1
960,rejection+hat,19.952623149688797,0.19484031839917107,0.03569557957072798,100,30,2000,2000,0.1,1.0,1.0,0.9441879323721425,0.9441879323721425,1
960,plugin+true,0.03822547943598284,0.1607165573146029,-0.016004420429272064,100,30,2000,2000,0.1,1.0,1.0,0.9441879323721425,0.9441879323721425,1
960,plugin+hat,3.338331126107119,0.21684925208545142,0.048595579570727965,100,30,2000,2000,0.1,1.0,1.0,0.9441879323721425,0.9441879323721425,1
961,rejection+true,3.338331126107119,0.07885597261289753,0.048233531991657856,100,30,2000,2000,0.1,1.0,1.0,1.0361975614152032,1.0361975614152032,0
961,rejection+hat,5.219718220435647,0.05344107936058815,0.04003353199165788,100,30,2000,2000,0.1,1.0,1.0,1.0361975614152032,1.0361975614152032,0
961,plugin+true,0.09345192145605369,0.07908484849007151,0.08278353199165779,100,30,2000,2000,0.1,1.0,1.0,1.0361975614152032,1.0361975614152032,0
961,plugin+hat,12.760930781150906,0.0904244370629439,0.03728353199165783,100,30,2000,2000,0.1,1.0,1.0,1.0361975614152032,1.0361975614152032,0
962,rejection+true,0.8733261623828429,0.4762575487916668,0.0788736966692322,100,30,2000,2000,0.1,1.0,1.0,0.9998282002036735,0.9998282002036735,1
962,rejection+hat,0.8733261623828429,0.4762575487916668,0.07852369666923224,100,30,2000,2000,0.1,1.0,1.0,0.9998282002036735,0.9998282002036735,1
962,plugin+true,0.558545842515421,0.25449708116763625,0.08307369666923224,100,30,2000,2000,0.1,1.0,1.0,0.9998282002036735,0.9998282002036735,1
962,plugin+hat,0.02444754724726473,0.33350700849183207,0.1005736966692323,100,30,2000,2000,0.1,1.0,1.0,0.9998282002036735,0.9998282002036735,1
963,rejection+true,0.01,-0.0578195412332813,0.08978768321693673,100,30,2000,2000,0.1,1.0,1.0,1.0359329631382592,1.0359329631382592,0
963,rejection+hat,0.01,-0.0578195412332813,0.08978768321693673,100,30,2000,2000,0.1,1.0,1.0,1.0359329631382592,1.0359329631382592,0
963,plugin+true,3.338331126107119,0.04377427092456578,0.04818768321693689,100,30,2000,2000,0.1,1.0,1.0,1.0359329631382592,1.0359329631382592,0
963,plugin+hat,5.219718220435647,0.05964454595748873,0.05208768321693694,100,30,2000,2000,0.1,1.0,1.0,1.0359329631382592,1.0359329631382592,0
964,rejection+true,1.3655075874659035,0.23557865582406526,0.113875835191709,100,30,2000,2000,0.1,1.0,1.0,0.9259702964508594,0.9259702964508594,1
964,rejection+hat,1.3655075874659035,0.23015610737105216,0.11217583519170904,100,30,2000,2000,0.1,1.0,1.0,0.9259702964508594,0.9259702964508594,1
964,plugin+true,3.338331126107119,0.2060943942041916,0.10157583519170885,100,30,2000,2000,0.1,1.0,1.0,0.9259702964508594,0.9259702964508594,1
964,plugin+hat,0.1461187278110747,0.22161819585575876,0.041475835191708985,100,30,2000,2000,0.1,1.0,1.0,0.9259702964508594,0.9259702964508594,1
965,rejection+true,3.338331126107119,0.08209960808356605,0.03719198785131988,100,30,2000,2000,0.1,1.0,1.0,1.0522041287389472,1.0522041287389472,0
965,rejection+hat,2.135068261712694,0.03503410120805105,0.038441987851319866,100,30,2000,2000,0.1,1.0,1.0,1.0522041287389472,1.0522041287389472,0
965,plugin+true,0.01,-0.0882880482124768,0.07284198785131979,100,30,2000,2000,0.1,1.0,1.0,1.0522041287389472,1.0522041287389472,0
965,plugin+hat,0.05976825664072413,-0.09390742636108733,0.07284198785131979,100,30,2000,2000,0.1,1.0,1.0,1.0522041287389472,1.0522041287389472,0
966,rejection+true,8.161400793251818,0.28077541490395863,0.06428242385655004,100,30,2000,2000,0.1,1.0,1.0,1.0190057871925091,1.0190057871925091,0
966,rejection+hat,0.35722445018714644,0.31575710127751033,0.09728242385655003,100,30,2000,2000,0.1,1.0,1.0,1.0190057871925091,1.0190057871925091,0
966,plugin+true,5.219718220435647,0.2145938645532862,0.06843242385654995,100,30,2000,2000,0.1,1.0,1.0,1.0190057871925091,1.0190057871925091,0
966,plugin+hat,1.3655075874659035,0.18443456557038912,0.08038242385654999,100,30,2000,2000,0.1,1.0,1.0,1.0190057871925091,1.0190057871925091,0
967,rejection+true,12.760930781150906,-0.1708776901165644,0.047011758722114744,100,30,2000,2000,0.1,1.0,1.0,1.0880158956190618,1.0880158956190618,0
967,rejection+hat,2.135068261712694,-0.167385112742583,0.06186175872211478,100,30,2000,2000,0.1,1.0,1.0,1.0880158956190618,1.0880158956190618,0
967,plugin+true,0.8733261623828429,-0.0012046331044276008,0.08866175872211474,100,30,2000,2000,0.1,1.0,1.0,1.0880158956190618,1.0880158956190618,0
967,plugin+hat,0.02444754724726473,-0.01441853567299175,0.0936617587221148,100,30,2000,2000,0.1,1.0,1.0,1.0880158956190618,1.0880158956190618,0
968,rejection+true,0.22846702651445452,0.22137902850906058,-0.013016721661023183,100,30,2000,2000,0.1,1.0,1.0,1.0448931340886063,1.0448931340886063,0
968,rejection+hat,0.22846702651445452,0.22137902850906058,-0.013016721661023186,100,30,2000,2000,0.1,1.0,1.0,1.0448931340886063,1.0448931340886063,0
968,plugin+true,5.219718220435647,0.2439206709748427,0.04363327833897691,100,30,2000,2000,0.1,1.0,1.0,1.0448931340886063,1.0448931340886063,0
968,plugin+hat,5.219718220435647,0.2555070014732002,0.04168327833897687,100,30,2000,2000,0.1,1.0,1.0,1.0448931340886063,1.0448931340886063,0
969,rejection+true,19.952623149688797,0.3244475385795037,0.06662898089306007,100,30,2000,2000,0.1,1.0,1.0,0.9910831202357285,0.9910831202357285,1
969,rejection+hat,19.952623149688797,0.3244475385795037,0.06652898089306016,100,30,2000,2000,0.1,1.0,1.0,0.9910831202357285,0.9910831202357285,1
969,plugin+true,0.558545842515421,0.24877898823549954,0.11507898089306012,100,30,2000,2000,0.1,1.0,1.0,0.9910831202357285,0.9910831202357285,1
969,plugin+hat,0.22846702651445452,0.18435650953140148,0.01622898089306007,100,30,2000,2000,0.1,1.0,1.0,0.9910831202357285,0.9910831202357285,1
970,rejection+true,1.3655075874659035,0.21621708795428277,0.08098379700128652,100,30,2000,2000,0.1,1.0,1.0,1.0493023958825773,1.0493023958825773,0
970,rejection+hat,1.3655075874659035,0.21621708795428277,0.08963379700128664,100,30,2000,2000,0.1,1.0,1.0,1.0493023958825773,1.0493023958825773,0
970,plugin+true,0.1461187278110747,0.12204436620645798,0.006883797001286595,100,30,2000,2000,0.1,1.0,1.0,1.0493023958825773,1.0493023958825773,0
970,plugin+hat,0.05976825664072413,0.12606663406176574,0.007183797001286591,100,30,2000,2000,0.1,1.0,1.0,1.0493023958825773,1.0493023958825773,0
971,rejection+true,0.01,0.0791485905336837,-0.053354467080478994,100,30,2000,2000,0.1,1.0,1.0,1.0215358309073783,1.0215358309073783,0
971,rejection+hat,0.01,0.0791485905336837,-0.053354467080478994,100,30,2000,2000,0.1,1.0,1.0,1.0215358309073783,1.0215358309073783,0
971,plugin+true,5.219718220435647,0.19261646196718046,0.004845532919520921,100,30,2000,2000,0.1,1.0,1.0,1.0215358309073783,1.0215358309073783,0
971,plugin+hat,0.01,0.17596128359653135,-0.053354467080478994,100,30,2000,2000,0.1,1.0,1.0,1.0215358309073783,1.0215358309073783,0
972,rejection+true,0.02444754724726473,0.27715099590520065,0.09602668472127983,100,30,2000,2000,0.1,1.0,1.0,0.9445285091481093,0.9445285091481093,1
972,rejection+hat,0.02444754724726473,0.27715099590520065,0.09602668472127983,100,30,2000,2000,0.1,1.0,1.0,0.9445285091481093,0.9445285091481093,1
972,plugin+true,8.161400793251818,0.26533019686168174,0.04632668472127966,100,30,2000,2000,0.1,1.0,1.0,0.9445285091481093,0.9445285091481093,1
972,plugin+hat,0.01,0.2592133941836766,0.09602668472127983,100,30,2000,2000,0.1,1.0,1.0,0.9445285091481093,0.9445285091481093,1
973,rejection+true,5.219718220435647,-0.034273400623351345,0.08026820702761563,100,30,2000,2000,0.1,1.0,1.0,0.9739414428927102,0.9739414428927102,1
973,rejection+hat,5.219718220435647,-0.034273400623351345,0.07971820702761555,100,30,2000,2000,0.1,1.0,1.0,0.9739414428927102,0.9739414428927102,1
973,plugin+true,0.558545842515421,-0.0772051400176801,0.10266820702761564,100,30,2000,2000,0.1,1.0,1.0,0.9739414428927102,0.9739414428927102,1
973,plugin+hat,0.02444754724726473,-0.030325532218422057,0.024068207027615644,100,30,2000,2000,0.1,1.0,1.0,0.9739414428927102,0.9739414428927102,1
974,rejection+true,8.161400793251818,0.1380241981397073,0.04274363457251032,100,30,2000,2000,0.1,1.0,1.0,0.9691010115371053,0.9691010115371053,1
974,rejection+hat,3.338331126107119,0.14827651344239712,0.05259363457251041,100,30,2000,2000,0.1,1.0,1.0,0.9691010115371053,0.9691010115371053,1
974,plugin+true,0.02444754724726473,0.1990633138887299,-0.011106365427489695,100,30,2000,2000,0.1,1.0,1.0,0.9691010115371053,0.9691010115371053,1
974,plugin+hat,1.3655075874659035,0.16585867570276241,0.052493634572510446,100,30,2000,2000,0.1,1.0,1.0,0.9691010115371053,0.9691010115371053,1
975,rejection+true,2.135068261712694,0.07141444943845274,0.1069639623515482,100,30,2000,2000,0.1,1.0,1.0,0.9957982583820737,0.9957982583820737,1
975,rejection+hat,2.135068261712694,0.07141444943845274,0.10836396235154822,100,30,2000,2000,0.1,1.0,1.0,0.9957982583820737,0.9957982583820737,1
975,plugin+true,5.219718220435647,0.16789534730226863,0.0900139623515483,100,30,2000,2000,0.1,1.0,1.0,0.9957982583820737,0.9957982583820737,1
975,plugin+hat,0.01,0.14159411427381588,0.034413962351548186,100,30,2000,2000,0.1,1.0,1.0,0.9957982583820737,0.9957982583820737,1
976,rejection+true,1.3655075874659035,0.07963237710452328,0.06855739247179153,100,30,2000,2000,0.1,1.0,1.0,0.9234924373726161,0.9234924373726161,1
976,rejection+hat,1.3655075874659035,0.07963237710452328,0.07515739247179164,100,30,2000,2000,0.1,1.0,1.0,0.9234924373726161,0.9234924373726161,1
976,plugin+true,0.05976825664072413,0.2192523493928677,0.003457392471791643,100,30,2000,2000,0.1,1.0,1.0,0.9234924373726161,0.9234924373726161,1
976,plugin+hat,0.35722445018714644,0.21862584453531314,0.004457392471791644,100,30,2000,2000,0.1,1.0,1.0,0.9234924373726161,0.9234924373726161,1
977,rejection+true,3.338331126107119,0.16480485703796152,0.06007594199213542,100,30,2000,2000,0.1,1.0,1.0,0.8997159970766725,0.8997159970766725,1
977,rejection+hat,0.8733261623828429,0.20349187677105268,0.09482594199213526,100,30,2000,2000,0.1,1.0,1.0,0.8997159970766725,0.8997159970766725,1
977,plugin+true,0.01,0.10287030673568834,0.09522594199213526,100,30,2000,2000,0.1,1.0,1.0,0.8997159970766725,0.8997159970766725,1
977,plugin+hat,2.135068261712694,0.13000082683556852,0.07577594199213532,100,30,2000,2000,0.1,1.0,1.0,0.8997159970766725,0.8997159970766725,1
978,rejection+true,0.01,0.13427872400109966,0.07843331595640488,100,30,2000,2000,0.1,1.0,1.0,0.8890170434318058,0.8890170434318058,1
978,rejection+hat,1.3655075874659035,0.17704355483874679,0.040483315956404815,100,30,2000,2000,0.1,1.0,1.0,0.8890170434318058,0.8890170434318058,1
978,plugin+true,0.01,0.15095604546305547,0.07843331595640488,100,30,2000,2000,0.1,1.0,1.0,0.8890170434318058,0.8890170434318058,1
978,plugin+hat,0.8733261623828429,0.18567763101757698,0.0768333159564048,100,30,2000,2000,0.1,1.0,1.0,0.8890170434318058,0.8890170434318058,1
979,rejection+true,0.8733261623828429,0.11542305583134294,0.09382849243859104,100,30,2000,2000,0.1,1.0,1.0,1.0621808129489048,1.0621808129489048,0
979,rejection+hat,0.22846702651445452,0.14475520486012097,-0.005321507561408815,100,30,2000,2000,0.1,1.0,1.0,1.0621808129489048,1.0621808129489048,0
979,plugin+true,0.01,0.1538347277365521,0.09437849243859102,100,30,2000,2000,0.1,1.0,1.0,1.0621808129489048,1.0621808129489048,0
979,plugin+hat,0.09345192145605369,0.1427529526682699,0.09437849243859102,100,30,2000,2000,0.1,1.0,1.0,1.0621808129489048,1.0621808129489048,0
980,rejection+true,0.01,0.033948563458397994,-0.010511420511622753,100,30,2000,2000,0.1,1.0,1.0,0.8971417030121094,0.8971417030121094,1
980,rejection+hat,0.01,0.033948563458397994,-0.010511420511622753,100,30,2000,2000,0.1,1.0,1.0,0.8971417030121094,0.8971417030121094,1
980,plugin+true,0.1461187278110747,0.04326540086987665,-0.010411420511622752,100,30,2000,2000,0.1,1.0,1.0,0.8971417030121094,0.8971417030121094,1
980,plugin+hat,12.760930781150906,0.048349777786333106,0.039888579488377235,100,30,2000,2000,0.1,1.0,1.0,0.8971417030121094,0.8971417030121094,1
981,rejection+true,0.35722445018714644,0.4917584232869559,0.07177524427227436,100,30,2000,2000,0.1,1.0,1.0,0.946268078971614,0.946268078971614,1
981,rejection+hat,0.8733261623828429,0.4865686717016312,0.0551752442722743,100,30,2000,2000,0.1,1.0,1.0,0.946268078971614,0.946268078971614,1
981,plugin+true,0.05976825664072413,0.4876510942265824,0.07182524427227438,100,30,2000,2000,0.1,1.0,1.0,0.946268078971614,0.946268078971614,1
981,plugin+hat,0.05976825664072413,0.47587705735066105,0.07182524427227438,100,30,2000,2000,0.1,1.0,1.0,0.946268078971614,0.946268078971614,1
982,rejection+true,0.558545842515421,0.046212604579826205,0.062614950456915,100,30,2000,2000,0.1,1.0,1.0,0.9967526007277596,0.9967526007277596,1
982,rejection+hat,0.558545842515421,0.046212604579826205,0.062614950456915,100,30,2000,2000,0.1,1.0,1.0,0.9967526007277596,0.9967526007277596,1
982,plugin+true,0.02444754724726473,0.09822598542837462,-0.02413504954308501,100,30,2000,2000,0.1,1.0,1.0,0.9967526007277596,0.9967526007277596,1
982,plugin+hat,0.22846702651445452,0.123855060442955,-0.02413504954308501,100,30,2000,2000,0.1,1.0,1.0,0.9967526007277596,0.9967526007277596,1
983,rejection+true,0.35722445018714644,0.08161202867825826,0.0679565348457739,100,30,2000,2000,0.1,1.0,1.0,0.9741933055723747,0.9741933055723747,1
983,rejection+hat,0.35722445018714644,0.08161202867825826,0.0679565348457739,100,30,2000,2000,0.1,1.0,1.0,0.9741933055723747,0.9741933055723747,1
983,plugin+true,1.3655075874659035,0.1645581055064643,0.048106534845773895,100,30,2000,2000,0.1,1.0,1.0,0.9741933055723747,0.9741933055723747,1
983,plugin+hat,0.015635711447601203,0.14581811143803403,0.0679565348457739,100,30,2000,2000,0.1,1.0,1.0,0.9741933055723747,0.9741933055723747,1
984,rejection+true,0.01,0.2567348453604305,-0.03592064330367554,100,30,2000,2000,0.1,1.0,1.0,1.0385280790648328,1.0385280790648328,0
984,rejection+hat,0.01,0.2567348453604305,-0.03592064330367554,100,30,2000,2000,0.1,1.0,1.0,1.0385280790648328,1.0385280790648328,0
984,plugin+true,0.09345192145605369,0.16908140947177122,-0.03592064330367554,100,30,2000,2000,0.1,1.0,1.0,1.0385280790648328,1.0385280790648328,0
984,plugin+hat,0.09345192145605369,0.19795628963771822,-0.03592064330367554,100,30,2000,2000,0.1,1.0,1.0,1.0385280790648328,1.0385280790648328,0
985,rejection+true,0.558545842515421,0.4649195011705161,0.13022338293572444,100,30,2000,2000,0.1,1.0,1.0,0.9699745697895982,0.9699745697895982,1
985,rejection+hat,0.8733261623828429,0.40024365695814285,0.1327233829357243,100,30,2000,2000,0.1,1.0,1.0,0.9699745697895982,0.9699745697895982,1
985,plugin+true,1.3655075874659035,0.051961838759058174,0.1400733829357243,100,30,2000,2000,0.1,1.0,1.0,0.9699745697895982,0.9699745697895982,1
985,plugin+hat,0.02444754724726473,0.08896285216719212,0.1552233829357239,100,30,2000,2000,0.1,1.0,1.0,0.9699745697895982,0.9699745697895982,1
986,rejection+true,0.01,-0.0237561879058679,-0.04298998452899093,100,30,2000,2000,0.1,1.0,1.0,1.0789651172762933,1.0789651172762933,0
986,rejection+hat,0.01,-0.0237561879058679,-0.04298998452899093,100,30,2000,2000,0.1,1.0,1.0,1.0789651172762933,1.0789651172762933,0
986,plugin+true,0.8733261623828429,0.12342170006307707,0.051060015471009135,100,30,2000,2000,0.1,1.0,1.0,1.0789651172762933,1.0789651172762933,0
986,plugin+hat,0.09345192145605369,0.15649258862322593,-0.04298998452899093,100,30,2000,2000,0.1,1.0,1.0,1.0789651172762933,1.0789651172762933,0
987,rejection+true,0.01,0.299715203853945,-0.017916194432913216,100,30,2000,2000,0.1,1.0,1.0,0.8799228377263465,0.8799228377263465,1
987,rejection+hat,0.01,0.299715203853945,-0.017916194432913216,100,30,2000,2000,0.1,1.0,1.0,0.8799228377263465,0.8799228377263465,1
987,plugin+true,0.8733261623828429,0.20605181924014176,0.0762338055670869,100,30,2000,2000,0.1,1.0,1.0,0.8799228377263465,0.8799228377263465,1
987,plugin+hat,0.8733261623828429,0.25715093461836974,0.0411338055670867,100,30,2000,2000,0.1,1.0,1.0,0.8799228377263465,0.8799228377263465,1
988,rejection+true,8.161400793251818,0.3363497368991375,0.09195787937753125,100,30,2000,2000,0.1,1.0,1.0,1.041826262866462,1.041826262866462,0
988,rejection+hat,8.161400793251818,0.3363497368991375,0.09475787937753116,100,30,2000,2000,0.1,1.0,1.0,1.041826262866462,1.041826262866462,0
988,plugin+true,0.1461187278110747,0.05062892090061079,0.1404078793775312,100,30,2000,2000,0.1,1.0,1.0,1.041826262866462,1.041826262866462,0
988,plugin+hat,0.05976825664072413,0.07709153186530668,0.14050787937753118,100,30,2000,2000,0.1,1.0,1.0,1.041826262866462,1.041826262866462,0
989,rejection+true,0.01,0.3244617490408322,0.07979706514500409,100,30,2000,2000,0.1,1.0,1.0,1.0889468267524252,1.0889468267524252,0
989,rejection+hat,0.01,0.3244617490408322,0.07979706514500409,100,30,2000,2000,0.1,1.0,1.0,1.0889468267524252,1.0889468267524252,0
989,plugin+true,0.22846702651445452,0.21900787259497,0.07979706514500409,100,30,2000,2000,0.1,1.0,1.0,1.0889468267524252,1.0889468267524252,0
989,plugin+hat,0.35722445018714644,0.24566473579800358,0.07979706514500409,100,30,2000,2000,0.1,1.0,1.0,1.0889468267524252,1.0889468267524252,0
990,rejection+true,0.22846702651445452,0.25717831427852306,0.10251221985726258,100,30,2000,2000,0.1,1.0,1.0,1.0387362323302483,1.0387362323302483,0
990,rejection+hat,0.22846702651445452,0.25717831427852306,0.10251221985726258,100,30,2000,2000,0.1,1.0,1.0,1.0387362323302483,1.0387362323302483,0
990,plugin+true,0.015635711447601203,0.23195504222241822,0.10251221985726258,100,30,2000,2000,0.1,1.0,1.0,1.0387362323302483,1.0387362323302483,0
990,plugin+hat,0.015635711447601203,0.24415089143207808,0.10251221985726258,100,30,2000,2000,0.1,1.0,1.0,1.0387362323302483,1.0387362323302483,0
991,rejection+true,8.161400793251818,0.09204005797704061,0.11442788233121765,100,30,2000,2000,0.1,1.0,1.0,0.9180367459296328,0.9180367459296328,1
991,rejection+hat,8.161400793251818,0.09204005797704061,0.1124778823312177,100,30,2000,2000,0.1,1.0,1.0,0.9180367459296328,0.9180367459296328,1
991,plugin+true,0.558545842515421,0.17564638501085078,0.13747788233121783,100,30,2000,2000,0.1,1.0,1.0,0.9180367459296328,0.9180367459296328,1
991,plugin+hat,0.09345192145605369,0.1767609557990723,0.05987788233121791,100,30,2000,2000,0.1,1.0,1.0,0.9180367459296328,0.9180367459296328,1
992,rejection+true,0.01,0.32922271678883885,0.13482678298053108,100,30,2000,2000,0.1,1.0,1.0,0.9918461171761295,0.9918461171761295,1
992,rejection+hat,0.01,0.32922271678883885,0.13482678298053108,100,30,2000,2000,0.1,1.0,1.0,0.9918461171761295,0.9918461171761295,1
992,plugin+true,0.03822547943598284,0.2031409477260297,0.13482678298053108,100,30,2000,2000,0.1,1.0,1.0,0.9918461171761295,0.9918461171761295,1
992,plugin+hat,0.8733261623828429,0.25008030409573767,0.1168767829805311,100,30,2000,2000,0.1,1.0,1.0,0.9918461171761295,0.9918461171761295,1
993,rejection+true,8.161400793251818,0.05248299911618234,0.03427729139068879,100,30,2000,2000,0.1,1.0,1.0,1.084452894427178,1.084452894427178,0
993,rejection+hat,8.161400793251818,0.05248299911618234,0.03112729139068877,100,30,2000,2000,0.1,1.0,1.0,1.084452894427178,1.084452894427178,0
993,plugin+true,0.02444754724726473,-0.00478027046975616,-0.021622708609311224,100,30,2000,2000,0.1,1.0,1.0,1.084452894427178,1.084452894427178,0
993,plugin+hat,19.952623149688797,0.04129315569482912,0.03232729139068878,100,30,2000,2000,0.1,1.0,1.0,1.084452894427178,1.084452894427178,0
994,rejection+true,8.161400793251818,0.24633177717526755,0.036932199709976826,100,30,2000,2000,0.1,1.0,1.0,1.0686658718254538,1.0686658718254538,0
994,rejection+hat,8.161400793251818,0.24633177717526755,0.03663219970997682,100,30,2000,2000,0.1,1.0,1.0,1.0686658718254538,1.0686658718254538,0
994,plugin+true,0.02444754724726473,0.2662520845701273,0.08298219970997686,100,30,2000,2000,0.1,1.0,1.0,1.0686658718254538,1.0686658718254538,0
994,plugin+hat,0.015635711447601203,0.2679689984807962,0.08298219970997686,100,30,2000,2000,0.1,1.0,1.0,1.0686658718254538,1.0686658718254538,0
995,rejection+true,8.161400793251818,-0.04116130731999875,0.08753223118578657,100,30,2000,2000,0.1,1.0,1.0,1.054388778097824,1.054388778097824,0
995,rejection+hat,0.8733261623828429,-0.061171743397911385,0.07123223118578646,100,30,2000,2000,0.1,1.0,1.0,1.054388778097824,1.054388778097824,0
995,plugin+true,0.09345192145605369,0.11338412473354127,0.12978223118578658,100,30,2000,2000,0.1,1.0,1.0,1.054388778097824,1.054388778097824,0
995,plugin+hat,0.1461187278110747,0.12405074903865951,0.12973223118578658,100,30,2000,2000,0.1,1.0,1.0,1.054388778097824,1.054388778097824,0
996,rejection+true,2.135068261712694,0.2394275362292925,0.09441541616618292,100,30,2000,2000,0.1,1.0,1.0,0.9706357699213933,0.9706357699213933,1
996,rejection+hat,2.135068261712694,0.21835617522398634,0.10346541616618296,100,30,2000,2000,0.1,1.0,1.0,0.9706357699213933,0.9706357699213933,1
996,plugin+true,5.219718220435647,0.09055549477936439,0.090765416166183,100,30,2000,2000,0.1,1.0,1.0,0.9706357699213933,0.9706357699213933,1
996,plugin+hat,0.03822547943598284,0.10435293814456514,0.12841541616618296,100,30,2000,2000,0.1,1.0,1.0,0.9706357699213933,0.9706357699213933,1
997,rejection+true,0.01,0.0858691324790319,0.08180016977505494,100,30,2000,2000,0.1,1.0,1.0,1.0668193516764102,1.0668193516764102,0
997,rejection+hat,0.01,0.0858691324790319,0.08180016977505494,100,30,2000,2000,0.1,1.0,1.0,1.0668193516764102,1.0668193516764102,0
997,plugin+true,0.558545842515421,-0.011649822739593908,0.07860016977505495,100,30,2000,2000,0.1,1.0,1.0,1.0668193516764102,1.0668193516764102,0
997,plugin+hat,8.161400793251818,-0.004023272943541325,0.03710016977505484,100,30,2000,2000,0.1,1.0,1.0,1.0668193516764102,1.0668193516764102,0
998,rejection+true,3.338331126107119,0.2724381058166425,0.0667708466882309,100,30,2000,2000,0.1,1.0,1.0,1.0160747502830723,1.0160747502830723,0
998,rejection+hat,3.338331126107119,0.26180285351971777,0.06927084668823079,100,30,2000,2000,0.1,1.0,1.0,1.0160747502830723,1.0160747502830723,0
998,plugin+true,0.09345192145605369,0.28428626199248874,0.00542084668823084,100,30,2000,2000,0.1,1.0,1.0,1.0160747502830723,1.0160747502830723,0
998,plugin+hat,0.558545842515421,0.27804432088413705,0.07327084668823095,100,30,2000,2000,0.1,1.0,1.0,1.0160747502830723,1.0160747502830723,0
999,rejection+true,0.01,0.45270043164491663,-0.00901652413953573,100,30,2000,2000,0.1,1.0,1.0,1.0449343270734612,1.0449343270734612,0
999,rejection+hat,0.01,0.45270043164491663,-0.00901652413953573,100,30,2000,2000,0.1,1.0,1.0,1.0449343270734612,1.0449343270734612,0
999,plugin+true,0.01,0.4543133432873215,-0.00901652413953573,100,30,2000,2000,0.1,1.0,1.0,1.0449343270734612,1.0449343270734612,0
999,plugin+hat,0.015635711447601203,0.41976229570850376,-0.00901652413953573,100,30,2000,2000,0.1,1.0,1.0,1.0449343270734612,1.0449343270734612,0
