split_seed,feature_setting,train_mode,algo,hyperparams,phase,n_sites_total,n_sites_finite,mean,median,std,p10,p25,p75,p90,min,max
0,baseline,per_site,LinUCB,alpha=0.1,test,232,212,0.3818480428727668,0.3935483870967742,0.32442441498321195,0.0,0.0,0.5797511312217194,1.0,0.0,1.0
0,baseline,per_site,LinUCB,alpha=0.1,train,232,211,0.3379166090033478,0.2916666666666667,0.31542089656508404,0.0,0.0,0.5,0.8,0.0,1.0
0,baseline,per_site,LinUCB,alpha=0.5,test,232,212,0.38353707635386425,0.4,0.3236734254988684,0.0,0.0,0.578525641025641,1.0,0.0,1.0
0,baseline,per_site,LinUCB,alpha=0.5,train,232,211,0.333681047879791,0.2857142857142857,0.31206878255948317,0.0,0.0,0.5,0.8,0.0,1.0
0,baseline,per_site,LinUCB,alpha=1.0,test,232,212,0.38387516206671257,0.4,0.32368593948504365,0.0,0.0,0.5744047619047619,1.0,0.0,1.0
0,baseline,per_site,LinUCB,alpha=1.0,train,232,211,0.3345223680725961,0.2857142857142857,0.31135824087242503,0.0,0.0,0.5,0.8,0.0,1.0
0,baseline,per_site,LinUCB,alpha=2.0,test,232,212,0.38317915673682873,0.3944444444444445,0.32354961687287886,0.0,0.0,0.5744047619047619,1.0,0.0,1.0
0,baseline,per_site,LinUCB,alpha=2.0,train,232,211,0.3367692498731,0.2777777777777778,0.3126512792018136,0.0,0.0,0.5,0.8,0.0,1.0
0,baseline,per_site,LinearTS,"lam=0.1,sigma=0.1",test,232,196,0.38886284399444265,0.375,0.3010158037862731,0.0,0.1607142857142857,0.5756302521008403,0.8166666666666667,0.0,1.0
0,baseline,per_site,LinearTS,"lam=0.1,sigma=0.1",train,232,188,0.36723089927450697,0.3333333333333333,0.3063421036726291,0.0,0.044117647058823525,0.5555555555555556,0.7784615384615389,0.0,1.0
0,baseline,per_site,LinearTS,"lam=0.1,sigma=0.5",test,232,196,0.3930932818543393,0.3904761904761905,0.30156799023011377,0.0,0.15668202764976957,0.5845588235294118,0.8166666666666667,0.0,1.0
0,baseline,per_site,LinearTS,"lam=0.1,sigma=0.5",train,232,188,0.3696780110546186,0.3333333333333333,0.3069758097713688,0.0,0.041666666666666664,0.5555555555555556,0.8,0.0,1.0
0,baseline,per_site,LinearTS,"lam=0.1,sigma=1.0",test,232,196,0.3928376612907426,0.3956521739130435,0.3017470859652385,0.0,0.15413533834586465,0.5845588235294118,0.8166666666666667,0.0,1.0
0,baseline,per_site,LinearTS,"lam=0.1,sigma=1.0",train,232,188,0.3684581106484962,0.3333333333333333,0.3073234868854604,0.0,0.041666666666666664,0.5555555555555556,0.8,0.0,1.0
0,baseline,per_site,LinearTS,"lam=1.0,sigma=0.1",test,232,196,0.38459590326871107,0.375,0.2993928904485925,0.0,0.13839285714285715,0.5647321428571428,0.775,0.0,1.0
0,baseline,per_site,LinearTS,"lam=1.0,sigma=0.1",train,232,188,0.365497790599633,0.3333333333333333,0.3041155108506565,0.0,0.039473684210526314,0.5388888888888889,0.7784615384615389,0.0,1.0
0,baseline,per_site,LinearTS,"lam=1.0,sigma=0.5",test,232,196,0.3917287336070309,0.375,0.30106753418991944,0.0,0.16666666666666666,0.5845588235294118,0.8166666666666667,0.0,1.0
0,baseline,per_site,LinearTS,"lam=1.0,sigma=0.5",train,232,188,0.36530705321870044,0.3333333333333333,0.3050021670448436,0.0,0.038461538461538464,0.5427350427350427,0.7650000000000006,0.0,1.0
0,baseline,per_site,LinearTS,"lam=1.0,sigma=1.0",test,232,196,0.3911836720097043,0.375,0.30016478636826865,0.0,0.16666666666666666,0.5744047619047619,0.8166666666666667,0.0,1.0
0,baseline,per_site,LinearTS,"lam=1.0,sigma=1.0",train,232,188,0.3679225643103536,0.3333333333333333,0.3054272770661224,0.0,0.038461538461538464,0.5555555555555556,0.8,0.0,1.0
0,baseline,per_site,LinearTS,"lam=10.0,sigma=0.1",test,232,196,0.3859520252016351,0.4,0.3006660184905176,0.0,0.1349206349206349,0.5595238095238095,0.775,0.0,1.0
0,baseline,per_site,LinearTS,"lam=10.0,sigma=0.1",train,232,188,0.3781026325153511,0.36602870813397126,0.3071099381336327,0.0,0.05,0.5388888888888889,0.8100000000000004,0.0,1.0
0,baseline,per_site,LinearTS,"lam=10.0,sigma=0.5",test,232,196,0.38085246368677467,0.375,0.2978163799686376,0.0,0.125,0.5555555555555556,0.775,0.0,1.0
0,baseline,per_site,LinearTS,"lam=10.0,sigma=0.5",train,232,188,0.3684131614082293,0.3333333333333333,0.304212786771305,0.0,0.05,0.5572916666666667,0.8,0.0,1.0
0,baseline,per_site,LinearTS,"lam=10.0,sigma=1.0",test,232,196,0.384617030787139,0.3935483870967742,0.29920219232041256,0.0,0.125,0.5555555555555556,0.8,0.0,1.0
0,baseline,per_site,LinearTS,"lam=10.0,sigma=1.0",train,232,188,0.36580102356982086,0.3333333333333333,0.30365837636708964,0.0,0.037500000000000006,0.5073529411764706,0.8,0.0,1.0
0,baseline,per_site,RandomPolicy,,test,232,206,0.3834272940125356,0.3333333333333333,0.31009153426640873,0.0,0.10277777777777777,0.5803571428571429,0.8452380952380952,0.0,1.0
0,baseline,per_site,RandomPolicy,,train,232,196,0.36502387190379776,0.3333333333333333,0.30825314715859753,0.0,0.0,0.5744047619047619,0.75,0.0,1.0
0,baseline,pooled,LinUCB,alpha=0.1,test,232,212,0.3818480428727668,0.3935483870967742,0.32442441498321195,0.0,0.0,0.5797511312217194,1.0,0.0,1.0
0,baseline,pooled,LinUCB,alpha=0.1,train,1,1,0.39813193228254523,0.39813193228254523,0.0,0.39813193228254523,0.39813193228254523,0.39813193228254523,0.39813193228254523,0.39813193228254523,0.39813193228254523
0,baseline,pooled,LinUCB,alpha=0.5,test,232,212,0.38353707635386425,0.4,0.3236734254988684,0.0,0.0,0.578525641025641,1.0,0.0,1.0
0,baseline,pooled,LinUCB,alpha=0.5,train,1,1,0.3488045007032349,0.3488045007032349,0.0,0.3488045007032349,0.3488045007032349,0.3488045007032349,0.3488045007032349,0.3488045007032349,0.3488045007032349
0,baseline,pooled,LinUCB,alpha=1.0,test,232,212,0.38387516206671257,0.4,0.32368593948504365,0.0,0.0,0.5744047619047619,1.0,0.0,1.0
0,baseline,pooled,LinUCB,alpha=1.0,train,1,1,0.34460887949260044,0.34460887949260044,0.0,0.34460887949260044,0.34460887949260044,0.34460887949260044,0.34460887949260044,0.34460887949260044,0.34460887949260044
0,baseline,pooled,LinUCB,alpha=2.0,test,232,212,0.38317915673682873,0.3944444444444445,0.32354961687287886,0.0,0.0,0.5744047619047619,1.0,0.0,1.0
0,baseline,pooled,LinUCB,alpha=2.0,train,1,1,0.3567375886524823,0.3567375886524823,0.0,0.3567375886524823,0.3567375886524823,0.3567375886524823,0.3567375886524823,0.3567375886524823,0.3567375886524823
0,baseline,pooled,LinearTS,"lam=0.1,sigma=0.1",test,232,196,0.38886284399444265,0.375,0.3010158037862731,0.0,0.1607142857142857,0.5756302521008403,0.8166666666666667,0.0,1.0
0,baseline,pooled,LinearTS,"lam=0.1,sigma=0.1",train,1,1,0.3386511965192168,0.3386511965192168,0.0,0.3386511965192168,0.3386511965192168,0.3386511965192168,0.3386511965192168,0.3386511965192168,0.3386511965192168
0,baseline,pooled,LinearTS,"lam=0.1,sigma=0.5",test,232,196,0.3930932818543393,0.3904761904761905,0.30156799023011377,0.0,0.15668202764976957,0.5845588235294118,0.8166666666666667,0.0,1.0
0,baseline,pooled,LinearTS,"lam=0.1,sigma=0.5",train,1,1,0.3694690265486726,0.3694690265486726,0.0,0.3694690265486726,0.3694690265486726,0.3694690265486726,0.3694690265486726,0.3694690265486726,0.3694690265486726
0,baseline,pooled,LinearTS,"lam=0.1,sigma=1.0",test,232,196,0.3928376612907426,0.3956521739130435,0.3017470859652385,0.0,0.15413533834586465,0.5845588235294118,0.8166666666666667,0.0,1.0
0,baseline,pooled,LinearTS,"lam=0.1,sigma=1.0",train,1,1,0.3548621190130624,0.3548621190130624,0.0,0.3548621190130624,0.3548621190130624,0.3548621190130624,0.3548621190130624,0.3548621190130624,0.3548621190130624
0,baseline,pooled,LinearTS,"lam=1.0,sigma=0.1",test,232,196,0.38459590326871107,0.375,0.2993928904485925,0.0,0.13839285714285715,0.5647321428571428,0.775,0.0,1.0
0,baseline,pooled,LinearTS,"lam=1.0,sigma=0.1",train,1,1,0.35661517797179315,0.35661517797179315,0.0,0.35661517797179315,0.35661517797179315,0.35661517797179315,0.35661517797179315,0.35661517797179315,0.35661517797179315
0,baseline,pooled,LinearTS,"lam=1.0,sigma=0.5",test,232,196,0.3917287336070309,0.375,0.30106753418991944,0.0,0.16666666666666666,0.5845588235294118,0.8166666666666667,0.0,1.0
0,baseline,pooled,LinearTS,"lam=1.0,sigma=0.5",train,1,1,0.3642241379310345,0.3642241379310345,0.0,0.3642241379310345,0.3642241379310345,0.3642241379310345,0.3642241379310345,0.3642241379310345,0.3642241379310345
0,baseline,pooled,LinearTS,"lam=1.0,sigma=1.0",test,232,196,0.3911836720097043,0.375,0.30016478636826865,0.0,0.16666666666666666,0.5744047619047619,0.8166666666666667,0.0,1.0
0,baseline,pooled,LinearTS,"lam=1.0,sigma=1.0",train,1,1,0.361211247296323,0.361211247296323,0.0,0.361211247296323,0.361211247296323,0.361211247296323,0.361211247296323,0.361211247296323,0.361211247296323
0,baseline,pooled,LinearTS,"lam=10.0,sigma=0.1",test,232,196,0.3859520252016351,0.4,0.3006660184905176,0.0,0.1349206349206349,0.5595238095238095,0.775,0.0,1.0
0,baseline,pooled,LinearTS,"lam=10.0,sigma=0.1",train,1,1,0.393885949441505,0.393885949441505,0.0,0.393885949441505,0.393885949441505,0.393885949441505,0.393885949441505,0.393885949441505,0.393885949441505
0,baseline,pooled,LinearTS,"lam=10.0,sigma=0.5",test,232,196,0.38085246368677467,0.375,0.2978163799686376,0.0,0.125,0.5555555555555556,0.775,0.0,1.0
0,baseline,pooled,LinearTS,"lam=10.0,sigma=0.5",train,1,1,0.36519944979367264,0.36519944979367264,0.0,0.36519944979367264,0.36519944979367264,0.36519944979367264,0.36519944979367264,0.36519944979367264,0.36519944979367264
0,baseline,pooled,LinearTS,"lam=10.0,sigma=1.0",test,232,196,0.384617030787139,0.3935483870967742,0.29920219232041256,0.0,0.125,0.5555555555555556,0.8,0.0,1.0
0,baseline,pooled,LinearTS,"lam=10.0,sigma=1.0",train,1,1,0.3698224852071006,0.3698224852071006,0.0,0.3698224852071006,0.3698224852071006,0.3698224852071006,0.3698224852071006,0.3698224852071006,0.3698224852071006
0,baseline,pooled,RandomPolicy,,test,232,206,0.3834272940125356,0.3333333333333333,0.31009153426640873,0.0,0.10277777777777777,0.5803571428571429,0.8452380952380952,0.0,1.0
0,baseline,pooled,RandomPolicy,,train,1,1,0.3345021037868163,0.3345021037868163,0.0,0.3345021037868163,0.3345021037868163,0.3345021037868163,0.3345021037868163,0.3345021037868163,0.3345021037868163
0,baseline_plus_sitehash32,per_site,LinUCB,alpha=0.1,test,232,212,0.3817511762959474,0.3935483870967742,0.3245073444039797,0.0,0.0,0.5797511312217194,1.0,0.0,1.0
0,baseline_plus_sitehash32,per_site,LinUCB,alpha=0.1,train,232,211,0.33771722124178954,0.2916666666666667,0.3154555191493633,0.0,0.0,0.5,0.8,0.0,1.0
0,baseline_plus_sitehash32,per_site,LinUCB,alpha=0.5,test,232,212,0.38361840361476207,0.4,0.32370484268134475,0.0,0.0,0.578525641025641,1.0,0.0,1.0
0,baseline_plus_sitehash32,per_site,LinUCB,alpha=0.5,train,232,211,0.3336371350159241,0.2857142857142857,0.31209692351744733,0.0,0.0,0.5,0.8,0.0,1.0
0,baseline_plus_sitehash32,per_site,LinUCB,alpha=1.0,test,232,212,0.383426224462767,0.4,0.3238599339380413,0.0,0.0,0.5744047619047619,1.0,0.0,1.0
0,baseline_plus_sitehash32,per_site,LinUCB,alpha=1.0,train,232,211,0.33446102867476385,0.2857142857142857,0.3113903876588003,0.0,0.0,0.5,0.8,0.0,1.0
0,baseline_plus_sitehash32,per_site,LinUCB,alpha=2.0,test,232,212,0.38312169628007037,0.3944444444444445,0.3235257174752847,0.0,0.0,0.5744047619047619,1.0,0.0,1.0
0,baseline_plus_sitehash32,per_site,LinUCB,alpha=2.0,train,232,211,0.3368160812613696,0.2777777777777778,0.3126341339077831,0.0,0.0,0.5,0.8,0.0,1.0
0,baseline_plus_sitehash32,per_site,LinearTS,"lam=0.1,sigma=0.1",test,232,194,0.4139886226862007,0.4,0.32374158628821603,0.0,0.14285714285714285,0.61875,1.0,0.0,1.0
0,baseline_plus_sitehash32,per_site,LinearTS,"lam=0.1,sigma=0.1",train,232,187,0.3533881435256356,0.3333333333333333,0.30445280544502906,0.0,0.08012820512820512,0.5,0.835555555555556,0.0,1.0
0,baseline_plus_sitehash32,per_site,LinearTS,"lam=0.1,sigma=0.5",test,232,194,0.41559005265839966,0.3944444444444445,0.3238713839802678,0.0,0.1456043956043956,0.61875,1.0,0.0,1.0
0,baseline_plus_sitehash32,per_site,LinearTS,"lam=0.1,sigma=0.5",train,232,187,0.35122852395613213,0.3333333333333333,0.3016204318505158,0.0,0.08012820512820512,0.5,0.7936842105263159,0.0,1.0
0,baseline_plus_sitehash32,per_site,LinearTS,"lam=0.1,sigma=1.0",test,232,194,0.4150978388169844,0.39181286549707606,0.3238047894347504,0.0,0.1456043956043956,0.5963414634146341,1.0,0.0,1.0
0,baseline_plus_sitehash32,per_site,LinearTS,"lam=0.1,sigma=1.0",train,232,187,0.35111901289585035,0.3333333333333333,0.30114506241947187,0.0,0.08012820512820512,0.5,0.7936842105263159,0.0,1.0
0,baseline_plus_sitehash32,per_site,LinearTS,"lam=1.0,sigma=0.1",test,232,194,0.41228080219198776,0.4,0.3212507763126595,0.0,0.1456043956043956,0.6,1.0,0.0,1.0
0,baseline_plus_sitehash32,per_site,LinearTS,"lam=1.0,sigma=0.1",train,232,187,0.3540750991297746,0.3333333333333333,0.3028315820945807,0.0,0.08012820512820512,0.5,0.7794117647058828,0.0,1.0
0,baseline_plus_sitehash32,per_site,LinearTS,"lam=1.0,sigma=0.5",test,232,194,0.4135310201989254,0.3944444444444445,0.32301703373257,0.0,0.14285714285714285,0.5947368421052631,1.0,0.0,1.0
0,baseline_plus_sitehash32,per_site,LinearTS,"lam=1.0,sigma=0.5",train,232,187,0.35193774288987045,0.3333333333333333,0.30344065341738236,0.0,0.08012820512820512,0.5,0.8133333333333336,0.0,1.0
0,baseline_plus_sitehash32,per_site,LinearTS,"lam=1.0,sigma=1.0",test,232,194,0.4144264642127703,0.39087301587301587,0.32357765430582813,0.0,0.14285714285714285,0.6083333333333334,1.0,0.0,1.0
0,baseline_plus_sitehash32,per_site,LinearTS,"lam=1.0,sigma=1.0",train,232,187,0.3518775987607396,0.3333333333333333,0.3023667694940458,0.0,0.08012820512820512,0.5,0.7936842105263159,0.0,1.0
0,baseline_plus_sitehash32,per_site,LinearTS,"lam=10.0,sigma=0.1",test,232,194,0.415821038224931,0.4,0.3242376624499033,0.0,0.14502164502164502,0.6115384615384616,1.0,0.0,1.0
0,baseline_plus_sitehash32,per_site,LinearTS,"lam=10.0,sigma=0.1",train,232,187,0.3589514940204537,0.3333333333333333,0.3061905254168518,0.0,0.06904761904761905,0.5,0.8250000000000011,0.0,1.0
0,baseline_plus_sitehash32,per_site,LinearTS,"lam=10.0,sigma=0.5",test,232,194,0.4142335086567127,0.38873626373626374,0.3209549830422167,0.0,0.16666666666666666,0.5958333333333333,1.0,0.0,1.0
0,baseline_plus_sitehash32,per_site,LinearTS,"lam=10.0,sigma=0.5",train,232,187,0.3510767861503391,0.3333333333333333,0.30402444728157213,0.0,0.07692307692307693,0.5,0.7657894736842108,0.0,1.0
0,baseline_plus_sitehash32,per_site,LinearTS,"lam=10.0,sigma=1.0",test,232,194,0.4135035819665387,0.3875,0.32364378225133156,0.0,0.14620535714285715,0.6,1.0,0.0,1.0
0,baseline_plus_sitehash32,per_site,LinearTS,"lam=10.0,sigma=1.0",train,232,187,0.3510094799252485,0.3333333333333333,0.30477457520503565,0.0,0.07692307692307693,0.5,0.7700000000000004,0.0,1.0
0,baseline_plus_sitehash32,per_site,RandomPolicy,,test,232,206,0.3834272940125356,0.3333333333333333,0.31009153426640873,0.0,0.10277777777777777,0.5803571428571429,0.8452380952380952,0.0,1.0
0,baseline_plus_sitehash32,per_site,RandomPolicy,,train,232,196,0.36502387190379776,0.3333333333333333,0.30825314715859753,0.0,0.0,0.5744047619047619,0.75,0.0,1.0
0,baseline_plus_sitehash32,pooled,LinUCB,alpha=0.1,test,232,212,0.3817511762959474,0.3935483870967742,0.3245073444039797,0.0,0.0,0.5797511312217194,1.0,0.0,1.0
0,baseline_plus_sitehash32,pooled,LinUCB,alpha=0.1,train,1,1,0.3552456839309429,0.3552456839309429,0.0,0.3552456839309429,0.3552456839309429,0.3552456839309429,0.3552456839309429,0.3552456839309429,0.3552456839309429
0,baseline_plus_sitehash32,pooled,LinUCB,alpha=0.5,test,232,212,0.38361840361476207,0.4,0.32370484268134475,0.0,0.0,0.578525641025641,1.0,0.0,1.0
0,baseline_plus_sitehash32,pooled,LinUCB,alpha=0.5,train,1,1,0.34684065934065933,0.34684065934065933,0.0,0.34684065934065933,0.34684065934065933,0.34684065934065933,0.34684065934065933,0.34684065934065933,0.34684065934065933
0,baseline_plus_sitehash32,pooled,LinUCB,alpha=1.0,test,232,212,0.383426224462767,0.4,0.3238599339380413,0.0,0.0,0.5744047619047619,1.0,0.0,1.0
0,baseline_plus_sitehash32,pooled,LinUCB,alpha=1.0,train,1,1,0.3533424283765348,0.3533424283765348,0.0,0.3533424283765348,0.3533424283765348,0.3533424283765348,0.3533424283765348,0.3533424283765348,0.3533424283765348
0,baseline_plus_sitehash32,pooled,LinUCB,alpha=2.0,test,232,212,0.38312169628007037,0.3944444444444445,0.3235257174752847,0.0,0.0,0.5744047619047619,1.0,0.0,1.0
0,baseline_plus_sitehash32,pooled,LinUCB,alpha=2.0,train,1,1,0.3751763046544429,0.3751763046544429,0.0,0.3751763046544429,0.3751763046544429,0.3751763046544429,0.3751763046544429,0.3751763046544429,0.3751763046544429
0,baseline_plus_sitehash32,pooled,LinearTS,"lam=0.1,sigma=0.1",test,232,194,0.4139886226862007,0.4,0.32374158628821603,0.0,0.14285714285714285,0.61875,1.0,0.0,1.0
0,baseline_plus_sitehash32,pooled,LinearTS,"lam=0.1,sigma=0.1",train,1,1,0.37517053206002726,0.37517053206002726,0.0,0.37517053206002726,0.37517053206002726,0.37517053206002726,0.37517053206002726,0.37517053206002726,0.37517053206002726
0,baseline_plus_sitehash32,pooled,LinearTS,"lam=0.1,sigma=0.5",test,232,194,0.41559005265839966,0.3944444444444445,0.3238713839802678,0.0,0.1456043956043956,0.61875,1.0,0.0,1.0
0,baseline_plus_sitehash32,pooled,LinearTS,"lam=0.1,sigma=0.5",train,1,1,0.36,0.36,0.0,0.36,0.36,0.36,0.36,0.36,0.36
0,baseline_plus_sitehash32,pooled,LinearTS,"lam=0.1,sigma=1.0",test,232,194,0.4150978388169844,0.39181286549707606,0.3238047894347504,0.0,0.1456043956043956,0.5963414634146341,1.0,0.0,1.0
0,baseline_plus_sitehash32,pooled,LinearTS,"lam=0.1,sigma=1.0",train,1,1,0.35133239831697055,0.35133239831697055,0.0,0.35133239831697055,0.35133239831697055,0.35133239831697055,0.35133239831697055,0.35133239831697055,0.35133239831697055
0,baseline_plus_sitehash32,pooled,LinearTS,"lam=1.0,sigma=0.1",test,232,194,0.41228080219198776,0.4,0.3212507763126595,0.0,0.1456043956043956,0.6,1.0,0.0,1.0
0,baseline_plus_sitehash32,pooled,LinearTS,"lam=1.0,sigma=0.1",train,1,1,0.358974358974359,0.358974358974359,0.0,0.358974358974359,0.358974358974359,0.358974358974359,0.358974358974359,0.358974358974359,0.358974358974359
0,baseline_plus_sitehash32,pooled,LinearTS,"lam=1.0,sigma=0.5",test,232,194,0.4135310201989254,0.3944444444444445,0.32301703373257,0.0,0.14285714285714285,0.5947368421052631,1.0,0.0,1.0
0,baseline_plus_sitehash32,pooled,LinearTS,"lam=1.0,sigma=0.5",train,1,1,0.3426183844011142,0.3426183844011142,0.0,0.3426183844011142,0.3426183844011142,0.3426183844011142,0.3426183844011142,0.3426183844011142,0.3426183844011142
0,baseline_plus_sitehash32,pooled,LinearTS,"lam=1.0,sigma=1.0",test,232,194,0.4144264642127703,0.39087301587301587,0.32357765430582813,0.0,0.14285714285714285,0.6083333333333334,1.0,0.0,1.0
0,baseline_plus_sitehash32,pooled,LinearTS,"lam=1.0,sigma=1.0",train,1,1,0.34740484429065743,0.34740484429065743,0.0,0.34740484429065743,0.34740484429065743,0.34740484429065743,0.34740484429065743,0.34740484429065743,0.34740484429065743
0,baseline_plus_sitehash32,pooled,LinearTS,"lam=10.0,sigma=0.1",test,232,194,0.415821038224931,0.4,0.3242376624499033,0.0,0.14502164502164502,0.6115384615384616,1.0,0.0,1.0
0,baseline_plus_sitehash32,pooled,LinearTS,"lam=10.0,sigma=0.1",train,1,1,0.37034529451591064,0.37034529451591064,0.0,0.37034529451591064,0.37034529451591064,0.37034529451591064,0.37034529451591064,0.37034529451591064,0.37034529451591064
0,baseline_plus_sitehash32,pooled,LinearTS,"lam=10.0,sigma=0.5",test,232,194,0.4142335086567127,0.38873626373626374,0.3209549830422167,0.0,0.16666666666666666,0.5958333333333333,1.0,0.0,1.0
0,baseline_plus_sitehash32,pooled,LinearTS,"lam=10.0,sigma=0.5",train,1,1,0.36720867208672087,0.36720867208672087,0.0,0.36720867208672087,0.36720867208672087,0.36720867208672087,0.36720867208672087,0.36720867208672087,0.36720867208672087
0,baseline_plus_sitehash32,pooled,LinearTS,"lam=10.0,sigma=1.0",test,232,194,0.4135035819665387,0.3875,0.32364378225133156,0.0,0.14620535714285715,0.6,1.0,0.0,1.0
0,baseline_plus_sitehash32,pooled,LinearTS,"lam=10.0,sigma=1.0",train,1,1,0.35690006798096535,0.35690006798096535,0.0,0.35690006798096535,0.35690006798096535,0.35690006798096535,0.35690006798096535,0.35690006798096535,0.35690006798096535
0,baseline_plus_sitehash32,pooled,RandomPolicy,,test,232,206,0.3834272940125356,0.3333333333333333,0.31009153426640873,0.0,0.10277777777777777,0.5803571428571429,0.8452380952380952,0.0,1.0
0,baseline_plus_sitehash32,pooled,RandomPolicy,,train,1,1,0.3345021037868163,0.3345021037868163,0.0,0.3345021037868163,0.3345021037868163,0.3345021037868163,0.3345021037868163,0.3345021037868163,0.3345021037868163
1,baseline,per_site,LinUCB,alpha=0.1,test,232,215,0.3376772707388161,0.25,0.3315223973865063,0.0,0.0,0.5634920634920635,0.9333333333333325,0.0,1.0
1,baseline,per_site,LinUCB,alpha=0.1,train,232,208,0.38294027105715134,0.3717105263157895,0.307464731619472,0.0,0.125,0.5427350427350427,0.8833333333333353,0.0,1.0
1,baseline,per_site,LinUCB,alpha=0.5,test,232,215,0.3331382657943885,0.25,0.32947950461879727,0.0,0.0,0.5419580419580419,0.9333333333333325,0.0,1.0
1,baseline,per_site,LinUCB,alpha=0.5,train,232,208,0.3850568949224116,0.3333333333333333,0.30537563444464716,0.0,0.14285714285714285,0.5096153846153846,0.8833333333333353,0.0,1.0
1,baseline,per_site,LinUCB,alpha=1.0,test,232,215,0.3328793106827538,0.25,0.32810879158996387,0.0,0.0,0.5247058823529411,0.9333333333333325,0.0,1.0
1,baseline,per_site,LinUCB,alpha=1.0,train,232,208,0.3865226068493692,0.3431372549019608,0.30598522146612933,0.0,0.14285714285714285,0.5046296296296297,0.8833333333333353,0.0,1.0
1,baseline,per_site,LinUCB,alpha=2.0,test,232,215,0.3339869191834864,0.25,0.32867810087604027,0.0,0.0,0.5327272727272727,0.9333333333333325,0.0,1.0
1,baseline,per_site,LinUCB,alpha=2.0,train,232,208,0.3869476217643376,0.3582887700534759,0.30637026510809884,0.0,0.15688259109311742,0.5198412698412698,0.8833333333333353,0.0,1.0
1,baseline,per_site,LinearTS,"lam=0.1,sigma=0.1",test,232,192,0.3699226465314047,0.3333333333333333,0.30437666410187464,0.0,0.0,0.5572916666666667,0.8,0.0,1.0
1,baseline,per_site,LinearTS,"lam=0.1,sigma=0.1",train,232,192,0.3866217622525436,0.3717105263157895,0.3030476670092199,0.0,0.125,0.5647321428571428,0.8,0.0,1.0
1,baseline,per_site,LinearTS,"lam=0.1,sigma=0.5",test,232,192,0.37381328072836445,0.3693181818181818,0.30593356417229567,0.0,0.0,0.5220588235294118,0.8,0.0,1.0
1,baseline,per_site,LinearTS,"lam=0.1,sigma=0.5",train,232,192,0.3894458303222543,0.3771551724137931,0.3027628191870356,0.0,0.13125,0.5714285714285714,0.8,0.0,1.0
1,baseline,per_site,LinearTS,"lam=0.1,sigma=1.0",test,232,192,0.37322853932416783,0.3693181818181818,0.3062445017567355,0.0,0.0,0.5138888888888888,0.8,0.0,1.0
1,baseline,per_site,LinearTS,"lam=0.1,sigma=1.0",train,232,192,0.3885751399201178,0.375,0.3030212352676951,0.0,0.13125,0.5714285714285714,0.8,0.0,1.0
1,baseline,per_site,LinearTS,"lam=1.0,sigma=0.1",test,232,192,0.36433742345703823,0.3333333333333333,0.3032828693608763,0.0,0.0,0.5270897832817337,0.7673076923076925,0.0,1.0
1,baseline,per_site,LinearTS,"lam=1.0,sigma=0.1",train,232,192,0.38615414775857837,0.3798076923076923,0.3000446218064014,0.0,0.13205128205128205,0.5595238095238095,0.7950000000000004,0.0,1.0
1,baseline,per_site,LinearTS,"lam=1.0,sigma=0.5",test,232,192,0.369177134328305,0.3333333333333333,0.30448211169632455,0.0,0.0,0.533625730994152,0.8,0.0,1.0
1,baseline,per_site,LinearTS,"lam=1.0,sigma=0.5",train,232,192,0.38840910417218333,0.36278195488721804,0.3017828888714484,0.0,0.125,0.5714285714285714,0.8,0.0,1.0
1,baseline,per_site,LinearTS,"lam=1.0,sigma=1.0",test,232,192,0.37144889628838373,0.3484848484848485,0.3043455248837285,0.0,0.0,0.5555555555555556,0.8,0.0,1.0
1,baseline,per_site,LinearTS,"lam=1.0,sigma=1.0",train,232,192,0.3881419464420773,0.375,0.3013689117945561,0.0,0.125,0.5714285714285714,0.8,0.0,1.0
1,baseline,per_site,LinearTS,"lam=10.0,sigma=0.1",test,232,192,0.3745683158272582,0.33739837398373984,0.31010189511513153,0.0,0.0,0.5714285714285714,0.8,0.0,1.0
1,baseline,per_site,LinearTS,"lam=10.0,sigma=0.1",train,232,192,0.38964987090402553,0.4,0.29730263533447815,0.0,0.16346153846153846,0.5402097902097902,0.75,0.0,1.0
1,baseline,per_site,LinearTS,"lam=10.0,sigma=0.5",test,232,192,0.36736998591415193,0.3333333333333333,0.30190768133109097,0.0,0.0,0.5073529411764706,0.7950000000000004,0.0,1.0
1,baseline,per_site,LinearTS,"lam=10.0,sigma=0.5",train,232,192,0.38215479131165503,0.36602870813397126,0.29996596737417924,0.0,0.125,0.5572916666666667,0.7950000000000004,0.0,1.0
1,baseline,per_site,LinearTS,"lam=10.0,sigma=1.0",test,232,192,0.3689486565280133,0.3333333333333333,0.30338841082434176,0.0,0.0,0.5,0.8,0.0,1.0
1,baseline,per_site,LinearTS,"lam=10.0,sigma=1.0",train,232,192,0.38186139797930735,0.3717105263157895,0.2995387128951591,0.0,0.12740384615384615,0.5555555555555556,0.8,0.0,1.0
1,baseline,per_site,RandomPolicy,,test,232,203,0.3671172683605853,0.3333333333333333,0.31857589470357156,0.0,0.0,0.6,0.8,0.0,1.0
1,baseline,per_site,RandomPolicy,,train,232,199,0.38193917579159753,0.35294117647058826,0.29942626378441706,0.0,0.11805555555555555,0.5470085470085471,0.8066666666666673,0.0,1.0
1,baseline,pooled,LinUCB,alpha=0.1,test,232,215,0.3376772707388161,0.25,0.3315223973865063,0.0,0.0,0.5634920634920635,0.9333333333333325,0.0,1.0
1,baseline,pooled,LinUCB,alpha=0.1,train,1,1,0.33436532507739936,0.33436532507739936,0.0,0.33436532507739936,0.33436532507739936,0.33436532507739936,0.33436532507739936,0.33436532507739936,0.33436532507739936
1,baseline,pooled,LinUCB,alpha=0.5,test,232,215,0.3331382657943885,0.25,0.32947950461879727,0.0,0.0,0.5419580419580419,0.9333333333333325,0.0,1.0
1,baseline,pooled,LinUCB,alpha=0.5,train,1,1,0.3461279461279461,0.3461279461279461,0.0,0.3461279461279461,0.3461279461279461,0.3461279461279461,0.3461279461279461,0.3461279461279461,0.3461279461279461
1,baseline,pooled,LinUCB,alpha=1.0,test,232,215,0.3328793106827538,0.25,0.32810879158996387,0.0,0.0,0.5247058823529411,0.9333333333333325,0.0,1.0
1,baseline,pooled,LinUCB,alpha=1.0,train,1,1,0.3732142857142857,0.3732142857142857,0.0,0.3732142857142857,0.3732142857142857,0.3732142857142857,0.3732142857142857,0.3732142857142857,0.3732142857142857
1,baseline,pooled,LinUCB,alpha=2.0,test,232,215,0.3339869191834864,0.25,0.32867810087604027,0.0,0.0,0.5327272727272727,0.9333333333333325,0.0,1.0
1,baseline,pooled,LinUCB,alpha=2.0,train,1,1,0.36502132845825713,0.36502132845825713,0.0,0.36502132845825713,0.36502132845825713,0.36502132845825713,0.36502132845825713,0.36502132845825713,0.36502132845825713
1,baseline,pooled,LinearTS,"lam=0.1,sigma=0.1",test,232,192,0.3699226465314047,0.3333333333333333,0.30437666410187464,0.0,0.0,0.5572916666666667,0.8,0.0,1.0
1,baseline,pooled,LinearTS,"lam=0.1,sigma=0.1",train,1,1,0.3769152196118488,0.3769152196118488,0.0,0.3769152196118488,0.3769152196118488,0.3769152196118488,0.3769152196118488,0.3769152196118488,0.3769152196118488
1,baseline,pooled,LinearTS,"lam=0.1,sigma=0.5",test,232,192,0.37381328072836445,0.3693181818181818,0.30593356417229567,0.0,0.0,0.5220588235294118,0.8,0.0,1.0
1,baseline,pooled,LinearTS,"lam=0.1,sigma=0.5",train,1,1,0.37401129943502825,0.37401129943502825,0.0,0.37401129943502825,0.37401129943502825,0.37401129943502825,0.37401129943502825,0.37401129943502825,0.37401129943502825
1,baseline,pooled,LinearTS,"lam=0.1,sigma=1.0",test,232,192,0.37322853932416783,0.3693181818181818,0.3062445017567355,0.0,0.0,0.5138888888888888,0.8,0.0,1.0
1,baseline,pooled,LinearTS,"lam=0.1,sigma=1.0",train,1,1,0.34793187347931875,0.34793187347931875,0.0,0.34793187347931875,0.34793187347931875,0.34793187347931875,0.34793187347931875,0.34793187347931875,0.34793187347931875
1,baseline,pooled,LinearTS,"lam=1.0,sigma=0.1",test,232,192,0.36433742345703823,0.3333333333333333,0.3032828693608763,0.0,0.0,0.5270897832817337,0.7673076923076925,0.0,1.0
1,baseline,pooled,LinearTS,"lam=1.0,sigma=0.1",train,1,1,0.3695774647887324,0.3695774647887324,0.0,0.3695774647887324,0.3695774647887324,0.3695774647887324,0.3695774647887324,0.3695774647887324,0.3695774647887324
1,baseline,pooled,LinearTS,"lam=1.0,sigma=0.5",test,232,192,0.369177134328305,0.3333333333333333,0.30448211169632455,0.0,0.0,0.533625730994152,0.8,0.0,1.0
1,baseline,pooled,LinearTS,"lam=1.0,sigma=0.5",train,1,1,0.37691401648998824,0.37691401648998824,0.0,0.37691401648998824,0.37691401648998824,0.37691401648998824,0.37691401648998824,0.37691401648998824,0.37691401648998824
1,baseline,pooled,LinearTS,"lam=1.0,sigma=1.0",test,232,192,0.37144889628838373,0.3484848484848485,0.3043455248837285,0.0,0.0,0.5555555555555556,0.8,0.0,1.0
1,baseline,pooled,LinearTS,"lam=1.0,sigma=1.0",train,1,1,0.3684210526315789,0.3684210526315789,0.0,0.3684210526315789,0.3684210526315789,0.3684210526315789,0.3684210526315789,0.3684210526315789,0.3684210526315789
1,baseline,pooled,LinearTS,"lam=10.0,sigma=0.1",test,232,192,0.3745683158272582,0.33739837398373984,0.31010189511513153,0.0,0.0,0.5714285714285714,0.8,0.0,1.0
1,baseline,pooled,LinearTS,"lam=10.0,sigma=0.1",train,1,1,0.3811998110533774,0.3811998110533774,0.0,0.3811998110533774,0.3811998110533774,0.3811998110533774,0.3811998110533774,0.3811998110533774,0.3811998110533774
1,baseline,pooled,LinearTS,"lam=10.0,sigma=0.5",test,232,192,0.36736998591415193,0.3333333333333333,0.30190768133109097,0.0,0.0,0.5073529411764706,0.7950000000000004,0.0,1.0
1,baseline,pooled,LinearTS,"lam=10.0,sigma=0.5",train,1,1,0.36845466155810985,0.36845466155810985,0.0,0.36845466155810985,0.36845466155810985,0.36845466155810985,0.36845466155810985,0.36845466155810985,0.36845466155810985
1,baseline,pooled,LinearTS,"lam=10.0,sigma=1.0",test,232,192,0.3689486565280133,0.3333333333333333,0.30338841082434176,0.0,0.0,0.5,0.8,0.0,1.0
1,baseline,pooled,LinearTS,"lam=10.0,sigma=1.0",train,1,1,0.3775633293124246,0.3775633293124246,0.0,0.3775633293124246,0.3775633293124246,0.3775633293124246,0.3775633293124246,0.3775633293124246,0.3775633293124246
1,baseline,pooled,RandomPolicy,,test,232,203,0.3671172683605853,0.3333333333333333,0.31857589470357156,0.0,0.0,0.6,0.8,0.0,1.0
1,baseline,pooled,RandomPolicy,,train,1,1,0.3644524236983842,0.3644524236983842,0.0,0.3644524236983842,0.3644524236983842,0.3644524236983842,0.3644524236983842,0.3644524236983842,0.3644524236983842
1,baseline_plus_sitehash32,per_site,LinUCB,alpha=0.1,test,232,215,0.3376772707388161,0.25,0.3315223973865063,0.0,0.0,0.5634920634920635,0.9333333333333325,0.0,1.0
1,baseline_plus_sitehash32,per_site,LinUCB,alpha=0.1,train,232,208,0.38263927811496623,0.3717105263157895,0.3076198262543433,0.0,0.125,0.5427350427350427,0.8833333333333353,0.0,1.0
1,baseline_plus_sitehash32,per_site,LinUCB,alpha=0.5,test,232,215,0.33309516991403537,0.25,0.3295055918386907,0.0,0.0,0.5419580419580419,0.9333333333333325,0.0,1.0
1,baseline_plus_sitehash32,per_site,LinUCB,alpha=0.5,train,232,208,0.38513978616909583,0.3333333333333333,0.3054091615447921,0.0,0.14285714285714285,0.5225464190981433,0.8833333333333353,0.0,1.0
1,baseline_plus_sitehash32,per_site,LinUCB,alpha=1.0,test,232,215,0.3328191124830207,0.25,0.32813842853727987,0.0,0.0,0.5247058823529411,0.9333333333333325,0.0,1.0
1,baseline_plus_sitehash32,per_site,LinUCB,alpha=1.0,train,232,208,0.38606503582996304,0.3431372549019608,0.30617676381849734,0.0,0.14285714285714285,0.5046296296296297,0.8833333333333353,0.0,1.0
1,baseline_plus_sitehash32,per_site,LinUCB,alpha=2.0,test,232,215,0.33403287929011377,0.25,0.32866248423058586,0.0,0.0,0.5327272727272727,0.9333333333333325,0.0,1.0
1,baseline_plus_sitehash32,per_site,LinUCB,alpha=2.0,train,232,208,0.3868890562987954,0.3582887700534759,0.30634526040488586,0.0,0.15688259109311742,0.5133505598621878,0.8833333333333353,0.0,1.0
1,baseline_plus_sitehash32,per_site,LinearTS,"lam=0.1,sigma=0.1",test,232,191,0.37407501640630214,0.3333333333333333,0.32430071908199476,0.0,0.0,0.5,1.0,0.0,1.0
1,baseline_plus_sitehash32,per_site,LinearTS,"lam=0.1,sigma=0.1",train,232,190,0.3944686710884899,0.3333333333333333,0.30683954765427335,0.0,0.14285714285714285,0.5714285714285714,1.0,0.0,1.0
1,baseline_plus_sitehash32,per_site,LinearTS,"lam=0.1,sigma=0.5",test,232,191,0.3717036783325177,0.3333333333333333,0.3227776529261354,0.0,0.0,0.5,1.0,0.0,1.0
1,baseline_plus_sitehash32,per_site,LinearTS,"lam=0.1,sigma=0.5",train,232,190,0.3963621138632387,0.375,0.30606659011129816,0.0,0.14285714285714285,0.5649350649350648,1.0,0.0,1.0
1,baseline_plus_sitehash32,per_site,LinearTS,"lam=0.1,sigma=1.0",test,232,191,0.3715198099772815,0.3333333333333333,0.32245009194428603,0.0,0.0,0.5,1.0,0.0,1.0
1,baseline_plus_sitehash32,per_site,LinearTS,"lam=0.1,sigma=1.0",train,232,190,0.3959365917703064,0.375,0.30585045425933843,0.0,0.14285714285714285,0.5631868131868132,1.0,0.0,1.0
1,baseline_plus_sitehash32,per_site,LinearTS,"lam=1.0,sigma=0.1",test,232,191,0.37239055175389474,0.3333333333333333,0.32403792047971247,0.0,0.0,0.5555555555555556,1.0,0.0,1.0
1,baseline_plus_sitehash32,per_site,LinearTS,"lam=1.0,sigma=0.1",train,232,190,0.3950943356711557,0.36602870813397126,0.302522592793188,0.0,0.1488095238095238,0.5714285714285714,1.0,0.0,1.0
1,baseline_plus_sitehash32,per_site,LinearTS,"lam=1.0,sigma=0.5",test,232,191,0.3726626453084619,0.3333333333333333,0.32486202386905577,0.0,0.0,0.5,1.0,0.0,1.0
1,baseline_plus_sitehash32,per_site,LinearTS,"lam=1.0,sigma=0.5",train,232,190,0.3939937399214794,0.3484848484848485,0.30453465769852545,0.0,0.14285714285714285,0.5512820512820513,1.0,0.0,1.0
1,baseline_plus_sitehash32,per_site,LinearTS,"lam=1.0,sigma=1.0",test,232,191,0.37278919140796823,0.3333333333333333,0.32351051912518164,0.0,0.0,0.5,1.0,0.0,1.0
1,baseline_plus_sitehash32,per_site,LinearTS,"lam=1.0,sigma=1.0",train,232,190,0.3947216287716516,0.36753246753246754,0.3056116611765144,0.0,0.14285714285714285,0.5553470919324578,1.0,0.0,1.0
1,baseline_plus_sitehash32,per_site,LinearTS,"lam=10.0,sigma=0.1",test,232,191,0.3833536404966741,0.3333333333333333,0.3277791679102129,0.0,0.0,0.6,1.0,0.0,1.0
1,baseline_plus_sitehash32,per_site,LinearTS,"lam=10.0,sigma=0.1",train,232,190,0.3924877129610352,0.34891304347826085,0.30527031057725945,0.0,0.14285714285714285,0.5454545454545454,1.0,0.0,1.0
1,baseline_plus_sitehash32,per_site,LinearTS,"lam=10.0,sigma=0.5",test,232,191,0.37402657982849996,0.3333333333333333,0.3249745566570217,0.0,0.0,0.5419580419580419,1.0,0.0,1.0
1,baseline_plus_sitehash32,per_site,LinearTS,"lam=10.0,sigma=0.5",train,232,190,0.3924925418014326,0.3606811145510836,0.30301142904058476,0.0,0.14957264957264957,0.5714285714285714,1.0,0.0,1.0
1,baseline_plus_sitehash32,per_site,LinearTS,"lam=10.0,sigma=1.0",test,232,191,0.3744786280242315,0.3333333333333333,0.3266750097457743,0.0,0.0,0.5555555555555556,1.0,0.0,1.0
1,baseline_plus_sitehash32,per_site,LinearTS,"lam=10.0,sigma=1.0",train,232,190,0.3912265773415883,0.3431372549019608,0.3048110061409525,0.0,0.14285714285714285,0.5619047619047619,1.0,0.0,1.0
1,baseline_plus_sitehash32,per_site,RandomPolicy,,test,232,203,0.3671172683605853,0.3333333333333333,0.31857589470357156,0.0,0.0,0.6,0.8,0.0,1.0
1,baseline_plus_sitehash32,per_site,RandomPolicy,,train,232,199,0.38193917579159753,0.35294117647058826,0.29942626378441706,0.0,0.11805555555555555,0.5470085470085471,0.8066666666666673,0.0,1.0
1,baseline_plus_sitehash32,pooled,LinUCB,alpha=0.1,test,232,215,0.3376772707388161,0.25,0.3315223973865063,0.0,0.0,0.5634920634920635,0.9333333333333325,0.0,1.0
1,baseline_plus_sitehash32,pooled,LinUCB,alpha=0.1,train,1,1,0.3303194695599759,0.3303194695599759,0.0,0.3303194695599759,0.3303194695599759,0.3303194695599759,0.3303194695599759,0.3303194695599759,0.3303194695599759
1,baseline_plus_sitehash32,pooled,LinUCB,alpha=0.5,test,232,215,0.33309516991403537,0.25,0.3295055918386907,0.0,0.0,0.5419580419580419,0.9333333333333325,0.0,1.0
1,baseline_plus_sitehash32,pooled,LinUCB,alpha=0.5,train,1,1,0.3522727272727273,0.3522727272727273,0.0,0.3522727272727273,0.3522727272727273,0.3522727272727273,0.3522727272727273,0.3522727272727273,0.3522727272727273
1,baseline_plus_sitehash32,pooled,LinUCB,alpha=1.0,test,232,215,0.3328191124830207,0.25,0.32813842853727987,0.0,0.0,0.5247058823529411,0.9333333333333325,0.0,1.0
1,baseline_plus_sitehash32,pooled,LinUCB,alpha=1.0,train,1,1,0.36493506493506495,0.36493506493506495,0.0,0.36493506493506495,0.36493506493506495,0.36493506493506495,0.36493506493506495,0.36493506493506495,0.36493506493506495
1,baseline_plus_sitehash32,pooled,LinUCB,alpha=2.0,test,232,215,0.33403287929011377,0.25,0.32866248423058586,0.0,0.0,0.5327272727272727,0.9333333333333325,0.0,1.0
1,baseline_plus_sitehash32,pooled,LinUCB,alpha=2.0,train,1,1,0.3634651600753296,0.3634651600753296,0.0,0.3634651600753296,0.3634651600753296,0.3634651600753296,0.3634651600753296,0.3634651600753296,0.3634651600753296
1,baseline_plus_sitehash32,pooled,LinearTS,"lam=0.1,sigma=0.1",test,232,191,0.37407501640630214,0.3333333333333333,0.32430071908199476,0.0,0.0,0.5,1.0,0.0,1.0
1,baseline_plus_sitehash32,pooled,LinearTS,"lam=0.1,sigma=0.1",train,1,1,0.3481927710843373,0.3481927710843373,0.0,0.3481927710843373,0.3481927710843373,0.3481927710843373,0.3481927710843373,0.3481927710843373,0.3481927710843373
1,baseline_plus_sitehash32,pooled,LinearTS,"lam=0.1,sigma=0.5",test,232,191,0.3717036783325177,0.3333333333333333,0.3227776529261354,0.0,0.0,0.5,1.0,0.0,1.0
1,baseline_plus_sitehash32,pooled,LinearTS,"lam=0.1,sigma=0.5",train,1,1,0.3503605769230769,0.3503605769230769,0.0,0.3503605769230769,0.3503605769230769,0.3503605769230769,0.3503605769230769,0.3503605769230769,0.3503605769230769
1,baseline_plus_sitehash32,pooled,LinearTS,"lam=0.1,sigma=1.0",test,232,191,0.3715198099772815,0.3333333333333333,0.32245009194428603,0.0,0.0,0.5,1.0,0.0,1.0
1,baseline_plus_sitehash32,pooled,LinearTS,"lam=0.1,sigma=1.0",train,1,1,0.35653235653235654,0.35653235653235654,0.0,0.35653235653235654,0.35653235653235654,0.35653235653235654,0.35653235653235654,0.35653235653235654,0.35653235653235654
1,baseline_plus_sitehash32,pooled,LinearTS,"lam=1.0,sigma=0.1",test,232,191,0.37239055175389474,0.3333333333333333,0.32403792047971247,0.0,0.0,0.5555555555555556,1.0,0.0,1.0
1,baseline_plus_sitehash32,pooled,LinearTS,"lam=1.0,sigma=0.1",train,1,1,0.3399014778325123,0.3399014778325123,0.0,0.3399014778325123,0.3399014778325123,0.3399014778325123,0.3399014778325123,0.3399014778325123,0.3399014778325123
1,baseline_plus_sitehash32,pooled,LinearTS,"lam=1.0,sigma=0.5",test,232,191,0.3726626453084619,0.3333333333333333,0.32486202386905577,0.0,0.0,0.5,1.0,0.0,1.0
1,baseline_plus_sitehash32,pooled,LinearTS,"lam=1.0,sigma=0.5",train,1,1,0.3492990654205608,0.3492990654205608,0.0,0.3492990654205608,0.3492990654205608,0.3492990654205608,0.3492990654205608,0.3492990654205608,0.3492990654205608
1,baseline_plus_sitehash32,pooled,LinearTS,"lam=1.0,sigma=1.0",test,232,191,0.37278919140796823,0.3333333333333333,0.32351051912518164,0.0,0.0,0.5,1.0,0.0,1.0
1,baseline_plus_sitehash32,pooled,LinearTS,"lam=1.0,sigma=1.0",train,1,1,0.35304878048780486,0.35304878048780486,0.0,0.35304878048780486,0.35304878048780486,0.35304878048780486,0.35304878048780486,0.35304878048780486,0.35304878048780486
1,baseline_plus_sitehash32,pooled,LinearTS,"lam=10.0,sigma=0.1",test,232,191,0.3833536404966741,0.3333333333333333,0.3277791679102129,0.0,0.0,0.6,1.0,0.0,1.0
1,baseline_plus_sitehash32,pooled,LinearTS,"lam=10.0,sigma=0.1",train,1,1,0.3339856490541422,0.3339856490541422,0.0,0.3339856490541422,0.3339856490541422,0.3339856490541422,0.3339856490541422,0.3339856490541422,0.3339856490541422
1,baseline_plus_sitehash32,pooled,LinearTS,"lam=10.0,sigma=0.5",test,232,191,0.37402657982849996,0.3333333333333333,0.3249745566570217,0.0,0.0,0.5419580419580419,1.0,0.0,1.0
1,baseline_plus_sitehash32,pooled,LinearTS,"lam=10.0,sigma=0.5",train,1,1,0.37293144208037826,0.37293144208037826,0.0,0.37293144208037826,0.37293144208037826,0.37293144208037826,0.37293144208037826,0.37293144208037826,0.37293144208037826
1,baseline_plus_sitehash32,pooled,LinearTS,"lam=10.0,sigma=1.0",test,232,191,0.3744786280242315,0.3333333333333333,0.3266750097457743,0.0,0.0,0.5555555555555556,1.0,0.0,1.0
1,baseline_plus_sitehash32,pooled,LinearTS,"lam=10.0,sigma=1.0",train,1,1,0.35880195599022,0.35880195599022,0.0,0.35880195599022,0.35880195599022,0.35880195599022,0.35880195599022,0.35880195599022,0.35880195599022
1,baseline_plus_sitehash32,pooled,RandomPolicy,,test,232,203,0.3671172683605853,0.3333333333333333,0.31857589470357156,0.0,0.0,0.6,0.8,0.0,1.0
1,baseline_plus_sitehash32,pooled,RandomPolicy,,train,1,1,0.3644524236983842,0.3644524236983842,0.0,0.3644524236983842,0.3644524236983842,0.3644524236983842,0.3644524236983842,0.3644524236983842,0.3644524236983842
2,baseline,per_site,LinUCB,alpha=0.1,test,232,214,0.3650008481679155,0.3568181818181818,0.3246679666105099,0.0,0.0,0.5555555555555556,1.0,0.0,1.0
2,baseline,per_site,LinUCB,alpha=0.1,train,232,209,0.3547464501473637,0.3333333333333333,0.3165385753913952,0.0,0.0,0.5454545454545454,0.8066666666666673,0.0,1.0
2,baseline,per_site,LinUCB,alpha=0.5,test,232,214,0.3617067873201905,0.3333333333333333,0.32373135555548566,0.0,0.0,0.5,1.0,0.0,1.0
2,baseline,per_site,LinUCB,alpha=0.5,train,232,209,0.3555565014504036,0.3333333333333333,0.31387331729893025,0.0,0.0,0.5555555555555556,0.8066666666666673,0.0,1.0
2,baseline,per_site,LinUCB,alpha=1.0,test,232,214,0.36210228401041794,0.3333333333333333,0.3235896382276036,0.0,0.0,0.5,1.0,0.0,1.0
2,baseline,per_site,LinUCB,alpha=1.0,train,232,209,0.3563438528384278,0.3333333333333333,0.31328660643474515,0.0,0.0,0.5454545454545454,0.8066666666666673,0.0,1.0
2,baseline,per_site,LinUCB,alpha=2.0,test,232,214,0.36155785507896265,0.3333333333333333,0.32436786276444707,0.0,0.0,0.5138888888888888,1.0,0.0,1.0
2,baseline,per_site,LinUCB,alpha=2.0,train,232,209,0.35846369361020947,0.3333333333333333,0.3134112410512001,0.0,0.0,0.5454545454545454,0.8066666666666673,0.0,1.0
2,baseline,per_site,LinearTS,"lam=0.1,sigma=0.1",test,232,192,0.38795108445118126,0.375,0.30131151077520507,0.0,0.16666666666666666,0.5572916666666667,0.8300000000000002,0.0,1.0
2,baseline,per_site,LinearTS,"lam=0.1,sigma=0.1",train,232,192,0.3685933243327671,0.3333333333333333,0.3060171308904338,0.0,0.06515151515151515,0.5770089285714286,0.75,0.0,1.0
2,baseline,per_site,LinearTS,"lam=0.1,sigma=0.5",test,232,192,0.39113488256486545,0.375,0.30268756286529597,0.0,0.16532258064516128,0.5595238095238095,0.8333333333333334,0.0,1.0
2,baseline,per_site,LinearTS,"lam=0.1,sigma=0.5",train,232,192,0.3721242284857534,0.375,0.3059123983676669,0.0,0.065625,0.5875,0.7950000000000004,0.0,1.0
2,baseline,per_site,LinearTS,"lam=0.1,sigma=1.0",test,232,192,0.3909930573377389,0.375,0.3035482086751907,0.0,0.15534274193548386,0.5595238095238095,0.8333333333333334,0.0,1.0
2,baseline,per_site,LinearTS,"lam=0.1,sigma=1.0",train,232,192,0.37081062190654673,0.375,0.3055816463965605,0.0,0.065625,0.5744047619047619,0.7950000000000004,0.0,1.0
2,baseline,per_site,LinearTS,"lam=1.0,sigma=0.1",test,232,192,0.3886538149716708,0.4,0.30058863681690573,0.0,0.13437500000000002,0.5714285714285714,0.7969230769230772,0.0,1.0
2,baseline,per_site,LinearTS,"lam=1.0,sigma=0.1",train,232,192,0.3618377562439458,0.3333333333333333,0.3025428557511274,0.0,0.06470588235294117,0.5311004784688995,0.75,0.0,1.0
2,baseline,per_site,LinearTS,"lam=1.0,sigma=0.5",test,232,192,0.3882601518730702,0.36602870813397126,0.30153131974970593,0.0,0.16666666666666666,0.5555555555555556,0.8300000000000002,0.0,1.0
2,baseline,per_site,LinearTS,"lam=1.0,sigma=0.5",train,232,192,0.369326086627418,0.3333333333333333,0.3047405724338741,0.0,0.06470588235294117,0.5744047619047619,0.75,0.0,1.0
2,baseline,per_site,LinearTS,"lam=1.0,sigma=1.0",test,232,192,0.38817085115448496,0.3693181818181818,0.30175952158700503,0.0,0.16666666666666666,0.5619747899159664,0.8300000000000002,0.0,1.0
2,baseline,per_site,LinearTS,"lam=1.0,sigma=1.0",train,232,192,0.3714199915759761,0.35416666666666663,0.3039566481555821,0.0,0.065625,0.5595238095238095,0.7950000000000004,0.0,1.0
2,baseline,per_site,LinearTS,"lam=10.0,sigma=0.1",test,232,192,0.3911318755794058,0.4,0.3027229759237617,0.0,0.15109890109890112,0.5647321428571428,0.7969230769230772,0.0,1.0
2,baseline,per_site,LinearTS,"lam=10.0,sigma=0.1",train,232,192,0.37308631115187785,0.3333333333333333,0.3047322556486203,0.0,0.10416666666666666,0.547979797979798,0.7950000000000004,0.0,1.0
2,baseline,per_site,LinearTS,"lam=10.0,sigma=0.5",test,232,192,0.3853499323847754,0.375,0.29985934138950626,0.0,0.125,0.5572916666666667,0.8,0.0,1.0
2,baseline,per_site,LinearTS,"lam=10.0,sigma=0.5",train,232,192,0.3641748448410316,0.3333333333333333,0.3018233060583173,0.0,0.07023809523809524,0.5555555555555556,0.7486842105263158,0.0,1.0
2,baseline,per_site,LinearTS,"lam=10.0,sigma=1.0",test,232,192,0.3854584986640582,0.375,0.30204759469168313,0.0,0.125,0.5555555555555556,0.8300000000000002,0.0,1.0
2,baseline,per_site,LinearTS,"lam=10.0,sigma=1.0",train,232,192,0.3653515558432625,0.3333333333333333,0.30069327188593936,0.0,0.06666666666666667,0.5,0.7477272727272729,0.0,1.0
2,baseline,per_site,RandomPolicy,,test,232,202,0.3568291120028715,0.3333333333333333,0.2975876314538219,0.0,0.019230769230769232,0.5,0.75,0.0,1.0
2,baseline,per_site,RandomPolicy,,train,232,200,0.39225610417573337,0.35294117647058826,0.31977571691907886,0.0,0.09065934065934066,0.6,0.8714285714285706,0.0,1.0
2,baseline,pooled,LinUCB,alpha=0.1,test,232,214,0.3650008481679155,0.3568181818181818,0.3246679666105099,0.0,0.0,0.5555555555555556,1.0,0.0,1.0
2,baseline,pooled,LinUCB,alpha=0.1,train,1,1,0.36197094125078966,0.36197094125078966,0.0,0.36197094125078966,0.36197094125078966,0.36197094125078966,0.36197094125078966,0.36197094125078966,0.36197094125078966
2,baseline,pooled,LinUCB,alpha=0.5,test,232,214,0.3617067873201905,0.3333333333333333,0.32373135555548566,0.0,0.0,0.5,1.0,0.0,1.0
2,baseline,pooled,LinUCB,alpha=0.5,train,1,1,0.3472498343273691,0.3472498343273691,0.0,0.3472498343273691,0.3472498343273691,0.3472498343273691,0.3472498343273691,0.3472498343273691,0.3472498343273691
2,baseline,pooled,LinUCB,alpha=1.0,test,232,214,0.36210228401041794,0.3333333333333333,0.3235896382276036,0.0,0.0,0.5,1.0,0.0,1.0
2,baseline,pooled,LinUCB,alpha=1.0,train,1,1,0.354251012145749,0.354251012145749,0.0,0.354251012145749,0.354251012145749,0.354251012145749,0.354251012145749,0.354251012145749,0.354251012145749
2,baseline,pooled,LinUCB,alpha=2.0,test,232,214,0.36155785507896265,0.3333333333333333,0.32436786276444707,0.0,0.0,0.5138888888888888,1.0,0.0,1.0
2,baseline,pooled,LinUCB,alpha=2.0,train,1,1,0.3615977575332866,0.3615977575332866,0.0,0.3615977575332866,0.3615977575332866,0.3615977575332866,0.3615977575332866,0.3615977575332866,0.3615977575332866
2,baseline,pooled,LinearTS,"lam=0.1,sigma=0.1",test,232,192,0.38795108445118126,0.375,0.30131151077520507,0.0,0.16666666666666666,0.5572916666666667,0.8300000000000002,0.0,1.0
2,baseline,pooled,LinearTS,"lam=0.1,sigma=0.1",train,1,1,0.36567656765676565,0.36567656765676565,0.0,0.36567656765676565,0.36567656765676565,0.36567656765676565,0.36567656765676565,0.36567656765676565,0.36567656765676565
2,baseline,pooled,LinearTS,"lam=0.1,sigma=0.5",test,232,192,0.39113488256486545,0.375,0.30268756286529597,0.0,0.16532258064516128,0.5595238095238095,0.8333333333333334,0.0,1.0
2,baseline,pooled,LinearTS,"lam=0.1,sigma=0.5",train,1,1,0.3641379310344828,0.3641379310344828,0.0,0.3641379310344828,0.3641379310344828,0.3641379310344828,0.3641379310344828,0.3641379310344828,0.3641379310344828
2,baseline,pooled,LinearTS,"lam=0.1,sigma=1.0",test,232,192,0.3909930573377389,0.375,0.3035482086751907,0.0,0.15534274193548386,0.5595238095238095,0.8333333333333334,0.0,1.0
2,baseline,pooled,LinearTS,"lam=0.1,sigma=1.0",train,1,1,0.35815842924847663,0.35815842924847663,0.0,0.35815842924847663,0.35815842924847663,0.35815842924847663,0.35815842924847663,0.35815842924847663,0.35815842924847663
2,baseline,pooled,LinearTS,"lam=1.0,sigma=0.1",test,232,192,0.3886538149716708,0.4,0.30058863681690573,0.0,0.13437500000000002,0.5714285714285714,0.7969230769230772,0.0,1.0
2,baseline,pooled,LinearTS,"lam=1.0,sigma=0.1",train,1,1,0.3328631875881523,0.3328631875881523,0.0,0.3328631875881523,0.3328631875881523,0.3328631875881523,0.3328631875881523,0.3328631875881523,0.3328631875881523
2,baseline,pooled,LinearTS,"lam=1.0,sigma=0.5",test,232,192,0.3882601518730702,0.36602870813397126,0.30153131974970593,0.0,0.16666666666666666,0.5555555555555556,0.8300000000000002,0.0,1.0
2,baseline,pooled,LinearTS,"lam=1.0,sigma=0.5",train,1,1,0.352827763496144,0.352827763496144,0.0,0.352827763496144,0.352827763496144,0.352827763496144,0.352827763496144,0.352827763496144,0.352827763496144
2,baseline,pooled,LinearTS,"lam=1.0,sigma=1.0",test,232,192,0.38817085115448496,0.3693181818181818,0.30175952158700503,0.0,0.16666666666666666,0.5619747899159664,0.8300000000000002,0.0,1.0
2,baseline,pooled,LinearTS,"lam=1.0,sigma=1.0",train,1,1,0.36062378167641324,0.36062378167641324,0.0,0.36062378167641324,0.36062378167641324,0.36062378167641324,0.36062378167641324,0.36062378167641324,0.36062378167641324
2,baseline,pooled,LinearTS,"lam=10.0,sigma=0.1",test,232,192,0.3911318755794058,0.4,0.3027229759237617,0.0,0.15109890109890112,0.5647321428571428,0.7969230769230772,0.0,1.0
2,baseline,pooled,LinearTS,"lam=10.0,sigma=0.1",train,1,1,0.34485006518904826,0.34485006518904826,0.0,0.34485006518904826,0.34485006518904826,0.34485006518904826,0.34485006518904826,0.34485006518904826,0.34485006518904826
2,baseline,pooled,LinearTS,"lam=10.0,sigma=0.5",test,232,192,0.3853499323847754,0.375,0.29985934138950626,0.0,0.125,0.5572916666666667,0.8,0.0,1.0
2,baseline,pooled,LinearTS,"lam=10.0,sigma=0.5",train,1,1,0.3612531969309463,0.3612531969309463,0.0,0.3612531969309463,0.3612531969309463,0.3612531969309463,0.3612531969309463,0.3612531969309463,0.3612531969309463
2,baseline,pooled,LinearTS,"lam=10.0,sigma=1.0",test,232,192,0.3854584986640582,0.375,0.30204759469168313,0.0,0.125,0.5555555555555556,0.8300000000000002,0.0,1.0
2,baseline,pooled,LinearTS,"lam=10.0,sigma=1.0",train,1,1,0.3594855305466238,0.3594855305466238,0.0,0.3594855305466238,0.3594855305466238,0.3594855305466238,0.3594855305466238,0.3594855305466238,0.3594855305466238
2,baseline,pooled,RandomPolicy,,test,232,202,0.3568291120028715,0.3333333333333333,0.2975876314538219,0.0,0.019230769230769232,0.5,0.75,0.0,1.0
2,baseline,pooled,RandomPolicy,,train,1,1,0.36375,0.36375,0.0,0.36375,0.36375,0.36375,0.36375,0.36375,0.36375
2,baseline_plus_sitehash32,per_site,LinUCB,alpha=0.1,test,232,214,0.36490488688620654,0.3568181818181818,0.3247450813470183,0.0,0.0,0.5555555555555556,1.0,0.0,1.0
2,baseline_plus_sitehash32,per_site,LinUCB,alpha=0.1,train,232,209,0.3545451543689485,0.3333333333333333,0.3165841064715426,0.0,0.0,0.5454545454545454,0.8066666666666673,0.0,1.0
2,baseline_plus_sitehash32,per_site,LinUCB,alpha=0.5,test,232,214,0.36174405725025793,0.3333333333333333,0.323798408314534,0.0,0.0,0.5129310344827587,1.0,0.0,1.0
2,baseline_plus_sitehash32,per_site,LinUCB,alpha=0.5,train,232,209,0.3555565014504036,0.3333333333333333,0.31387331729893025,0.0,0.0,0.5555555555555556,0.8066666666666673,0.0,1.0
2,baseline_plus_sitehash32,per_site,LinUCB,alpha=1.0,test,232,214,0.36159706258528207,0.3333333333333333,0.323767704740962,0.0,0.0,0.5,1.0,0.0,1.0
2,baseline_plus_sitehash32,per_site,LinUCB,alpha=1.0,train,232,209,0.3563438528384278,0.3333333333333333,0.31328660643474515,0.0,0.0,0.5454545454545454,0.8066666666666673,0.0,1.0
2,baseline_plus_sitehash32,per_site,LinUCB,alpha=2.0,test,232,214,0.36160402995244356,0.3333333333333333,0.32434803959825204,0.0,0.0,0.5138888888888888,1.0,0.0,1.0
2,baseline_plus_sitehash32,per_site,LinUCB,alpha=2.0,train,232,209,0.35840540836220575,0.3333333333333333,0.31338161749407445,0.0,0.0,0.5454545454545454,0.8066666666666673,0.0,1.0
2,baseline_plus_sitehash32,per_site,LinearTS,"lam=0.1,sigma=0.1",test,232,195,0.3727943244073499,0.3333333333333333,0.32461505947229935,0.0,0.0,0.5590277777777778,1.0,0.0,1.0
2,baseline_plus_sitehash32,per_site,LinearTS,"lam=0.1,sigma=0.1",train,232,186,0.39624990527410514,0.3333333333333333,0.3059919258490117,0.0,0.16666666666666666,0.5,1.0,0.0,1.0
2,baseline_plus_sitehash32,per_site,LinearTS,"lam=0.1,sigma=0.5",test,232,195,0.3738840433720835,0.3333333333333333,0.323103159876543,0.0,0.0,0.5419580419580419,1.0,0.0,1.0
2,baseline_plus_sitehash32,per_site,LinearTS,"lam=0.1,sigma=0.5",train,232,186,0.39460653622564495,0.3333333333333333,0.3054864040660871,0.0,0.16810344827586207,0.5,1.0,0.0,1.0
2,baseline_plus_sitehash32,per_site,LinearTS,"lam=0.1,sigma=1.0",test,232,195,0.3735112231835696,0.3333333333333333,0.32258412103014755,0.0,0.0,0.5384615384615384,1.0,0.0,1.0
2,baseline_plus_sitehash32,per_site,LinearTS,"lam=0.1,sigma=1.0",train,232,186,0.3943739119420586,0.3333333333333333,0.30547030109900686,0.0,0.16810344827586207,0.5,1.0,0.0,1.0
2,baseline_plus_sitehash32,per_site,LinearTS,"lam=1.0,sigma=0.1",test,232,195,0.36982302066099043,0.36363636363636365,0.320269264245968,0.0,0.0,0.5555555555555556,1.0,0.0,1.0
2,baseline_plus_sitehash32,per_site,LinearTS,"lam=1.0,sigma=0.1",train,232,186,0.39827435555709856,0.3333333333333333,0.30598258382275173,0.0,0.17647058823529413,0.5714285714285714,1.0,0.0,1.0
2,baseline_plus_sitehash32,per_site,LinearTS,"lam=1.0,sigma=0.5",test,232,195,0.3729328522564989,0.3333333333333333,0.3235103033700982,0.0,0.0,0.5470085470085471,1.0,0.0,1.0
2,baseline_plus_sitehash32,per_site,LinearTS,"lam=1.0,sigma=0.5",train,232,186,0.3941691916611828,0.3333333333333333,0.30559325376708635,0.0,0.16666666666666666,0.5178571428571429,1.0,0.0,1.0
2,baseline_plus_sitehash32,per_site,LinearTS,"lam=1.0,sigma=1.0",test,232,195,0.3727690327078451,0.3333333333333333,0.3232700562844112,0.0,0.0,0.5419580419580419,1.0,0.0,1.0
2,baseline_plus_sitehash32,per_site,LinearTS,"lam=1.0,sigma=1.0",train,232,186,0.39521442821239755,0.3333333333333333,0.30546335585398293,0.0,0.16666666666666666,0.5,1.0,0.0,1.0
2,baseline_plus_sitehash32,per_site,LinearTS,"lam=10.0,sigma=0.1",test,232,195,0.3744502158225154,0.3333333333333333,0.323600408171263,0.0,0.0,0.5669642857142857,1.0,0.0,1.0
2,baseline_plus_sitehash32,per_site,LinearTS,"lam=10.0,sigma=0.1",train,232,186,0.40201838017242436,0.3798076923076923,0.3088542381641493,0.0,0.15885416666666666,0.5840336134453782,1.0,0.0,1.0
2,baseline_plus_sitehash32,per_site,LinearTS,"lam=10.0,sigma=0.5",test,232,195,0.37260841760008145,0.3333333333333333,0.32212907135855773,0.0,0.0,0.5634920634920635,1.0,0.0,1.0
2,baseline_plus_sitehash32,per_site,LinearTS,"lam=10.0,sigma=0.5",train,232,186,0.3943764422446224,0.3333333333333333,0.3055844108065709,0.0,0.16666666666666666,0.5582386363636364,1.0,0.0,1.0
2,baseline_plus_sitehash32,per_site,LinearTS,"lam=10.0,sigma=1.0",test,232,195,0.37296165450045937,0.3333333333333333,0.3232036478519281,0.0,0.0,0.5634920634920635,1.0,0.0,1.0
2,baseline_plus_sitehash32,per_site,LinearTS,"lam=10.0,sigma=1.0",train,232,186,0.39317712376312036,0.3333333333333333,0.3080786132666965,0.0,0.14527845036319612,0.55,1.0,0.0,1.0
2,baseline_plus_sitehash32,per_site,RandomPolicy,,test,232,202,0.3568291120028715,0.3333333333333333,0.2975876314538219,0.0,0.019230769230769232,0.5,0.75,0.0,1.0
2,baseline_plus_sitehash32,per_site,RandomPolicy,,train,232,200,0.39225610417573337,0.35294117647058826,0.31977571691907886,0.0,0.09065934065934066,0.6,0.8714285714285706,0.0,1.0
2,baseline_plus_sitehash32,pooled,LinUCB,alpha=0.1,test,232,214,0.36490488688620654,0.3568181818181818,0.3247450813470183,0.0,0.0,0.5555555555555556,1.0,0.0,1.0
2,baseline_plus_sitehash32,pooled,LinUCB,alpha=0.1,train,1,1,0.33785714285714286,0.33785714285714286,0.0,0.33785714285714286,0.33785714285714286,0.33785714285714286,0.33785714285714286,0.33785714285714286,0.33785714285714286
2,baseline_plus_sitehash32,pooled,LinUCB,alpha=0.5,test,232,214,0.36174405725025793,0.3333333333333333,0.323798408314534,0.0,0.0,0.5129310344827587,1.0,0.0,1.0
2,baseline_plus_sitehash32,pooled,LinUCB,alpha=0.5,train,1,1,0.3537702607470049,0.3537702607470049,0.0,0.3537702607470049,0.3537702607470049,0.3537702607470049,0.3537702607470049,0.3537702607470049,0.3537702607470049
2,baseline_plus_sitehash32,pooled,LinUCB,alpha=1.0,test,232,214,0.36159706258528207,0.3333333333333333,0.323767704740962,0.0,0.0,0.5,1.0,0.0,1.0
2,baseline_plus_sitehash32,pooled,LinUCB,alpha=1.0,train,1,1,0.3863031914893617,0.3863031914893617,0.0,0.3863031914893617,0.3863031914893617,0.3863031914893617,0.3863031914893617,0.3863031914893617,0.3863031914893617
2,baseline_plus_sitehash32,pooled,LinUCB,alpha=2.0,test,232,214,0.36160402995244356,0.3333333333333333,0.32434803959825204,0.0,0.0,0.5138888888888888,1.0,0.0,1.0
2,baseline_plus_sitehash32,pooled,LinUCB,alpha=2.0,train,1,1,0.36767676767676766,0.36767676767676766,0.0,0.36767676767676766,0.36767676767676766,0.36767676767676766,0.36767676767676766,0.36767676767676766,0.36767676767676766
2,baseline_plus_sitehash32,pooled,LinearTS,"lam=0.1,sigma=0.1",test,232,195,0.3727943244073499,0.3333333333333333,0.32461505947229935,0.0,0.0,0.5590277777777778,1.0,0.0,1.0
2,baseline_plus_sitehash32,pooled,LinearTS,"lam=0.1,sigma=0.1",train,1,1,0.35899230230930723,0.35899230230930723,0.0,0.35899230230930723,0.35899230230930723,0.35899230230930723,0.35899230230930723,0.35899230230930723,0.35899230230930723
2,baseline_plus_sitehash32,pooled,LinearTS,"lam=0.1,sigma=0.5",test,232,195,0.3738840433720835,0.3333333333333333,0.323103159876543,0.0,0.0,0.5419580419580419,1.0,0.0,1.0
2,baseline_plus_sitehash32,pooled,LinearTS,"lam=0.1,sigma=0.5",train,1,1,0.3834296724470135,0.3834296724470135,0.0,0.3834296724470135,0.3834296724470135,0.3834296724470135,0.3834296724470135,0.3834296724470135,0.3834296724470135
2,baseline_plus_sitehash32,pooled,LinearTS,"lam=0.1,sigma=1.0",test,232,195,0.3735112231835696,0.3333333333333333,0.32258412103014755,0.0,0.0,0.5384615384615384,1.0,0.0,1.0
2,baseline_plus_sitehash32,pooled,LinearTS,"lam=0.1,sigma=1.0",train,1,1,0.382219338092148,0.382219338092148,0.0,0.382219338092148,0.382219338092148,0.382219338092148,0.382219338092148,0.382219338092148,0.382219338092148
2,baseline_plus_sitehash32,pooled,LinearTS,"lam=1.0,sigma=0.1",test,232,195,0.36982302066099043,0.36363636363636365,0.320269264245968,0.0,0.0,0.5555555555555556,1.0,0.0,1.0
2,baseline_plus_sitehash32,pooled,LinearTS,"lam=1.0,sigma=0.1",train,1,1,0.34054834054834054,0.34054834054834054,0.0,0.34054834054834054,0.34054834054834054,0.34054834054834054,0.34054834054834054,0.34054834054834054,0.34054834054834054
2,baseline_plus_sitehash32,pooled,LinearTS,"lam=1.0,sigma=0.5",test,232,195,0.3729328522564989,0.3333333333333333,0.3235103033700982,0.0,0.0,0.5470085470085471,1.0,0.0,1.0
2,baseline_plus_sitehash32,pooled,LinearTS,"lam=1.0,sigma=0.5",train,1,1,0.3786788750817528,0.3786788750817528,0.0,0.3786788750817528,0.3786788750817528,0.3786788750817528,0.3786788750817528,0.3786788750817528,0.3786788750817528
2,baseline_plus_sitehash32,pooled,LinearTS,"lam=1.0,sigma=1.0",test,232,195,0.3727690327078451,0.3333333333333333,0.3232700562844112,0.0,0.0,0.5419580419580419,1.0,0.0,1.0
2,baseline_plus_sitehash32,pooled,LinearTS,"lam=1.0,sigma=1.0",train,1,1,0.39283387622149835,0.39283387622149835,0.0,0.39283387622149835,0.39283387622149835,0.39283387622149835,0.39283387622149835,0.39283387622149835,0.39283387622149835
2,baseline_plus_sitehash32,pooled,LinearTS,"lam=10.0,sigma=0.1",test,232,195,0.3744502158225154,0.3333333333333333,0.323600408171263,0.0,0.0,0.5669642857142857,1.0,0.0,1.0
2,baseline_plus_sitehash32,pooled,LinearTS,"lam=10.0,sigma=0.1",train,1,1,0.35131195335276966,0.35131195335276966,0.0,0.35131195335276966,0.35131195335276966,0.35131195335276966,0.35131195335276966,0.35131195335276966,0.35131195335276966
2,baseline_plus_sitehash32,pooled,LinearTS,"lam=10.0,sigma=0.5",test,232,195,0.37260841760008145,0.3333333333333333,0.32212907135855773,0.0,0.0,0.5634920634920635,1.0,0.0,1.0
2,baseline_plus_sitehash32,pooled,LinearTS,"lam=10.0,sigma=0.5",train,1,1,0.3830749354005168,0.3830749354005168,0.0,0.3830749354005168,0.3830749354005168,0.3830749354005168,0.3830749354005168,0.3830749354005168,0.3830749354005168
2,baseline_plus_sitehash32,pooled,LinearTS,"lam=10.0,sigma=1.0",test,232,195,0.37296165450045937,0.3333333333333333,0.3232036478519281,0.0,0.0,0.5634920634920635,1.0,0.0,1.0
2,baseline_plus_sitehash32,pooled,LinearTS,"lam=10.0,sigma=1.0",train,1,1,0.3742414025623736,0.3742414025623736,0.0,0.3742414025623736,0.3742414025623736,0.3742414025623736,0.3742414025623736,0.3742414025623736,0.3742414025623736
2,baseline_plus_sitehash32,pooled,RandomPolicy,,test,232,202,0.3568291120028715,0.3333333333333333,0.2975876314538219,0.0,0.019230769230769232,0.5,0.75,0.0,1.0
2,baseline_plus_sitehash32,pooled,RandomPolicy,,train,1,1,0.36375,0.36375,0.0,0.36375,0.36375,0.36375,0.36375,0.36375,0.36375
3,baseline,per_site,LinUCB,alpha=0.1,test,232,211,0.3332115671643639,0.2916666666666667,0.30705952481961385,0.0,0.0,0.5,0.75,0.0,1.0
3,baseline,per_site,LinUCB,alpha=0.1,train,232,212,0.3865308911181705,0.38461538461538464,0.3316263406408363,0.0,0.0,0.5911764705882353,1.0,0.0,1.0
3,baseline,per_site,LinUCB,alpha=0.5,test,232,211,0.33258474814077144,0.3,0.30501561916349546,0.0,0.0,0.5,0.75,0.0,1.0
3,baseline,per_site,LinUCB,alpha=0.5,train,232,212,0.3846282048676997,0.3548951048951049,0.3301290170217135,0.0,0.0,0.5744047619047619,1.0,0.0,1.0
3,baseline,per_site,LinUCB,alpha=1.0,test,232,211,0.33407312851258986,0.30434782608695654,0.304800696667333,0.0,0.0,0.5,0.75,0.0,1.0
3,baseline,per_site,LinUCB,alpha=1.0,train,232,212,0.38432228257219064,0.36602870813397126,0.32977186645412737,0.0,0.0,0.5595238095238095,1.0,0.0,1.0
3,baseline,per_site,LinUCB,alpha=2.0,test,232,211,0.3349377634126652,0.2777777777777778,0.3050147813891941,0.0,0.0,0.5,0.75,0.0,1.0
3,baseline,per_site,LinUCB,alpha=2.0,train,232,212,0.385002004110186,0.36363636363636365,0.3304588527639952,0.0,0.0,0.5833333333333334,1.0,0.0,1.0
3,baseline,per_site,LinearTS,"lam=0.1,sigma=0.1",test,232,194,0.3615393357915307,0.3333333333333333,0.3005878274704055,0.0,0.07173913043478261,0.5384615384615384,0.7392857142857149,0.0,1.0
3,baseline,per_site,LinearTS,"lam=0.1,sigma=0.1",train,232,190,0.39535734391032173,0.4,0.30615824354783466,0.0,0.10131578947368422,0.5923713235294118,0.8,0.0,1.0
3,baseline,per_site,LinearTS,"lam=0.1,sigma=0.5",test,232,194,0.3621868180148167,0.3333333333333333,0.3010820520100637,0.0,0.07173913043478261,0.5414438502673796,0.7742857142857158,0.0,1.0
3,baseline,per_site,LinearTS,"lam=0.1,sigma=0.5",train,232,190,0.40148161382549663,0.40454545454545454,0.306586599590373,0.0,0.10277777777777777,0.6,0.8033333333333332,0.0,1.0
3,baseline,per_site,LinearTS,"lam=0.1,sigma=1.0",test,232,194,0.3619285709410543,0.3333333333333333,0.30201731258497455,0.0,0.07173913043478261,0.5490196078431373,0.7742857142857158,0.0,1.0
3,baseline,per_site,LinearTS,"lam=0.1,sigma=1.0",train,232,190,0.4002745455386227,0.4,0.30627226385000017,0.0,0.10277777777777777,0.5970588235294118,0.8033333333333332,0.0,1.0
3,baseline,per_site,LinearTS,"lam=1.0,sigma=0.1",test,232,194,0.3597450064162785,0.3333333333333333,0.2994396015760922,0.0,0.060784313725490195,0.5424242424242424,0.7142857142857143,0.0,1.0
3,baseline,per_site,LinearTS,"lam=1.0,sigma=0.1",train,232,190,0.3910728969928439,0.4,0.30350627679458175,0.0,0.12580128205128205,0.6,0.8,0.0,1.0
3,baseline,per_site,LinearTS,"lam=1.0,sigma=0.5",test,232,194,0.35998214909581644,0.3333333333333333,0.299576386100827,0.0,0.075,0.5286377708978328,0.7392857142857149,0.0,1.0
3,baseline,per_site,LinearTS,"lam=1.0,sigma=0.5",train,232,190,0.3980001098289757,0.4,0.3058399714404534,0.0,0.10131578947368422,0.5970588235294118,0.8,0.0,1.0
3,baseline,per_site,LinearTS,"lam=1.0,sigma=1.0",test,232,194,0.361975762882915,0.3333333333333333,0.29993274758860683,0.0,0.07631578947368421,0.5490196078431373,0.7742857142857158,0.0,1.0
3,baseline,per_site,LinearTS,"lam=1.0,sigma=1.0",train,232,190,0.39799023055243693,0.40454545454545454,0.30497941691216846,0.0,0.10470085470085469,0.5970588235294118,0.8,0.0,1.0
3,baseline,per_site,LinearTS,"lam=10.0,sigma=0.1",test,232,194,0.36320703305889085,0.3333333333333333,0.30390595990627417,0.0,0.09595959595959597,0.5251716247139588,0.75,0.0,1.0
3,baseline,per_site,LinearTS,"lam=10.0,sigma=0.1",train,232,190,0.40140909178411405,0.42857142857142855,0.30260385088410896,0.0,0.15471045808124462,0.5714285714285714,0.8,0.0,1.0
3,baseline,per_site,LinearTS,"lam=10.0,sigma=0.5",test,232,194,0.35759490143008577,0.3333333333333333,0.2989616551536403,0.0,0.07357142857142857,0.5416666666666667,0.7233766233766236,0.0,1.0
3,baseline,per_site,LinearTS,"lam=10.0,sigma=0.5",train,232,190,0.3922912965785173,0.4,0.3021208024930714,0.0,0.1357142857142857,0.576388888888889,0.8,0.0,1.0
3,baseline,per_site,LinearTS,"lam=10.0,sigma=1.0",test,232,194,0.35619603254984955,0.3333333333333333,0.2983335182993921,0.0,0.07384169884169883,0.5,0.7233766233766236,0.0,1.0
3,baseline,per_site,LinearTS,"lam=10.0,sigma=1.0",train,232,190,0.3950184218459724,0.4,0.3035251067127136,0.0,0.12948717948717947,0.5555555555555556,0.8033333333333332,0.0,1.0
3,baseline,per_site,RandomPolicy,,test,232,201,0.38427487441897407,0.35294117647058826,0.31459673105551605,0.0,0.09523809523809523,0.5714285714285714,0.8571428571428571,0.0,1.0
3,baseline,per_site,RandomPolicy,,train,232,201,0.36463408806722847,0.3333333333333333,0.30366148033657087,0.0,0.0,0.5833333333333334,0.75,0.0,1.0
3,baseline,pooled,LinUCB,alpha=0.1,test,232,211,0.3332115671643639,0.2916666666666667,0.30705952481961385,0.0,0.0,0.5,0.75,0.0,1.0
3,baseline,pooled,LinUCB,alpha=0.1,train,1,1,0.36647546207775655,0.36647546207775655,0.0,0.36647546207775655,0.36647546207775655,0.36647546207775655,0.36647546207775655,0.36647546207775655,0.36647546207775655
3,baseline,pooled,LinUCB,alpha=0.5,test,232,211,0.33258474814077144,0.3,0.30501561916349546,0.0,0.0,0.5,0.75,0.0,1.0
3,baseline,pooled,LinUCB,alpha=0.5,train,1,1,0.35617367706919945,0.35617367706919945,0.0,0.35617367706919945,0.35617367706919945,0.35617367706919945,0.35617367706919945,0.35617367706919945,0.35617367706919945
3,baseline,pooled,LinUCB,alpha=1.0,test,232,211,0.33407312851258986,0.30434782608695654,0.304800696667333,0.0,0.0,0.5,0.75,0.0,1.0
3,baseline,pooled,LinUCB,alpha=1.0,train,1,1,0.3492957746478873,0.3492957746478873,0.0,0.3492957746478873,0.3492957746478873,0.3492957746478873,0.3492957746478873,0.3492957746478873,0.3492957746478873
3,baseline,pooled,LinUCB,alpha=2.0,test,232,211,0.3349377634126652,0.2777777777777778,0.3050147813891941,0.0,0.0,0.5,0.75,0.0,1.0
3,baseline,pooled,LinUCB,alpha=2.0,train,1,1,0.38490284005979075,0.38490284005979075,0.0,0.38490284005979075,0.38490284005979075,0.38490284005979075,0.38490284005979075,0.38490284005979075,0.38490284005979075
3,baseline,pooled,LinearTS,"lam=0.1,sigma=0.1",test,232,194,0.3615393357915307,0.3333333333333333,0.3005878274704055,0.0,0.07173913043478261,0.5384615384615384,0.7392857142857149,0.0,1.0
3,baseline,pooled,LinearTS,"lam=0.1,sigma=0.1",train,1,1,0.36603518267929636,0.36603518267929636,0.0,0.36603518267929636,0.36603518267929636,0.36603518267929636,0.36603518267929636,0.36603518267929636,0.36603518267929636
3,baseline,pooled,LinearTS,"lam=0.1,sigma=0.5",test,232,194,0.3621868180148167,0.3333333333333333,0.3010820520100637,0.0,0.07173913043478261,0.5414438502673796,0.7742857142857158,0.0,1.0
3,baseline,pooled,LinearTS,"lam=0.1,sigma=0.5",train,1,1,0.3732193732193732,0.3732193732193732,0.0,0.3732193732193732,0.3732193732193732,0.3732193732193732,0.3732193732193732,0.3732193732193732,0.3732193732193732
3,baseline,pooled,LinearTS,"lam=0.1,sigma=1.0",test,232,194,0.3619285709410543,0.3333333333333333,0.30201731258497455,0.0,0.07173913043478261,0.5490196078431373,0.7742857142857158,0.0,1.0
3,baseline,pooled,LinearTS,"lam=0.1,sigma=1.0",train,1,1,0.36182336182336183,0.36182336182336183,0.0,0.36182336182336183,0.36182336182336183,0.36182336182336183,0.36182336182336183,0.36182336182336183,0.36182336182336183
3,baseline,pooled,LinearTS,"lam=1.0,sigma=0.1",test,232,194,0.3597450064162785,0.3333333333333333,0.2994396015760922,0.0,0.060784313725490195,0.5424242424242424,0.7142857142857143,0.0,1.0
3,baseline,pooled,LinearTS,"lam=1.0,sigma=0.1",train,1,1,0.3976176971072036,0.3976176971072036,0.0,0.3976176971072036,0.3976176971072036,0.3976176971072036,0.3976176971072036,0.3976176971072036,0.3976176971072036
3,baseline,pooled,LinearTS,"lam=1.0,sigma=0.5",test,232,194,0.35998214909581644,0.3333333333333333,0.299576386100827,0.0,0.075,0.5286377708978328,0.7392857142857149,0.0,1.0
3,baseline,pooled,LinearTS,"lam=1.0,sigma=0.5",train,1,1,0.38204592901878914,0.38204592901878914,0.0,0.38204592901878914,0.38204592901878914,0.38204592901878914,0.38204592901878914,0.38204592901878914,0.38204592901878914
3,baseline,pooled,LinearTS,"lam=1.0,sigma=1.0",test,232,194,0.361975762882915,0.3333333333333333,0.29993274758860683,0.0,0.07631578947368421,0.5490196078431373,0.7742857142857158,0.0,1.0
3,baseline,pooled,LinearTS,"lam=1.0,sigma=1.0",train,1,1,0.37785467128027683,0.37785467128027683,0.0,0.37785467128027683,0.37785467128027683,0.37785467128027683,0.37785467128027683,0.37785467128027683,0.37785467128027683
3,baseline,pooled,LinearTS,"lam=10.0,sigma=0.1",test,232,194,0.36320703305889085,0.3333333333333333,0.30390595990627417,0.0,0.09595959595959597,0.5251716247139588,0.75,0.0,1.0
3,baseline,pooled,LinearTS,"lam=10.0,sigma=0.1",train,1,1,0.412906610703043,0.412906610703043,0.0,0.412906610703043,0.412906610703043,0.412906610703043,0.412906610703043,0.412906610703043,0.412906610703043
3,baseline,pooled,LinearTS,"lam=10.0,sigma=0.5",test,232,194,0.35759490143008577,0.3333333333333333,0.2989616551536403,0.0,0.07357142857142857,0.5416666666666667,0.7233766233766236,0.0,1.0
3,baseline,pooled,LinearTS,"lam=10.0,sigma=0.5",train,1,1,0.3866753755715219,0.3866753755715219,0.0,0.3866753755715219,0.3866753755715219,0.3866753755715219,0.3866753755715219,0.3866753755715219,0.3866753755715219
3,baseline,pooled,LinearTS,"lam=10.0,sigma=1.0",test,232,194,0.35619603254984955,0.3333333333333333,0.2983335182993921,0.0,0.07384169884169883,0.5,0.7233766233766236,0.0,1.0
3,baseline,pooled,LinearTS,"lam=10.0,sigma=1.0",train,1,1,0.37631394533987383,0.37631394533987383,0.0,0.37631394533987383,0.37631394533987383,0.37631394533987383,0.37631394533987383,0.37631394533987383,0.37631394533987383
3,baseline,pooled,RandomPolicy,,test,232,201,0.38427487441897407,0.35294117647058826,0.31459673105551605,0.0,0.09523809523809523,0.5714285714285714,0.8571428571428571,0.0,1.0
3,baseline,pooled,RandomPolicy,,train,1,1,0.3960639606396064,0.3960639606396064,0.0,0.3960639606396064,0.3960639606396064,0.3960639606396064,0.3960639606396064,0.3960639606396064,0.3960639606396064
3,baseline_plus_sitehash32,per_site,LinUCB,alpha=0.1,test,232,211,0.33291485374268387,0.2916666666666667,0.3071645856437089,0.0,0.0,0.5,0.75,0.0,1.0
3,baseline_plus_sitehash32,per_site,LinUCB,alpha=0.1,train,232,212,0.3865308911181705,0.38461538461538464,0.3316263406408363,0.0,0.0,0.5911764705882353,1.0,0.0,1.0
3,baseline_plus_sitehash32,per_site,LinUCB,alpha=0.5,test,232,211,0.33266646083892476,0.3,0.30506276403427485,0.0,0.0,0.5,0.75,0.0,1.0
3,baseline_plus_sitehash32,per_site,LinUCB,alpha=0.5,train,232,212,0.3845844991399832,0.3548951048951049,0.3301622374270418,0.0,0.0,0.5744047619047619,1.0,0.0,1.0
3,baseline_plus_sitehash32,per_site,LinUCB,alpha=1.0,test,232,211,0.33360765796418096,0.2857142857142857,0.30490826029383394,0.0,0.0,0.5,0.75,0.0,1.0
3,baseline_plus_sitehash32,per_site,LinUCB,alpha=1.0,train,232,212,0.3842755698398095,0.36602870813397126,0.32981315351228296,0.0,0.0,0.5595238095238095,1.0,0.0,1.0
3,baseline_plus_sitehash32,per_site,LinUCB,alpha=2.0,test,232,211,0.33498459480093484,0.2777777777777778,0.30499748803185933,0.0,0.0,0.5,0.75,0.0,1.0
3,baseline_plus_sitehash32,per_site,LinUCB,alpha=2.0,train,232,212,0.3849445436534276,0.36363636363636365,0.33043577007141983,0.0,0.0,0.5833333333333334,1.0,0.0,1.0
3,baseline_plus_sitehash32,per_site,LinearTS,"lam=0.1,sigma=0.1",test,232,188,0.38700702757376415,0.3333333333333333,0.3241926464480597,0.0,0.11499999999999999,0.547979797979798,1.0,0.0,1.0
3,baseline_plus_sitehash32,per_site,LinearTS,"lam=0.1,sigma=0.1",train,232,193,0.38155468630336326,0.3333333333333333,0.30753969759072347,0.0,0.13333333333333333,0.5714285714285714,0.9777777777777791,0.0,1.0
3,baseline_plus_sitehash32,per_site,LinearTS,"lam=0.1,sigma=0.5",test,232,188,0.3886107812215367,0.3333333333333333,0.32410146559888536,0.0,0.12152777777777778,0.5402097902097902,1.0,0.0,1.0
3,baseline_plus_sitehash32,per_site,LinearTS,"lam=0.1,sigma=0.5",train,232,193,0.3795097270770847,0.3333333333333333,0.3053934362797835,0.0,0.13333333333333333,0.5,0.9600000000000023,0.0,1.0
3,baseline_plus_sitehash32,per_site,LinearTS,"lam=0.1,sigma=1.0",test,232,188,0.3888653298640785,0.3333333333333333,0.3241497193112829,0.0,0.12152777777777778,0.5384615384615384,1.0,0.0,1.0
3,baseline_plus_sitehash32,per_site,LinearTS,"lam=0.1,sigma=1.0",train,232,193,0.3786609022154002,0.35,0.3047604871797685,0.0,0.13333333333333333,0.5,0.9600000000000023,0.0,1.0
3,baseline_plus_sitehash32,per_site,LinearTS,"lam=1.0,sigma=0.1",test,232,188,0.3894903661064073,0.3333333333333333,0.3230471928970788,0.0,0.1111111111111111,0.5595238095238095,1.0,0.0,1.0
3,baseline_plus_sitehash32,per_site,LinearTS,"lam=1.0,sigma=0.1",train,232,193,0.37808461313217046,0.3333333333333333,0.3042106808414995,0.0,0.14285714285714285,0.5714285714285714,0.818823529411765,0.0,1.0
3,baseline_plus_sitehash32,per_site,LinearTS,"lam=1.0,sigma=0.5",test,232,188,0.38860652230259596,0.3333333333333333,0.3231824022422446,0.0,0.12884615384615383,0.5467032967032966,1.0,0.0,1.0
3,baseline_plus_sitehash32,per_site,LinearTS,"lam=1.0,sigma=0.5",train,232,193,0.3781313453166284,0.3333333333333333,0.306872796432846,0.0,0.125,0.5384615384615384,0.9666666666666686,0.0,1.0
3,baseline_plus_sitehash32,per_site,LinearTS,"lam=1.0,sigma=1.0",test,232,188,0.38970952097929323,0.3333333333333333,0.3237136210366187,0.0,0.13,0.5346153846153846,1.0,0.0,1.0
3,baseline_plus_sitehash32,per_site,LinearTS,"lam=1.0,sigma=1.0",train,232,193,0.37789873099185806,0.3333333333333333,0.3059641187347777,0.0,0.125,0.5384615384615384,0.9600000000000023,0.0,1.0
3,baseline_plus_sitehash32,per_site,LinearTS,"lam=10.0,sigma=0.1",test,232,188,0.3898824652229111,0.3333333333333333,0.32440272830176303,0.0,0.12375,0.5756302521008403,1.0,0.0,1.0
3,baseline_plus_sitehash32,per_site,LinearTS,"lam=10.0,sigma=0.1",train,232,193,0.385986048370747,0.36363636363636365,0.3091765537115703,0.0,0.14285714285714285,0.5714285714285714,0.913636363636365,0.0,1.0
3,baseline_plus_sitehash32,per_site,LinearTS,"lam=10.0,sigma=0.5",test,232,188,0.38680625012054565,0.3333333333333333,0.3241636790631498,0.0,0.1111111111111111,0.5647321428571428,1.0,0.0,1.0
3,baseline_plus_sitehash32,per_site,LinearTS,"lam=10.0,sigma=0.5",train,232,193,0.3797569153722958,0.35,0.30444509964214106,0.0,0.125,0.5555555555555556,0.7978947368421054,0.0,1.0
3,baseline_plus_sitehash32,per_site,LinearTS,"lam=10.0,sigma=1.0",test,232,188,0.38570676850172897,0.3333333333333333,0.3249833226313372,0.0,0.10394736842105262,0.5595238095238095,1.0,0.0,1.0
3,baseline_plus_sitehash32,per_site,LinearTS,"lam=10.0,sigma=1.0",train,232,193,0.38002899051401523,0.3333333333333333,0.30711679818221027,0.0,0.11764705882352941,0.5555555555555556,0.9600000000000023,0.0,1.0
3,baseline_plus_sitehash32,per_site,RandomPolicy,,test,232,201,0.38427487441897407,0.35294117647058826,0.31459673105551605,0.0,0.09523809523809523,0.5714285714285714,0.8571428571428571,0.0,1.0
3,baseline_plus_sitehash32,per_site,RandomPolicy,,train,232,201,0.36463408806722847,0.3333333333333333,0.30366148033657087,0.0,0.0,0.5833333333333334,0.75,0.0,1.0
3,baseline_plus_sitehash32,pooled,LinUCB,alpha=0.1,test,232,211,0.33291485374268387,0.2916666666666667,0.3071645856437089,0.0,0.0,0.5,0.75,0.0,1.0
3,baseline_plus_sitehash32,pooled,LinUCB,alpha=0.1,train,1,1,0.3992974238875878,0.3992974238875878,0.0,0.3992974238875878,0.3992974238875878,0.3992974238875878,0.3992974238875878,0.3992974238875878,0.3992974238875878
3,baseline_plus_sitehash32,pooled,LinUCB,alpha=0.5,test,232,211,0.33266646083892476,0.3,0.30506276403427485,0.0,0.0,0.5,0.75,0.0,1.0
3,baseline_plus_sitehash32,pooled,LinUCB,alpha=0.5,train,1,1,0.38734353268428373,0.38734353268428373,0.0,0.38734353268428373,0.38734353268428373,0.38734353268428373,0.38734353268428373,0.38734353268428373,0.38734353268428373
3,baseline_plus_sitehash32,pooled,LinUCB,alpha=1.0,test,232,211,0.33360765796418096,0.2857142857142857,0.30490826029383394,0.0,0.0,0.5,0.75,0.0,1.0
3,baseline_plus_sitehash32,pooled,LinUCB,alpha=1.0,train,1,1,0.37104377104377106,0.37104377104377106,0.0,0.37104377104377106,0.37104377104377106,0.37104377104377106,0.37104377104377106,0.37104377104377106,0.37104377104377106
3,baseline_plus_sitehash32,pooled,LinUCB,alpha=2.0,test,232,211,0.33498459480093484,0.2777777777777778,0.30499748803185933,0.0,0.0,0.5,0.75,0.0,1.0
3,baseline_plus_sitehash32,pooled,LinUCB,alpha=2.0,train,1,1,0.3696715583508036,0.3696715583508036,0.0,0.3696715583508036,0.3696715583508036,0.3696715583508036,0.3696715583508036,0.3696715583508036,0.3696715583508036
3,baseline_plus_sitehash32,pooled,LinearTS,"lam=0.1,sigma=0.1",test,232,188,0.38700702757376415,0.3333333333333333,0.3241926464480597,0.0,0.11499999999999999,0.547979797979798,1.0,0.0,1.0
3,baseline_plus_sitehash32,pooled,LinearTS,"lam=0.1,sigma=0.1",train,1,1,0.3835616438356164,0.3835616438356164,0.0,0.3835616438356164,0.3835616438356164,0.3835616438356164,0.3835616438356164,0.3835616438356164,0.3835616438356164
3,baseline_plus_sitehash32,pooled,LinearTS,"lam=0.1,sigma=0.5",test,232,188,0.3886107812215367,0.3333333333333333,0.32410146559888536,0.0,0.12152777777777778,0.5402097902097902,1.0,0.0,1.0
3,baseline_plus_sitehash32,pooled,LinearTS,"lam=0.1,sigma=0.5",train,1,1,0.36357744653272844,0.36357744653272844,0.0,0.36357744653272844,0.36357744653272844,0.36357744653272844,0.36357744653272844,0.36357744653272844,0.36357744653272844
3,baseline_plus_sitehash32,pooled,LinearTS,"lam=0.1,sigma=1.0",test,232,188,0.3888653298640785,0.3333333333333333,0.3241497193112829,0.0,0.12152777777777778,0.5384615384615384,1.0,0.0,1.0
3,baseline_plus_sitehash32,pooled,LinearTS,"lam=0.1,sigma=1.0",train,1,1,0.3626302083333333,0.3626302083333333,0.0,0.3626302083333333,0.3626302083333333,0.3626302083333333,0.3626302083333333,0.3626302083333333,0.3626302083333333
3,baseline_plus_sitehash32,pooled,LinearTS,"lam=1.0,sigma=0.1",test,232,188,0.3894903661064073,0.3333333333333333,0.3230471928970788,0.0,0.1111111111111111,0.5595238095238095,1.0,0.0,1.0
3,baseline_plus_sitehash32,pooled,LinearTS,"lam=1.0,sigma=0.1",train,1,1,0.3493421052631579,0.3493421052631579,0.0,0.3493421052631579,0.3493421052631579,0.3493421052631579,0.3493421052631579,0.3493421052631579,0.3493421052631579
3,baseline_plus_sitehash32,pooled,LinearTS,"lam=1.0,sigma=0.5",test,232,188,0.38860652230259596,0.3333333333333333,0.3231824022422446,0.0,0.12884615384615383,0.5467032967032966,1.0,0.0,1.0
3,baseline_plus_sitehash32,pooled,LinearTS,"lam=1.0,sigma=0.5",train,1,1,0.3683510638297872,0.3683510638297872,0.0,0.3683510638297872,0.3683510638297872,0.3683510638297872,0.3683510638297872,0.3683510638297872,0.3683510638297872
3,baseline_plus_sitehash32,pooled,LinearTS,"lam=1.0,sigma=1.0",test,232,188,0.38970952097929323,0.3333333333333333,0.3237136210366187,0.0,0.13,0.5346153846153846,1.0,0.0,1.0
3,baseline_plus_sitehash32,pooled,LinearTS,"lam=1.0,sigma=1.0",train,1,1,0.3545868575146389,0.3545868575146389,0.0,0.3545868575146389,0.3545868575146389,0.3545868575146389,0.3545868575146389,0.3545868575146389,0.3545868575146389
3,baseline_plus_sitehash32,pooled,LinearTS,"lam=10.0,sigma=0.1",test,232,188,0.3898824652229111,0.3333333333333333,0.32440272830176303,0.0,0.12375,0.5756302521008403,1.0,0.0,1.0
3,baseline_plus_sitehash32,pooled,LinearTS,"lam=10.0,sigma=0.1",train,1,1,0.36977256052824653,0.36977256052824653,0.0,0.36977256052824653,0.36977256052824653,0.36977256052824653,0.36977256052824653,0.36977256052824653,0.36977256052824653
3,baseline_plus_sitehash32,pooled,LinearTS,"lam=10.0,sigma=0.5",test,232,188,0.38680625012054565,0.3333333333333333,0.3241636790631498,0.0,0.1111111111111111,0.5647321428571428,1.0,0.0,1.0
3,baseline_plus_sitehash32,pooled,LinearTS,"lam=10.0,sigma=0.5",train,1,1,0.36286089238845143,0.36286089238845143,0.0,0.36286089238845143,0.36286089238845143,0.36286089238845143,0.36286089238845143,0.36286089238845143,0.36286089238845143
3,baseline_plus_sitehash32,pooled,LinearTS,"lam=10.0,sigma=1.0",test,232,188,0.38570676850172897,0.3333333333333333,0.3249833226313372,0.0,0.10394736842105262,0.5595238095238095,1.0,0.0,1.0
3,baseline_plus_sitehash32,pooled,LinearTS,"lam=10.0,sigma=1.0",train,1,1,0.35705128205128206,0.35705128205128206,0.0,0.35705128205128206,0.35705128205128206,0.35705128205128206,0.35705128205128206,0.35705128205128206,0.35705128205128206
3,baseline_plus_sitehash32,pooled,RandomPolicy,,test,232,201,0.38427487441897407,0.35294117647058826,0.31459673105551605,0.0,0.09523809523809523,0.5714285714285714,0.8571428571428571,0.0,1.0
3,baseline_plus_sitehash32,pooled,RandomPolicy,,train,1,1,0.3960639606396064,0.3960639606396064,0.0,0.3960639606396064,0.3960639606396064,0.3960639606396064,0.3960639606396064,0.3960639606396064,0.3960639606396064
4,baseline,per_site,LinUCB,alpha=0.1,test,232,211,0.37106416803102327,0.3333333333333333,0.33308834431349177,0.0,0.0,0.5714285714285714,1.0,0.0,1.0
4,baseline,per_site,LinUCB,alpha=0.1,train,232,212,0.34885684025559915,0.3333333333333333,0.30751332836401557,0.0,0.0,0.5,0.75,0.0,1.0
4,baseline,per_site,LinUCB,alpha=0.5,test,232,211,0.36721278504331983,0.3333333333333333,0.33266623930927214,0.0,0.0,0.5555555555555556,1.0,0.0,1.0
4,baseline,per_site,LinUCB,alpha=0.5,train,232,212,0.3501635077618615,0.3333333333333333,0.3043716544838727,0.0,0.0,0.5,0.75,0.0,1.0
4,baseline,per_site,LinUCB,alpha=1.0,test,232,211,0.36771602723317004,0.3333333333333333,0.3316053813564772,0.0,0.0,0.5555555555555556,1.0,0.0,1.0
4,baseline,per_site,LinUCB,alpha=1.0,train,232,212,0.35083807677010365,0.3333333333333333,0.3047764644710576,0.0,0.0,0.5,0.75,0.0,1.0
4,baseline,per_site,LinUCB,alpha=2.0,test,232,211,0.3686847608689675,0.3333333333333333,0.33200860254124737,0.0,0.0,0.5555555555555556,1.0,0.0,1.0
4,baseline,per_site,LinUCB,alpha=2.0,train,232,212,0.35141419060414936,0.3333333333333333,0.3052702696489385,0.0,0.0,0.5,0.75,0.0,1.0
4,baseline,per_site,LinearTS,"lam=0.1,sigma=0.1",test,232,187,0.3785375683552038,0.3333333333333333,0.31337006497818587,0.0,0.06274509803921569,0.6,0.842857142857143,0.0,1.0
4,baseline,per_site,LinearTS,"lam=0.1,sigma=0.1",train,232,197,0.37802031068068503,0.375,0.2944834578611678,0.0,0.11764705882352941,0.5555555555555556,0.7576923076923078,0.0,1.0
4,baseline,per_site,LinearTS,"lam=0.1,sigma=0.5",test,232,187,0.3785328370486201,0.3333333333333333,0.3136085417561847,0.0,0.059027777777777776,0.6,0.842857142857143,0.0,1.0
4,baseline,per_site,LinearTS,"lam=0.1,sigma=0.5",train,232,197,0.38456908017069463,0.4,0.29546920436681107,0.0,0.11764705882352941,0.5714285714285714,0.7700000000000004,0.0,1.0
4,baseline,per_site,LinearTS,"lam=0.1,sigma=1.0",test,232,187,0.3785737218474773,0.3333333333333333,0.3144807587704878,0.0,0.059027777777777776,0.6,0.842857142857143,0.0,1.0
4,baseline,per_site,LinearTS,"lam=0.1,sigma=1.0",train,232,197,0.3831117788295665,0.4,0.2951669296232681,0.0,0.11764705882352941,0.5555555555555556,0.7700000000000004,0.0,1.0
4,baseline,per_site,LinearTS,"lam=1.0,sigma=0.1",test,232,187,0.3718606481014769,0.3333333333333333,0.311636291824519,0.0,0.06904761904761905,0.5857142857142856,0.8333333333333334,0.0,1.0
4,baseline,per_site,LinearTS,"lam=1.0,sigma=0.1",train,232,197,0.37845908872295525,0.4,0.292251893596344,0.0,0.125,0.5454545454545454,0.75,0.0,1.0
4,baseline,per_site,LinearTS,"lam=1.0,sigma=0.5",test,232,187,0.3761158525523456,0.3333333333333333,0.312855686347116,0.0,0.06274509803921569,0.5941176470588235,0.842857142857143,0.0,1.0
4,baseline,per_site,LinearTS,"lam=1.0,sigma=0.5",train,232,197,0.3813344840853052,0.3684210526315789,0.293895393567085,0.0,0.11764705882352941,0.5555555555555556,0.75,0.0,1.0
4,baseline,per_site,LinearTS,"lam=1.0,sigma=1.0",test,232,187,0.37753374851414623,0.3333333333333333,0.31310393322271657,0.0,0.06111111111111111,0.6,0.842857142857143,0.0,1.0
4,baseline,per_site,LinearTS,"lam=1.0,sigma=1.0",train,232,197,0.38194228848783335,0.3793103448275862,0.2930220928589109,0.0,0.11764705882352941,0.5555555555555556,0.75,0.0,1.0
4,baseline,per_site,LinearTS,"lam=10.0,sigma=0.1",test,232,187,0.37414119505041815,0.3333333333333333,0.31322892527252205,0.0,0.06666666666666667,0.5669642857142857,0.900000000000001,0.0,1.0
4,baseline,per_site,LinearTS,"lam=10.0,sigma=0.1",train,232,197,0.38967252983745315,0.4,0.29449840995091164,0.0,0.16666666666666666,0.5384615384615384,0.75,0.0,1.0
4,baseline,per_site,LinearTS,"lam=10.0,sigma=0.5",test,232,187,0.37279337695432335,0.3333333333333333,0.3102985386188572,0.0,0.06904761904761905,0.5857843137254902,0.8333333333333334,0.0,1.0
4,baseline,per_site,LinearTS,"lam=10.0,sigma=0.5",train,232,197,0.37663145044109886,0.4,0.29194590923099456,0.0,0.125,0.5333333333333333,0.75,0.0,1.0
4,baseline,per_site,LinearTS,"lam=10.0,sigma=1.0",test,232,187,0.37311181228142704,0.3333333333333333,0.3115004499860038,0.0,0.058333333333333334,0.58125,0.842857142857143,0.0,1.0
4,baseline,per_site,LinearTS,"lam=10.0,sigma=1.0",train,232,197,0.3775818353745113,0.4,0.2917517267027624,0.0,0.125,0.5,0.75,0.0,1.0
4,baseline,per_site,RandomPolicy,,test,232,198,0.3475286298037729,0.3333333333333333,0.3093022623558933,0.0,0.0,0.5437062937062936,0.75,0.0,1.0
4,baseline,per_site,RandomPolicy,,train,232,204,0.4005883958753906,0.35857142857142854,0.30711425075524657,0.0,0.1607142857142857,0.6,0.9571428571428595,0.0,1.0
4,baseline,pooled,LinUCB,alpha=0.1,test,232,211,0.37106416803102327,0.3333333333333333,0.33308834431349177,0.0,0.0,0.5714285714285714,1.0,0.0,1.0
4,baseline,pooled,LinUCB,alpha=0.1,train,1,1,0.3841103086014445,0.3841103086014445,0.0,0.3841103086014445,0.3841103086014445,0.3841103086014445,0.3841103086014445,0.3841103086014445,0.3841103086014445
4,baseline,pooled,LinUCB,alpha=0.5,test,232,211,0.36721278504331983,0.3333333333333333,0.33266623930927214,0.0,0.0,0.5555555555555556,1.0,0.0,1.0
4,baseline,pooled,LinUCB,alpha=0.5,train,1,1,0.3860103626943005,0.3860103626943005,0.0,0.3860103626943005,0.3860103626943005,0.3860103626943005,0.3860103626943005,0.3860103626943005,0.3860103626943005
4,baseline,pooled,LinUCB,alpha=1.0,test,232,211,0.36771602723317004,0.3333333333333333,0.3316053813564772,0.0,0.0,0.5555555555555556,1.0,0.0,1.0
4,baseline,pooled,LinUCB,alpha=1.0,train,1,1,0.3765432098765432,0.3765432098765432,0.0,0.3765432098765432,0.3765432098765432,0.3765432098765432,0.3765432098765432,0.3765432098765432,0.3765432098765432
4,baseline,pooled,LinUCB,alpha=2.0,test,232,211,0.3686847608689675,0.3333333333333333,0.33200860254124737,0.0,0.0,0.5555555555555556,1.0,0.0,1.0
4,baseline,pooled,LinUCB,alpha=2.0,train,1,1,0.3665031534688157,0.3665031534688157,0.0,0.3665031534688157,0.3665031534688157,0.3665031534688157,0.3665031534688157,0.3665031534688157,0.3665031534688157
4,baseline,pooled,LinearTS,"lam=0.1,sigma=0.1",test,232,187,0.3785375683552038,0.3333333333333333,0.31337006497818587,0.0,0.06274509803921569,0.6,0.842857142857143,0.0,1.0
4,baseline,pooled,LinearTS,"lam=0.1,sigma=0.1",train,1,1,0.3940917661847894,0.3940917661847894,0.0,0.3940917661847894,0.3940917661847894,0.3940917661847894,0.3940917661847894,0.3940917661847894,0.3940917661847894
4,baseline,pooled,LinearTS,"lam=0.1,sigma=0.5",test,232,187,0.3785328370486201,0.3333333333333333,0.3136085417561847,0.0,0.059027777777777776,0.6,0.842857142857143,0.0,1.0
4,baseline,pooled,LinearTS,"lam=0.1,sigma=0.5",train,1,1,0.3941368078175896,0.3941368078175896,0.0,0.3941368078175896,0.3941368078175896,0.3941368078175896,0.3941368078175896,0.3941368078175896,0.3941368078175896
4,baseline,pooled,LinearTS,"lam=0.1,sigma=1.0",test,232,187,0.3785737218474773,0.3333333333333333,0.3144807587704878,0.0,0.059027777777777776,0.6,0.842857142857143,0.0,1.0
4,baseline,pooled,LinearTS,"lam=0.1,sigma=1.0",train,1,1,0.3616600790513834,0.3616600790513834,0.0,0.3616600790513834,0.3616600790513834,0.3616600790513834,0.3616600790513834,0.3616600790513834,0.3616600790513834
4,baseline,pooled,LinearTS,"lam=1.0,sigma=0.1",test,232,187,0.3718606481014769,0.3333333333333333,0.311636291824519,0.0,0.06904761904761905,0.5857142857142856,0.8333333333333334,0.0,1.0
4,baseline,pooled,LinearTS,"lam=1.0,sigma=0.1",train,1,1,0.38403263403263405,0.38403263403263405,0.0,0.38403263403263405,0.38403263403263405,0.38403263403263405,0.38403263403263405,0.38403263403263405,0.38403263403263405
4,baseline,pooled,LinearTS,"lam=1.0,sigma=0.5",test,232,187,0.3761158525523456,0.3333333333333333,0.312855686347116,0.0,0.06274509803921569,0.5941176470588235,0.842857142857143,0.0,1.0
4,baseline,pooled,LinearTS,"lam=1.0,sigma=0.5",train,1,1,0.38765117759388923,0.38765117759388923,0.0,0.38765117759388923,0.38765117759388923,0.38765117759388923,0.38765117759388923,0.38765117759388923,0.38765117759388923
4,baseline,pooled,LinearTS,"lam=1.0,sigma=1.0",test,232,187,0.37753374851414623,0.3333333333333333,0.31310393322271657,0.0,0.06111111111111111,0.6,0.842857142857143,0.0,1.0
4,baseline,pooled,LinearTS,"lam=1.0,sigma=1.0",train,1,1,0.39221938775510207,0.39221938775510207,0.0,0.39221938775510207,0.39221938775510207,0.39221938775510207,0.39221938775510207,0.39221938775510207,0.39221938775510207
4,baseline,pooled,LinearTS,"lam=10.0,sigma=0.1",test,232,187,0.37414119505041815,0.3333333333333333,0.31322892527252205,0.0,0.06666666666666667,0.5669642857142857,0.900000000000001,0.0,1.0
4,baseline,pooled,LinearTS,"lam=10.0,sigma=0.1",train,1,1,0.3932038834951456,0.3932038834951456,0.0,0.3932038834951456,0.3932038834951456,0.3932038834951456,0.3932038834951456,0.3932038834951456,0.3932038834951456
4,baseline,pooled,LinearTS,"lam=10.0,sigma=0.5",test,232,187,0.37279337695432335,0.3333333333333333,0.3102985386188572,0.0,0.06904761904761905,0.5857843137254902,0.8333333333333334,0.0,1.0
4,baseline,pooled,LinearTS,"lam=10.0,sigma=0.5",train,1,1,0.372804163955758,0.372804163955758,0.0,0.372804163955758,0.372804163955758,0.372804163955758,0.372804163955758,0.372804163955758,0.372804163955758
4,baseline,pooled,LinearTS,"lam=10.0,sigma=1.0",test,232,187,0.37311181228142704,0.3333333333333333,0.3115004499860038,0.0,0.058333333333333334,0.58125,0.842857142857143,0.0,1.0
4,baseline,pooled,LinearTS,"lam=10.0,sigma=1.0",train,1,1,0.3828972559029994,0.3828972559029994,0.0,0.3828972559029994,0.3828972559029994,0.3828972559029994,0.3828972559029994,0.3828972559029994,0.3828972559029994
4,baseline,pooled,RandomPolicy,,test,232,198,0.3475286298037729,0.3333333333333333,0.3093022623558933,0.0,0.0,0.5437062937062936,0.75,0.0,1.0
4,baseline,pooled,RandomPolicy,,train,1,1,0.3575031525851198,0.3575031525851198,0.0,0.3575031525851198,0.3575031525851198,0.3575031525851198,0.3575031525851198,0.3575031525851198,0.3575031525851198
4,baseline_plus_sitehash32,per_site,LinUCB,alpha=0.1,test,232,211,0.3708535861679463,0.3333333333333333,0.3331583979917866,0.0,0.0,0.5714285714285714,1.0,0.0,1.0
4,baseline_plus_sitehash32,per_site,LinUCB,alpha=0.1,train,232,212,0.3487711149779329,0.3333333333333333,0.3075724405993228,0.0,0.0,0.5,0.75,0.0,1.0
4,baseline_plus_sitehash32,per_site,LinUCB,alpha=0.5,test,232,211,0.3672505848776063,0.3333333333333333,0.3327317936246161,0.0,0.0,0.5555555555555556,1.0,0.0,1.0
4,baseline_plus_sitehash32,per_site,LinUCB,alpha=0.5,train,232,212,0.3501635077618615,0.3333333333333333,0.3043716544838727,0.0,0.0,0.5,0.75,0.0,1.0
4,baseline_plus_sitehash32,per_site,LinUCB,alpha=1.0,test,232,211,0.3676546878353378,0.3333333333333333,0.3316417049615912,0.0,0.0,0.5555555555555556,1.0,0.0,1.0
4,baseline_plus_sitehash32,per_site,LinUCB,alpha=1.0,train,232,212,0.350389139166158,0.3333333333333333,0.3049126096206685,0.0,0.0,0.5,0.75,0.0,1.0
4,baseline_plus_sitehash32,per_site,LinUCB,alpha=2.0,test,232,211,0.3686847608689675,0.3333333333333333,0.33200860254124737,0.0,0.0,0.5555555555555556,1.0,0.0,1.0
4,baseline_plus_sitehash32,per_site,LinUCB,alpha=2.0,train,232,212,0.3514033406328857,0.3333333333333333,0.30521925296453906,0.0,0.0,0.5,0.75,0.0,1.0
4,baseline_plus_sitehash32,per_site,LinearTS,"lam=0.1,sigma=0.1",test,232,188,0.3858170104138094,0.4,0.3155886778846861,0.0,0.08333333333333333,0.5497159090909091,1.0,0.0,1.0
4,baseline_plus_sitehash32,per_site,LinearTS,"lam=0.1,sigma=0.1",train,232,193,0.3827138740032156,0.3333333333333333,0.31615286440274215,0.0,0.14285714285714285,0.5555555555555556,1.0,0.0,1.0
4,baseline_plus_sitehash32,per_site,LinearTS,"lam=0.1,sigma=0.5",test,232,188,0.386113058879201,0.4,0.31275352546722507,0.0,0.08333333333333333,0.5073529411764706,1.0,0.0,1.0
4,baseline_plus_sitehash32,per_site,LinearTS,"lam=0.1,sigma=0.5",train,232,193,0.38194274158671726,0.3333333333333333,0.3167604850563406,0.0,0.14285714285714285,0.5454545454545454,1.0,0.0,1.0
4,baseline_plus_sitehash32,per_site,LinearTS,"lam=0.1,sigma=1.0",test,232,188,0.38565931743287507,0.4,0.31247241055847635,0.0,0.08333333333333333,0.5073529411764706,1.0,0.0,1.0
4,baseline_plus_sitehash32,per_site,LinearTS,"lam=0.1,sigma=1.0",train,232,193,0.3817838573297329,0.3333333333333333,0.31648754642163585,0.0,0.14285714285714285,0.5384615384615384,1.0,0.0,1.0
4,baseline_plus_sitehash32,per_site,LinearTS,"lam=1.0,sigma=0.1",test,232,188,0.3853351191503465,0.3911764705882353,0.31550976827261024,0.0,0.08333333333333333,0.5714285714285714,1.0,0.0,1.0
4,baseline_plus_sitehash32,per_site,LinearTS,"lam=1.0,sigma=0.1",train,232,193,0.38213221120335916,0.3333333333333333,0.31191609805817694,0.0,0.15384615384615385,0.5454545454545454,1.0,0.0,1.0
4,baseline_plus_sitehash32,per_site,LinearTS,"lam=1.0,sigma=0.5",test,232,188,0.3821108473789168,0.4,0.3134545544340568,0.0,0.08333333333333333,0.5073529411764706,1.0,0.0,1.0
4,baseline_plus_sitehash32,per_site,LinearTS,"lam=1.0,sigma=0.5",train,232,193,0.3844587385065334,0.3333333333333333,0.31663070279083716,0.0,0.14285714285714285,0.5714285714285714,1.0,0.0,1.0
4,baseline_plus_sitehash32,per_site,LinearTS,"lam=1.0,sigma=1.0",test,232,188,0.38435155941691834,0.4,0.31336355244295705,0.0,0.09583333333333334,0.5073529411764706,1.0,0.0,1.0
4,baseline_plus_sitehash32,per_site,LinearTS,"lam=1.0,sigma=1.0",train,232,193,0.383117885259871,0.3333333333333333,0.31639388715707156,0.0,0.14285714285714285,0.5555555555555556,1.0,0.0,1.0
4,baseline_plus_sitehash32,per_site,LinearTS,"lam=10.0,sigma=0.1",test,232,188,0.3875341239881561,0.3875,0.3167812160625395,0.0,0.12375,0.5572916666666667,1.0,0.0,1.0
4,baseline_plus_sitehash32,per_site,LinearTS,"lam=10.0,sigma=0.1",train,232,193,0.38827355174967926,0.3333333333333333,0.31679260322392366,0.0,0.13636363636363635,0.5882352941176471,1.0,0.0,1.0
4,baseline_plus_sitehash32,per_site,LinearTS,"lam=10.0,sigma=0.5",test,232,188,0.3842877448677932,0.4,0.3147743584797118,0.0,0.0899209486166008,0.5714285714285714,1.0,0.0,1.0
4,baseline_plus_sitehash32,per_site,LinearTS,"lam=10.0,sigma=0.5",train,232,193,0.3822101743749769,0.3333333333333333,0.31393149553776717,0.0,0.14285714285714285,0.5555555555555556,1.0,0.0,1.0
4,baseline_plus_sitehash32,per_site,LinearTS,"lam=10.0,sigma=1.0",test,232,188,0.38459415398328034,0.4,0.31442555019507246,0.0,0.08818181818181818,0.5714285714285714,1.0,0.0,1.0
4,baseline_plus_sitehash32,per_site,LinearTS,"lam=10.0,sigma=1.0",train,232,193,0.38111278082214134,0.3333333333333333,0.3176578320022119,0.0,0.13333333333333333,0.5555555555555556,1.0,0.0,1.0
4,baseline_plus_sitehash32,per_site,RandomPolicy,,test,232,198,0.3475286298037729,0.3333333333333333,0.3093022623558933,0.0,0.0,0.5437062937062936,0.75,0.0,1.0
4,baseline_plus_sitehash32,per_site,RandomPolicy,,train,232,204,0.4005883958753906,0.35857142857142854,0.30711425075524657,0.0,0.1607142857142857,0.6,0.9571428571428595,0.0,1.0
4,baseline_plus_sitehash32,pooled,LinUCB,alpha=0.1,test,232,211,0.3708535861679463,0.3333333333333333,0.3331583979917866,0.0,0.0,0.5714285714285714,1.0,0.0,1.0
4,baseline_plus_sitehash32,pooled,LinUCB,alpha=0.1,train,1,1,0.37691794529686456,0.37691794529686456,0.0,0.37691794529686456,0.37691794529686456,0.37691794529686456,0.37691794529686456,0.37691794529686456,0.37691794529686456
4,baseline_plus_sitehash32,pooled,LinUCB,alpha=0.5,test,232,211,0.3672505848776063,0.3333333333333333,0.3327317936246161,0.0,0.0,0.5555555555555556,1.0,0.0,1.0
4,baseline_plus_sitehash32,pooled,LinUCB,alpha=0.5,train,1,1,0.3632538569424965,0.3632538569424965,0.0,0.3632538569424965,0.3632538569424965,0.3632538569424965,0.3632538569424965,0.3632538569424965,0.3632538569424965
4,baseline_plus_sitehash32,pooled,LinUCB,alpha=1.0,test,232,211,0.3676546878353378,0.3333333333333333,0.3316417049615912,0.0,0.0,0.5555555555555556,1.0,0.0,1.0
4,baseline_plus_sitehash32,pooled,LinUCB,alpha=1.0,train,1,1,0.3804347826086957,0.3804347826086957,0.0,0.3804347826086957,0.3804347826086957,0.3804347826086957,0.3804347826086957,0.3804347826086957,0.3804347826086957
4,baseline_plus_sitehash32,pooled,LinUCB,alpha=2.0,test,232,211,0.3686847608689675,0.3333333333333333,0.33200860254124737,0.0,0.0,0.5555555555555556,1.0,0.0,1.0
4,baseline_plus_sitehash32,pooled,LinUCB,alpha=2.0,train,1,1,0.379382889200561,0.379382889200561,0.0,0.379382889200561,0.379382889200561,0.379382889200561,0.379382889200561,0.379382889200561,0.379382889200561
4,baseline_plus_sitehash32,pooled,LinearTS,"lam=0.1,sigma=0.1",test,232,188,0.3858170104138094,0.4,0.3155886778846861,0.0,0.08333333333333333,0.5497159090909091,1.0,0.0,1.0
4,baseline_plus_sitehash32,pooled,LinearTS,"lam=0.1,sigma=0.1",train,1,1,0.3621480026195154,0.3621480026195154,0.0,0.3621480026195154,0.3621480026195154,0.3621480026195154,0.3621480026195154,0.3621480026195154,0.3621480026195154
4,baseline_plus_sitehash32,pooled,LinearTS,"lam=0.1,sigma=0.5",test,232,188,0.386113058879201,0.4,0.31275352546722507,0.0,0.08333333333333333,0.5073529411764706,1.0,0.0,1.0
4,baseline_plus_sitehash32,pooled,LinearTS,"lam=0.1,sigma=0.5",train,1,1,0.38136729222520105,0.38136729222520105,0.0,0.38136729222520105,0.38136729222520105,0.38136729222520105,0.38136729222520105,0.38136729222520105,0.38136729222520105
4,baseline_plus_sitehash32,pooled,LinearTS,"lam=0.1,sigma=1.0",test,232,188,0.38565931743287507,0.4,0.31247241055847635,0.0,0.08333333333333333,0.5073529411764706,1.0,0.0,1.0
4,baseline_plus_sitehash32,pooled,LinearTS,"lam=0.1,sigma=1.0",train,1,1,0.3864104323953329,0.3864104323953329,0.0,0.3864104323953329,0.3864104323953329,0.3864104323953329,0.3864104323953329,0.3864104323953329,0.3864104323953329
4,baseline_plus_sitehash32,pooled,LinearTS,"lam=1.0,sigma=0.1",test,232,188,0.3853351191503465,0.3911764705882353,0.31550976827261024,0.0,0.08333333333333333,0.5714285714285714,1.0,0.0,1.0
4,baseline_plus_sitehash32,pooled,LinearTS,"lam=1.0,sigma=0.1",train,1,1,0.3954802259887006,0.3954802259887006,0.0,0.3954802259887006,0.3954802259887006,0.3954802259887006,0.3954802259887006,0.3954802259887006,0.3954802259887006
4,baseline_plus_sitehash32,pooled,LinearTS,"lam=1.0,sigma=0.5",test,232,188,0.3821108473789168,0.4,0.3134545544340568,0.0,0.08333333333333333,0.5073529411764706,1.0,0.0,1.0
4,baseline_plus_sitehash32,pooled,LinearTS,"lam=1.0,sigma=0.5",train,1,1,0.38372093023255816,0.38372093023255816,0.0,0.38372093023255816,0.38372093023255816,0.38372093023255816,0.38372093023255816,0.38372093023255816,0.38372093023255816
4,baseline_plus_sitehash32,pooled,LinearTS,"lam=1.0,sigma=1.0",test,232,188,0.38435155941691834,0.4,0.31336355244295705,0.0,0.09583333333333334,0.5073529411764706,1.0,0.0,1.0
4,baseline_plus_sitehash32,pooled,LinearTS,"lam=1.0,sigma=1.0",train,1,1,0.38461538461538464,0.38461538461538464,0.0,0.38461538461538464,0.38461538461538464,0.38461538461538464,0.38461538461538464,0.38461538461538464,0.38461538461538464
4,baseline_plus_sitehash32,pooled,LinearTS,"lam=10.0,sigma=0.1",test,232,188,0.3875341239881561,0.3875,0.3167812160625395,0.0,0.12375,0.5572916666666667,1.0,0.0,1.0
4,baseline_plus_sitehash32,pooled,LinearTS,"lam=10.0,sigma=0.1",train,1,1,0.3921815889029004,0.3921815889029004,0.0,0.3921815889029004,0.3921815889029004,0.3921815889029004,0.3921815889029004,0.3921815889029004,0.3921815889029004
4,baseline_plus_sitehash32,pooled,LinearTS,"lam=10.0,sigma=0.5",test,232,188,0.3842877448677932,0.4,0.3147743584797118,0.0,0.0899209486166008,0.5714285714285714,1.0,0.0,1.0
4,baseline_plus_sitehash32,pooled,LinearTS,"lam=10.0,sigma=0.5",train,1,1,0.3945666235446313,0.3945666235446313,0.0,0.3945666235446313,0.3945666235446313,0.3945666235446313,0.3945666235446313,0.3945666235446313,0.3945666235446313
4,baseline_plus_sitehash32,pooled,LinearTS,"lam=10.0,sigma=1.0",test,232,188,0.38459415398328034,0.4,0.31442555019507246,0.0,0.08818181818181818,0.5714285714285714,1.0,0.0,1.0
4,baseline_plus_sitehash32,pooled,LinearTS,"lam=10.0,sigma=1.0",train,1,1,0.37158105403602404,0.37158105403602404,0.0,0.37158105403602404,0.37158105403602404,0.37158105403602404,0.37158105403602404,0.37158105403602404,0.37158105403602404
4,baseline_plus_sitehash32,pooled,RandomPolicy,,test,232,198,0.3475286298037729,0.3333333333333333,0.3093022623558933,0.0,0.0,0.5437062937062936,0.75,0.0,1.0
4,baseline_plus_sitehash32,pooled,RandomPolicy,,train,1,1,0.3575031525851198,0.3575031525851198,0.0,0.3575031525851198,0.3575031525851198,0.3575031525851198,0.3575031525851198,0.3575031525851198,0.3575031525851198
